source,target,weight,p_value
Androgen,TMPRSS2,11.4906307374,2.38480595753e-47
Androgen,NKX3-1,10.6225511027,2.20510249279e-44
Androgen,MBOAT2,10.4727329721,4.63237583753e-44
Androgen,KLK2,10.176185878,1.94440984116e-40
Androgen,C1orf116,11.3868523945,2.79021042494e-40
Androgen,SLC38A4,7.36380493768,1.25307123795e-39
Androgen,MTMR9,6.13064559946,2.53440310636e-38
Androgen,ZBTB16,10.6144369438,1.56715241732e-36
Androgen,KCNN2,9.4731988889,7.71187197616e-36
Androgen,OPRK1,-5.62607353634,1.11424476068e-35
Androgen,ADAM7,3.11174530687,3.11445587816e-32
Androgen,ABCC4,9.37428478112,2.00952123408e-31
Androgen,MYBPC1,4.60857869284,6.80727789424e-31
Androgen,EAF2,6.94490738852,7.84196439434e-31
Androgen,KLK3,14.6068407674,9.1960446294e-31
Androgen,FAM105A,7.7082177175,3.93720268298e-30
Androgen,PEX10,5.74946026182,1.41057071519e-29
Androgen,SI,-5.79500307445,3.98607715937e-29
Androgen,SNAI2,19.8215089854,8.15238863253e-29
Androgen,CAMKK2,3.73954403123,2.59013000998e-28
Androgen,BMPR1B,4.63408450531,6.18286300539e-28
Androgen,F5,6.087825897,1.20477649211e-27
Androgen,LIFR,8.6125146918,1.13344863945e-26
Androgen,MAK,5.31367285271,4.17686469859e-26
Androgen,GNMT,5.67263863695,9.32638494399e-25
Androgen,MPC2,5.88831328709,1.22053441289e-24
Androgen,CTNNA2,3.86912654352,1.5381996097e-24
Androgen,CLDN8,7.82616312833,3.29816151774e-24
Androgen,LRRFIP2,4.14418717192,1.81210483807e-23
Androgen,LRRC31,-5.18102258915,2.47859457194e-23
Androgen,LPAR3,5.84827847574,6.07583983209e-23
Androgen,SLC15A2,5.13992665138,6.74975732461e-23
Androgen,ELL2,6.5675774538,1.36336902078e-22
Androgen,IGF1R,5.01152202997,1.45270633533e-21
Androgen,DNM1L,4.18867959332,2.1356182018e-21
Androgen,LRIG1,6.62607205612,3.99308941978e-21
Androgen,SLITRK3,-3.32064361336,1.5034623307e-20
Androgen,KCNMA1,3.54241990608,2.3839984073e-20
Androgen,NPPC,4.04611571241,7.79335202273e-20
Androgen,ELK4,2.73317183336,6.21306212193e-19
Androgen,MRPS18A,3.92493588807,9.54706820929e-19
Androgen,CBLL1,5.32543758834,1.08452613931e-18
Androgen,AFF3,2.48009244085,1.68953389635e-18
Androgen,SGK1,12.8168418138,2.05506325922e-18
Androgen,STK39,6.93412462041,2.08428874486e-18
Androgen,PMEPA1,10.9989122239,2.12761317132e-18
Androgen,MALT1,6.66978209415,2.36319782023e-18
Androgen,CDK8,-4.29086828336,2.51413222544e-18
Androgen,CROT,4.35830672292,2.72477608693e-18
Androgen,PGC,4.7496332151,4.11145422896e-18
Androgen,STEAP4,9.19433931111,6.51703930722e-18
Androgen,NSMAF,3.28454451793,6.95956498147e-18
Androgen,GPR63,-3.22759309882,1.30554753782e-17
Androgen,TLL1,-2.46391807731,1.59406591342e-17
Androgen,MAF,5.86387138398,1.8056603569e-17
Androgen,DHCR24,6.84300840294,2.68019688945e-17
Androgen,FRK,4.70024893522,2.99302199579e-17
Androgen,CENPN,8.49101673326,3.50287184032e-17
Androgen,SORD,5.77756578443,3.58729607104e-17
Androgen,IQGAP2,5.12448342846,5.28636917768e-17
Androgen,MPHOSPH9,5.10619862739,5.47269116011e-17
Androgen,HOXC13,-3.63425580489,8.30110521046e-17
Androgen,CHRNA2,3.3317016194,8.72289731002e-17
Androgen,CTBP1,-2.89217188229,9.90848209186e-17
Androgen,KLF15,2.83253408437,1.12346766139e-16
Androgen,ACSL3,8.25821358567,1.19060922689e-16
Androgen,TPD52,4.54571137515,3.18135992392e-16
Androgen,SPDEF,3.75095128457,3.4528428203e-16
Androgen,FZD5,4.68661955181,3.95334834012e-16
Androgen,GRIK1,-1.64651345517,6.57513780357e-16
Androgen,CSGALNACT1,6.84603443294,6.872220752e-16
Androgen,DNASE2B,3.01132858824,6.89044176442e-16
Androgen,PHF8,1.86964493558,1.20085732185e-15
Androgen,ARHGEF26,5.31107976025,1.57487578479e-15
Androgen,UAP1,7.62235942884,1.84488932249e-15
Androgen,ECI2,4.26810222296,2.08145832814e-15
Androgen,ADPRM,4.13348871896,2.44999510735e-15
Androgen,GRHL2,4.29572486397,3.23687418898e-15
Androgen,ENDOD1,6.51615227021,3.37749880923e-15
Androgen,NCAPD3,8.44090141153,7.14774480358e-15
Androgen,AZGP1,5.81835009695,8.18288355798e-15
Androgen,ACPP,-3.01472809845,9.00291293176e-15
Androgen,TSPAN3,-3.04694823602,1.12547644848e-14
Androgen,IGF1,2.68011765402,1.2751416508e-14
Androgen,PDE9A,2.90020939568,1.59121713278e-14
Androgen,SYTL2,-5.38953615735,1.70753611118e-14
Androgen,PPP2CB,2.35261800325,2.77063337755e-14
Androgen,MYNN,-2.91880437202,2.8020413312e-14
Androgen,RAB3B,4.39309957965,3.31498643161e-14
Androgen,SEC14L2,4.38852738911,3.44312983136e-14
Androgen,PSMD8,3.65732836091,3.63130513581e-14
Androgen,UBE2J1,3.76002103397,3.79580818639e-14
Androgen,FUT8,-4.40595359044,7.24871844689e-14
Androgen,PAK1IP1,7.6919315634,9.46159629764e-14
Androgen,MANEA,-4.00414637037,1.16701147392e-13
Androgen,GCG,-2.17133592689,1.25162965851e-13
Androgen,SELENOP,6.33678058131,1.28014635193e-13
Androgen,TRPM8,3.83541868895,1.47502166728e-13
Androgen,SCAP,2.92921089044,1.59470971519e-13
Androgen,MCCC2,2.80800480204,2.00838093529e-13
Androgen,NNMT,6.09032697311,2.16581961309e-13
Androgen,GREB1,5.56495649091,2.46032761119e-13
Androgen,ABHD2,5.229518364,2.71211216891e-13
Androgen,PNLIP,2.44136328553,3.39165013782e-13
Androgen,MAPK6,3.24653513246,3.75198904584e-13
Androgen,TNFAIP8,6.83059409493,4.63827179666e-13
Androgen,TMEM38B,-4.13283619758,6.11108164504e-13
Androgen,KALRN,-1.18918847198,6.46161953203e-13
Androgen,MPZL1,2.503403837,7.39867775201e-13
Androgen,ZBTB10,4.66305998722,1.08254288997e-12
Androgen,COLEC12,-3.87535587493,1.13932664369e-12
Androgen,DENND1B,-3.51973011425,1.34688526082e-12
Androgen,TRIM45,-2.4815293526,1.47711774545e-12
Androgen,RAB27A,4.18865850226,1.6075943172e-12
Androgen,GRB10,-4.89075851789,1.62730156786e-12
Androgen,AKAP5,2.36868028532,1.75172086517e-12
Androgen,SNRK,-2.28589368592,2.59253083265e-12
Androgen,KLK15,1.28276459453,2.68051284415e-12
Androgen,SAYSD1,-1.61029533463,2.91571786653e-12
Androgen,TRIM36,3.33793117497,3.10259993292e-12
Androgen,ORC5,3.28469858407,3.61241937669e-12
Androgen,PLA2G5,1.60273782257,3.72745254988e-12
Androgen,CHKA,3.74431578374,3.73027353164e-12
Androgen,ABCC1,3.44972478714,6.56043273517e-12
Androgen,PPP1CB,3.35835556015,7.79943658535e-12
Androgen,BARD1,-4.80969112827,8.86871155756e-12
Androgen,HEBP2,2.81694520151,9.40472773089e-12
Androgen,OLA1,2.33763911297,1.00332435749e-11
Androgen,TENM1,2.37952949137,1.14222825071e-11
Androgen,GALNT10,-2.97199575307,1.3077162187e-11
Androgen,CREBZF,-1.84097927528,1.71054008359e-11
Androgen,INPP4B,4.80451897788,1.73491156122e-11
Androgen,MAN1A1,-6.21456367095,1.88463483718e-11
Androgen,RARB,2.7037332567,2.41731168855e-11
Androgen,SLC43A1,4.03557670537,2.6367595862e-11
Androgen,PPFIBP2,2.94436167377,2.86685616907e-11
Androgen,ST6GALNAC5,-2.39871940096,3.08381303237e-11
Androgen,PCTP,3.41095116797,3.14637280802e-11
Androgen,PITX1,-2.68040248873,3.20819791436e-11
Androgen,IRS2,6.85366315869,3.68713737725e-11
Androgen,MYRIP,-3.01545080602,4.14787662831e-11
Androgen,FECH,2.56997936462,5.09483813931e-11
Androgen,SOCS2,4.66149336276,6.48113052058e-11
Androgen,MYCBP2,2.53763323677,6.53027187236e-11
Androgen,SLC35F2,4.53735066489,6.75325850211e-11
Androgen,MAPRE2,-1.92481153106,6.92422640553e-11
Androgen,TULP4,-3.19079944336,8.63412438326e-11
Androgen,ATP1A1,2.77926385092,8.64986323506e-11
Androgen,SEC24D,2.95807251287,8.94426526526e-11
Androgen,PTPN21,2.06260525556,8.98738220828e-11
Androgen,KCND2,2.76909126593,9.17071596519e-11
Androgen,TRPS1,-3.76135107079,9.5292660199e-11
Androgen,FICD,3.21752457891,1.21876322929e-10
Androgen,ZNF613,1.74072240514,1.42344587343e-10
Androgen,PFKFB2,1.89195656962,1.47337510425e-10
Androgen,TIPARP,8.33235975736,1.5252635249e-10
Androgen,EFCAB11,-1.68724970775,1.70710330324e-10
Androgen,CNGB3,1.07824343485,1.83849700174e-10
Androgen,ZBTB43,-3.14677333308,2.36331309999e-10
Androgen,SLC16A6,6.47193846835,2.4294971901e-10
Androgen,ATMIN,2.74457562546,2.55327143474e-10
Androgen,SPRYD7,2.27908159478,2.59445352034e-10
Androgen,NEDD4L,3.64754064957,2.7839986865e-10
Androgen,INSL5,-1.38488146249,3.42510466891e-10
Androgen,DBI,5.25429582369,3.52477165734e-10
Androgen,MAP9,3.21986327804,4.23833566163e-10
Androgen,DNAJB9,4.90128301361,4.62764475602e-10
Androgen,LIN7B,2.01617513997,4.71936084494e-10
Androgen,MID1,-3.30355895531,4.86415870237e-10
Androgen,PRKCH,3.08552297923,5.62547573566e-10
Androgen,LONRF1,2.31269620134,6.20524020213e-10
Androgen,NT5DC3,3.00507292311,7.39052299493e-10
Androgen,INTS8,-2.77270714922,7.42442628128e-10
Androgen,DIO1,-3.05812302105,7.58888543348e-10
Androgen,WNT7B,2.72154168855,8.47740270989e-10
Androgen,FAM110B,2.69257628281,8.53962453823e-10
Androgen,ZCCHC6,2.48455310046,8.8861592842e-10
Androgen,HPGD,7.53897406539,9.35964874494e-10
Androgen,AMIGO2,-8.63080529272,9.77793228786e-10
Androgen,CPEB3,2.40572209123,1.08410482486e-09
Androgen,TAPT1,-1.42027667075,1.25884572942e-09
Androgen,CARTPT,1.18448677234,1.26225342479e-09
Androgen,TGM3,-1.80271650331,1.28955521377e-09
Androgen,ZBBX,-1.67411043802,1.30661262069e-09
Androgen,EFHC2,-1.70612091232,1.31281897234e-09
Androgen,TEX2,3.29953815655,1.47027962719e-09
Androgen,MTOR,1.5902665705,1.54001481782e-09
Androgen,ACSM1,1.1669406865,1.54534035576e-09
Androgen,ABCG2,-4.0165473862,1.78800511312e-09
Androgen,DCAF6,2.66396654933,1.97802850057e-09
Androgen,APOF,-1.30792748615,2.15078706873e-09
Androgen,SPTLC3,-2.80921636126,2.22139689582e-09
Androgen,BBX,2.96983477776,2.43633895335e-09
Androgen,LCP1,3.69256277711,3.97017294135e-09
Androgen,SLC19A2,5.2802632482,4.40199668828e-09
Androgen,DEGS1,5.09409858841,4.61399204185e-09
Androgen,LTN1,-2.45145984002,4.94194318553e-09
Androgen,STK17B,3.69386229774,7.36006984696e-09
Androgen,SEC24B,2.81452395167,8.73806849154e-09
Androgen,ACACA,2.29560033323,1.10813681628e-08
Androgen,SSR1,2.21951608034,1.12046997343e-08
Androgen,PARVA,2.05191252043,1.1221109783e-08
Androgen,GNAI1,3.33506333071,1.1395099369e-08
Androgen,PNMA1,3.46477927765,1.45315982233e-08
Androgen,GCFC2,3.10998663403,1.54607639326e-08
Androgen,GUCY1A3,2.68468055138,1.63189739171e-08
Androgen,SLC12A6,-2.69364780416,1.82016878823e-08
Androgen,CNGA1,-1.62093538099,1.91306498206e-08
Androgen,C16orf45,-2.08985897544,2.0222593763e-08
Androgen,ARHGAP6,1.78568950794,2.02490139862e-08
Androgen,APPBP2,2.98388803447,2.11443223161e-08
Androgen,MYLK,-3.09341914654,2.13581500628e-08
Androgen,FZD3,-2.98379494341,2.16476583639e-08
Androgen,MICU1,-2.34111100285,2.59324577929e-08
Androgen,TNFRSF10B,2.9047619247,2.60829642091e-08
Androgen,BCAP29,2.12459040854,2.96716086527e-08
Androgen,SERP1,2.07945113128,3.53224328901e-08
Androgen,SERPINI1,-3.49727417709,4.17098333672e-08
Androgen,EHF,3.17740626045,4.19857055035e-08
Androgen,ZNF350,1.93306551564,4.25368142404e-08
Androgen,LUZP2,-1.72833458159,4.42180202536e-08
Androgen,HOXB13,-2.19614292827,4.43167582471e-08
Androgen,CNKSR2,1.81552916332,4.91129817119e-08
Androgen,CHPT1,2.70747417305,5.48538727506e-08
Androgen,CYTH1,2.05235658595,5.6930462741e-08
Androgen,ADGRV1,-1.04444493964,5.70030226047e-08
Androgen,BCHE,-3.7747380705,5.71775828861e-08
Androgen,PTBP2,-2.01737422916,5.75825848674e-08
Androgen,MTMR2,2.13646736344,5.90541622527e-08
Androgen,HSD17B11,3.38981276512,6.31347193847e-08
Androgen,SPOCK1,4.06659802779,6.44988195273e-08
Androgen,PRR15L,3.8148997976,6.65428457657e-08
Androgen,GMPPA,1.81423577606,7.14395755523e-08
Androgen,ANKH,2.8727763393,7.88276437149e-08
Androgen,WDR44,1.65933530683,7.905629638e-08
Androgen,RALB,-2.7136056361,8.08248407148e-08
Androgen,DGKH,-1.98986609522,8.39415248297e-08
Androgen,MAP7D1,2.53725242721,8.64867972696e-08
Androgen,ERP44,1.28062539593,8.89037360011e-08
Androgen,RNF43,-2.71153223536,9.61298563099e-08
Androgen,CCDC93,-1.70367008115,1.06753603046e-07
Androgen,RBFOX2,-1.41364504815,1.13280737203e-07
Androgen,KDELR2,2.30663488162,1.17267932479e-07
Androgen,LYVE1,5.51200140972,1.23335210972e-07
Androgen,ADAM22,-1.02603873533,1.26541474087e-07
Androgen,PKP4,-2.04715052488,1.42419587347e-07
Androgen,KLF5,5.16023531883,1.50653877522e-07
Androgen,ERN1,2.62980505762,1.56363609806e-07
Androgen,LPCAT4,-1.8180060553,1.57148314974e-07
Androgen,NDRG1,10.6219803008,1.77876606382e-07
Androgen,ATP11B,1.82642076165,1.91677268431e-07
Androgen,CREB3L2,2.1923341289,1.9841214138e-07
Androgen,HERPUD1,3.35136776356,2.0130880713e-07
Androgen,NAT1,4.36766134969,2.13500405012e-07
Androgen,SRP19,2.67846488051,2.17297957266e-07
Androgen,PLPPR1,-1.46434922314,2.19624795899e-07
Androgen,SYNJ1,2.07659998881,2.26903692841e-07
Androgen,GHR,4.77678266193,2.26910551446e-07
Androgen,HIPK2,2.87229300848,2.33741663806e-07
Androgen,TAOK3,2.08293403934,2.4991141314e-07
Androgen,NOVA1,-1.27304909761,2.73965494347e-07
Androgen,CCDC53,2.98918844982,2.74141415813e-07
Androgen,BMPR1A,2.36619063166,2.8370368289e-07
Androgen,DDX42,-1.7999277269,2.98177433095e-07
Androgen,ABCG1,-2.79240214286,3.10007934248e-07
Androgen,PRKCA,2.05003702997,3.28723828467e-07
Androgen,ZFHX3,1.59320191762,3.31475960841e-07
Androgen,NPC1,2.16840971584,3.33649690857e-07
Androgen,PRDX6,2.22400670798,3.55708423106e-07
Androgen,GPER1,-2.0719187497,3.70075139933e-07
Androgen,IL1R1,3.39643427486,3.70640908134e-07
Androgen,PDSS2,-0.9780308425,4.23969145741e-07
Androgen,EPB41L4B,1.34656840482,4.31854453016e-07
Androgen,GORASP2,1.92648208185,4.35307159684e-07
Androgen,FAM198B,-5.301028616,4.39698459522e-07
Androgen,MYH10,-2.59813156103,4.57770600059e-07
Androgen,TP53TG1,2.80814182157,4.73184039949e-07
Androgen,PLPP2,-2.17133442791,5.72784728718e-07
Androgen,SLC20A2,-2.31873600468,5.73913412356e-07
Androgen,COBL,-2.28704554045,5.9238907814e-07
Androgen,PAK1,-1.93543786313,6.93846766688e-07
Androgen,TMEM47,3.5903229101,7.16906054674e-07
Androgen,CDC42EP3,4.79784377384,7.17272197501e-07
Androgen,ERGIC2,1.84324988036,7.35709057142e-07
Androgen,NDUFV1,-1.29549843003,7.38465978704e-07
Androgen,RNFT2,-1.86742520312,7.44166907256e-07
Androgen,TSPAN5,-2.38404860756,7.5133958243e-07
Androgen,SEMA6A,-2.61147346288,7.52584668261e-07
Androgen,SC5D,2.37507635146,7.95021762114e-07
Androgen,CAMK1D,-1.85267427864,8.02723374675e-07
Androgen,SLC44A1,-2.28323607657,8.24519845671e-07
Androgen,SAP30,1.91996836724,8.65170325637e-07
Androgen,REPS2,2.44558558873,8.76710841411e-07
Androgen,RREB1,0.910165100939,8.83479799095e-07
Androgen,LRCH1,1.95417863244,9.15652610879e-07
Androgen,THRB,2.04653988374,9.15798469394e-07
Androgen,STK3,-1.74725434012,9.755003342e-07
Androgen,PTPRR,-3.4979980752,9.97050014458e-07
Androgen,SMPD2,2.00896147935,1.00839506967e-06
Androgen,UQCC1,-1.39363356804,1.04468750045e-06
Androgen,CLGN,3.62954455627,1.09429234571e-06
Androgen,PGM3,2.4241280143,1.11737523604e-06
Androgen,ACAD8,3.0277185672,1.16683194345e-06
Androgen,NKX3-2,1.76403636014,1.22011523527e-06
Androgen,SASH1,3.66820299125,1.22223905775e-06
Androgen,IFT57,1.94700381559,1.22888549239e-06
Androgen,PKNOX2,-1.32581044489,1.29186597884e-06
Androgen,ABCA12,-3.34489595237,1.29560989453e-06
Androgen,KCTD3,2.75470943233,1.3133250189e-06
Androgen,MANBA,-3.14232844368,1.31393763599e-06
Androgen,PTRH2,2.58174571209,1.4021581544e-06
Androgen,PPFIBP1,1.7948038176,1.48919600775e-06
Androgen,SLCO2A1,5.01610967418,1.5132980557e-06
Androgen,MYT1,-0.852577333297,1.53225744851e-06
Androgen,CYP11A1,1.36259409182,1.65881890617e-06
Androgen,COL5A2,-3.26048054969,1.69698024906e-06
Androgen,SLC5A1,-1.11726984812,1.71786225064e-06
Androgen,SH3D21,1.6012014506,1.83618336312e-06
Androgen,SH3BGRL,2.98099523532,1.91345016638e-06
Androgen,PATZ1,-1.32234957103,1.93031429513e-06
Androgen,CMC2,3.9173087043,1.95103262739e-06
Androgen,NFKBIA,5.74180310867,2.04146327523e-06
Androgen,GLRX2,3.39230202975,2.05691072483e-06
Androgen,RLN1,1.56340172333,2.17440532623e-06
Androgen,TMEM39A,1.56477586261,2.20506679132e-06
Androgen,MCTP1,-2.83604569655,2.29785808376e-06
Androgen,VCL,2.29361215586,2.34227078966e-06
Androgen,RNF2,1.26647233426,2.40102937008e-06
Androgen,ELOVL2,3.25766334433,2.40793186666e-06
Androgen,C5orf30,-3.24537763906,2.40826241169e-06
Androgen,GARNL3,-0.888274764513,2.41626611465e-06
Androgen,ATXN2,1.70148300199,2.4245563698e-06
Androgen,UBE2E1,1.67457030253,2.48587586369e-06
Androgen,ALDH1A3,4.43114339872,2.51005603687e-06
Androgen,UBE2D1,1.90503417699,2.55701047198e-06
Androgen,CNTNAP2,1.26361818559,2.65902745631e-06
Androgen,RNF34,-1.67868098742,2.70342663705e-06
Androgen,HSPA1L,-1.2612516092,2.92311622459e-06
Androgen,SPATA2,1.51318119474,3.08557693132e-06
Androgen,OSR2,-4.56827905681,3.08885853913e-06
Androgen,FADS2,2.06872181242,3.10295153211e-06
Androgen,NFIB,2.30094541452,3.15706478437e-06
Androgen,HTATSF1,-1.79349420624,3.24271439934e-06
Androgen,ABCA1,-2.17659776811,3.25400857056e-06
Androgen,LAT2,1.31397922648,3.45844544261e-06
Androgen,GOLGA5,2.0963539887,3.46531477059e-06
Androgen,CRISP3,2.19948128157,3.57346599706e-06
Androgen,SKIV2L2,-1.6185574943,3.88267521624e-06
Androgen,ADRA2A,2.14815091726,3.89704189501e-06
Androgen,FRYL,1.94557704994,3.9868086128e-06
Androgen,EDEM3,3.21369067855,4.22764956319e-06
Androgen,POU2F3,-1.20463967146,4.32470599389e-06
Androgen,ST3GAL1,-3.07196513259,4.41871309503e-06
Androgen,CXorf57,-1.29513404577,4.47503776528e-06
Androgen,RAP1B,-2.16653196987,4.48918526373e-06
Androgen,SSR3,2.73784886452,4.5704407825e-06
Androgen,LAMC1,2.47045097424,4.93162812728e-06
Androgen,GBF1,1.53913611544,5.05400727773e-06
Androgen,STYK1,2.16289852081,5.06584536466e-06
Androgen,DMRT1,-1.21509818562,5.19886759279e-06
Androgen,ARHGAP1,1.11078879561,5.24398919517e-06
Androgen,SLC25A37,2.27953485629,5.40109158433e-06
Androgen,COQ7,-1.35242134205,5.48664286304e-06
Androgen,USO1,1.91862489583,5.54010479409e-06
Androgen,OSBP,1.17202345622,5.80031113877e-06
Androgen,DSC1,1.81917593502,6.09389349433e-06
Androgen,PRPF6,-1.63688792209,6.25101281901e-06
Androgen,EXTL2,2.63858591092,6.41014668361e-06
Androgen,KIF5B,-2.02800457177,6.53658440967e-06
Androgen,FKBP11,2.00970146561,6.75476512005e-06
Androgen,SPCS3,2.37425422654,6.78633547542e-06
Androgen,PIK3R3,-2.79861738753,6.80213533353e-06
Androgen,AFG3L2,-1.29493902484,7.48234651567e-06
Androgen,PIK3C2A,1.77358859402,7.63683556391e-06
Androgen,MECOM,-1.07760781435,7.6443629964e-06
Androgen,NANS,1.74826042938,7.68514816282e-06
Androgen,GLE1,-1.05504455942,7.72146154788e-06
Androgen,DYM,1.39763637975,8.05927144934e-06
Androgen,OSGEP,-1.28470297932,8.1518309389e-06
Androgen,SART3,-1.37017391415,8.16403285327e-06
Androgen,ZNF532,2.26921353171,8.54424863374e-06
Androgen,RNF14,1.84071340457,9.06184073106e-06
Androgen,WDR41,1.29572675635,9.28546877752e-06
Androgen,ANP32E,-2.97005547531,9.34604949211e-06
Androgen,ABI3BP,2.82200625333,9.35503581037e-06
Androgen,LRRC6,-1.34379469162,9.35864197312e-06
Androgen,KLHL36,1.35341328677,9.40487581819e-06
Androgen,CAND1,-1.18626061903,9.5325393678e-06
Androgen,MEAF6,1.52925940301,9.55756124808e-06
Androgen,SCYL3,-2.23392489312,9.68764070784e-06
Androgen,CAB39L,1.82075154211,1.0032618239e-05
Androgen,DLG2,1.22239699487,1.0352920812e-05
Androgen,HUS1,1.29157024604,1.05103410872e-05
Androgen,KLHL29,1.01163069907,1.06370990919e-05
Androgen,LGALS8,-1.91440180951,1.06960324384e-05
Androgen,ENC1,-4.18510928668,1.07546611814e-05
Androgen,SWAP70,-1.83178578403,1.07630261208e-05
Androgen,TWISTNB,2.04836033177,1.08107240942e-05
Androgen,WLS,-2.95958326649,1.10106692225e-05
Androgen,DERL1,1.29350036111,1.12069217435e-05
Androgen,RNF41,1.67079192985,1.13368431761e-05
Androgen,ANGPT2,2.11156114607,1.17153378297e-05
Androgen,ZNF652,2.90515742379,1.1729870627e-05
Androgen,ATP2B1,-3.85982677056,1.18688288092e-05
Androgen,ZNF589,1.26681980464,1.22668249463e-05
Androgen,SEC24A,2.50857888978,1.25274746863e-05
Androgen,TRIM33,1.58914729298,1.29432282527e-05
Androgen,MAOA,3.4302033137,1.2999820391e-05
Androgen,NEK1,-1.53574939549,1.30202854497e-05
Androgen,NSDHL,2.17067766992,1.42264480332e-05
Androgen,HNRNPH1,-1.56529679109,1.45187663347e-05
Androgen,REEP1,-2.64175533295,1.45528562929e-05
Androgen,MOGAT2,0.871803222852,1.45887124286e-05
Androgen,SSR2,1.68625946996,1.4657547652e-05
Androgen,ADPGK,1.32114077473,1.46715843392e-05
Androgen,PELI2,-1.72686778639,1.46776106868e-05
Androgen,COQ6,-1.29203960713,1.47545979608e-05
Androgen,CD2AP,1.61934708626,1.52587176509e-05
Androgen,CAP2,2.12070642668,1.52797651878e-05
Androgen,PDS5B,1.252724399,1.54711942397e-05
Androgen,ADGRB2,-1.36787265021,1.57776811618e-05
Androgen,EXTL3,-1.12969869198,1.58491929874e-05
Androgen,LASP1,-2.18529807928,1.65029905681e-05
Androgen,MICAL2,2.40406590059,1.658244414e-05
Androgen,OSBPL8,2.04790607767,1.67631117283e-05
Androgen,FLOT2,-1.53015357928,1.70305038275e-05
Androgen,TBC1D4,3.08707216089,1.74510953027e-05
Androgen,ITGAV,2.94299097459,1.76180722606e-05
Androgen,NCBP2,-1.42867473033,1.76240926779e-05
Androgen,CSNK1G3,1.46793301305,1.83819293529e-05
Androgen,FBXW2,1.16803375055,1.8404530089e-05
Androgen,DNAJC10,1.96290478864,1.86617639725e-05
Androgen,ATP8A1,-1.671390289,1.87944817451e-05
Androgen,RGS10,-1.6670708804,1.89343049609e-05
Androgen,FFAR2,-2.37564689974,1.91784640533e-05
Androgen,HFE,-1.04039616653,1.92309378647e-05
Androgen,TBC1D8,3.76201874154,1.97185267717e-05
Androgen,BBS4,1.89324943451,2.00200893768e-05
Androgen,PART1,1.35009408113,2.03463388534e-05
Androgen,ZBTB1,1.95299855577,2.1331795123e-05
Androgen,FAM206A,1.55815600382,2.16900999289e-05
Androgen,LIMCH1,2.60616794397,2.21788320741e-05
Androgen,EVC,-0.919400897505,2.27239007157e-05
Androgen,REXO2,-1.79135638657,2.27885564797e-05
Androgen,PLA2G2A,-2.63034197809,2.3264629906e-05
Androgen,HIST1H4E,-1.90367878596,2.543595442e-05
Androgen,KIAA0922,-2.01299325497,2.54887775447e-05
Androgen,CALU,2.26890236835,2.59112708606e-05
Androgen,WWP1,2.35337668169,2.60954535501e-05
Androgen,TXLNGY,1.05398910945,2.6221295377e-05
Androgen,TDP1,-1.55964295371,2.67287314529e-05
Androgen,COPB1,1.37259053398,2.96457568741e-05
Androgen,MCPH1,1.02159524333,2.99152902294e-05
Androgen,IL20RA,1.25559386223,3.02633751035e-05
Androgen,M6PR,-1.94361893877,3.06442116433e-05
Androgen,PCNX2,1.06710295147,3.14814618279e-05
Androgen,ZFYVE16,1.68422968036,3.19024102157e-05
Androgen,BAMBI,-5.31086204799,3.20216895641e-05
Androgen,PIGH,1.59607512026,3.21533091185e-05
Androgen,FDFT1,2.52991946893,3.22454142968e-05
Androgen,TMEM106C,-2.0675965848,3.37799429743e-05
Androgen,KCNS3,-2.80847494041,3.44114796986e-05
Androgen,KMT5A,1.80941173448,3.48144380395e-05
Androgen,KCNJ3,-1.18024335711,3.655293025e-05
Androgen,C1orf115,-1.53731981919,3.66346159191e-05
Androgen,SRGAP3,-1.02827623635,3.69158064932e-05
Androgen,FAM107A,0.965037839864,3.72444216212e-05
Androgen,HERC1,-1.27596977763,3.77572475371e-05
Androgen,TRIM24,1.08049131343,3.81746442646e-05
Androgen,RGS17,-2.46073888849,3.98526157772e-05
Androgen,THUMPD1,1.83558275843,4.10497686125e-05
Androgen,MARCH5,1.58873271431,4.14222866626e-05
Androgen,RAP2B,-1.94428427368,4.25097146708e-05
Androgen,BAZ1B,-0.97929072399,4.26179560108e-05
Androgen,CTC1,-0.997145712573,4.29981188605e-05
Androgen,CCNK,1.37338320053,4.33167461292e-05
Androgen,TEK,0.978002988939,4.41266764602e-05
Androgen,DPP4,2.01413723404,4.42088344898e-05
Androgen,FASN,1.87435617765,4.55133320988e-05
Androgen,MAGI1,-0.84517476793,4.67333215095e-05
Androgen,HDAC1,-1.81626173602,4.71934172591e-05
Androgen,NET1,-3.02582828947,4.80142777465e-05
Androgen,TMEM132A,-1.19770420348,5.03396839835e-05
Androgen,ACADL,0.875078928933,5.17353899589e-05
Androgen,DEPTOR,-2.70606496499,5.17993413369e-05
Androgen,TSPAN15,-1.88944098815,5.18029061397e-05
Androgen,HMGCR,3.84362241775,5.26245144399e-05
Androgen,KDM5A,-1.51454600267,5.30576054272e-05
Androgen,ATP6V1H,-1.08603409244,5.41234236325e-05
Androgen,DCTN1,-1.27396024399,5.42108550585e-05
Androgen,TSPAN9,-0.931832320894,5.6590632204e-05
Androgen,SPINT2,-1.57358081456,5.66500547038e-05
Androgen,CDC42BPA,1.09837671553,5.75264265665e-05
Androgen,TG,1.00747757915,5.83944841055e-05
Androgen,WDYHV1,2.02195689009,5.94978420885e-05
Androgen,TNFRSF21,-4.09961156742,6.0622009402e-05
Androgen,NAB1,-1.77573067281,6.15440538083e-05
Androgen,CRYM,1.51677492486,6.2884647059e-05
Androgen,EHMT2,-1.02186388128,6.30284707979e-05
Androgen,TMED10,1.57260682742,6.44683252297e-05
EGFR,LZTFL1,-1.8738769292529627,2.080995548762294e-18
EGFR,PHLDA2,3.5051383414014112,2.053062436098272e-17
EGFR,DUSP6,12.629312588446037,6.537323955474059e-17
EGFR,DUSP5,7.943039506997307,6.866690049500148e-17
EGFR,PHLDA1,6.619626128742468,3.410693294717719e-16
EGFR,CRIPT,-2.0449378698683227,3.778131324577679e-16
EGFR,DUSP4,6.967179671474087,5.487505765913519e-16
EGFR,EPHA2,5.4111841020654285,6.199382974586766e-16
EGFR,MCCC1,-2.17032352979398,3.200006132629977e-15
EGFR,HAS3,2.923737765119489,4.898721373155214e-15
EGFR,VAV3,-3.386485036216109,5.0496118788377256e-15
EGFR,LOC728061,-4.442776001108579,5.625323640771231e-15
EGFR,FOSL1,7.647829795338416,6.806464968351956e-15
EGFR,SENP7,-2.1103437828969924,1.0328673053197286e-14
EGFR,BZW1,2.746151949488983,1.0816093980751853e-14
EGFR,EGR4,2.9530763854223228,3.1981002741912816e-14
EGFR,POT1,-1.8333008584025585,4.841245808078872e-14
EGFR,LAMC2,3.9201157234022683,6.321007945177381e-14
EGFR,ATG2B,-1.6455804469932764,7.205704250703704e-14
EGFR,NR1D2,-3.0832724486774854,7.311224348436502e-14
EGFR,LARP7,-0.9170774557824304,1.2447288402888332e-13
EGFR,MYO1A,0.9947781195140429,1.3820856309445127e-13
EGFR,GOLPH3L,-2.7415248706060975,1.6256791477257214e-13
EGFR,KIAA1522,-2.506941467337292,1.8561881207327256e-13
EGFR,ADORA1,1.2678100083900095,2.695409213643443e-13
EGFR,RABGAP1,-1.2694002588993438,2.6958142255750555e-13
EGFR,SYF2,-1.4076357524680667,3.1371431039991696e-13
EGFR,BBIP1,-1.184318958232922,3.5927451379405497e-13
EGFR,PCMTD2,-2.1953754463259614,4.0342454296900035e-13
EGFR,CHRNA10,0.689980899769992,4.678049281274496e-13
EGFR,KIAA0430,-2.2984685174468558,4.76513789509986e-13
EGFR,FAM134C,-2.1223177844002925,5.555497318038874e-13
EGFR,PNP,4.643619941645966,5.975321665693824e-13
EGFR,ATXN3,-1.2742786737691196,6.115840121533756e-13
EGFR,ETFDH,-1.668458754983148,6.390856683559881e-13
EGFR,SPOCD1,4.295689401219409,6.905648141912749e-13
EGFR,NBR1,-1.997203364164864,1.1358566550996503e-12
EGFR,TRIB1,3.917794383276805,1.1973903561509756e-12
EGFR,ELF2,-1.3429287000126269,1.2698948043696344e-12
EGFR,PLEK2,3.4392569636028694,1.4464428755858156e-12
EGFR,CLDN8,-2.018707848487331,1.9898873907603383e-12
EGFR,ZNF224,-1.3973098554739216,2.0746794737339123e-12
EGFR,CBARP,0.9794424786218807,2.5590335902141e-12
EGFR,RNF146,-2.1708211640021235,2.582500040181218e-12
EGFR,EAPP,-2.2398997303308854,2.724263973594626e-12
EGFR,BSDC1,-1.2693689680961624,2.7954697879657975e-12
EGFR,RAB33B,-1.7836428159636903,3.049075733086697e-12
EGFR,DPY19L1P1,-1.34731132585061,3.3433238617287907e-12
EGFR,MBTPS1,-1.4066013754786937,3.4606663898361507e-12
EGFR,MDFI,1.1601090725994416,4.064011239846541e-12
EGFR,KCNF1,1.5758757301367112,4.139417919054291e-12
EGFR,RBM48,-1.0537742383023745,4.164230758709811e-12
EGFR,VPS9D1-AS1,1.6017470092888213,4.985199792793992e-12
EGFR,KLHDC2,-3.593929654559083,5.336253791263421e-12
EGFR,AEN,2.987402897428214,5.3670655532329465e-12
EGFR,PWP2,1.1724883837862146,5.592256050068026e-12
EGFR,DYNC2LI1,-1.4302386019583069,6.1040572147944295e-12
EGFR,CCDC28A,-3.1018147713203996,6.800547308050611e-12
EGFR,EFHC1,-2.0346036601314106,7.09856302903863e-12
EGFR,XRCC3,1.487957075070578,7.443976695509594e-12
EGFR,SPATA2L,1.7564976683917297,7.557238649548598e-12
EGFR,SLC45A3,1.902438901805597,8.612087450169518e-12
EGFR,WDR19,-1.4937894240640512,8.978147833820484e-12
EGFR,TRH,0.7719646613807655,9.407463598375554e-12
EGFR,TMEM59,-1.864066426580397,9.424570780396212e-12
EGFR,CEPT1,-0.9945937341242642,1.2027884769467303e-11
EGFR,ZNF75D,-1.3158194734458744,1.4412896791086564e-11
EGFR,TUBB4B,4.084510207636249,1.6563049793219292e-11
EGFR,HMOX2,1.7196379725677713,1.7181624062144987e-11
EGFR,ODC1,4.678550828963831,1.7276539727449614e-11
EGFR,EXD3,0.7799245134709468,1.750103723577542e-11
EGFR,RCOR3,-1.6707723934808358,1.7571456603383403e-11
EGFR,TUBB7P,0.9968791702314532,1.9018422437217925e-11
EGFR,ZNF350,-1.2635000674740438,2.1643722690592303e-11
EGFR,DCAF13,1.4342329570502361,2.2202644369316966e-11
EGFR,N4BP2L2,-1.5940146460304414,2.3300352730616962e-11
EGFR,AJUBA,-3.1932646626203125,2.395938476928876e-11
EGFR,MUT,-1.6908695700558949,2.457592436806916e-11
EGFR,CFL1,1.3292454786626662,2.7785319359648602e-11
EGFR,GPR75,1.0370395152926324,2.8023841590766585e-11
EGFR,TRIM52,-2.012160331907214,3.2450401880494924e-11
EGFR,ZNF451,-1.0560068807443646,4.2144089037918817e-11
EGFR,GRAMD1C,-2.7970919926897237,4.444331207373329e-11
EGFR,C2CD5,-1.9390430701590122,5.24568735600833e-11
EGFR,ZNF571,-1.903966941985998,6.067182703122565e-11
EGFR,ZBED8,-3.1168487742826496,6.276850880143654e-11
EGFR,PTHLH,3.6139766530130992,6.995017499719272e-11
EGFR,LOC105375839,1.4286168392832919,7.049622035774158e-11
EGFR,CARF,-1.6012840814043696,8.672887358773903e-11
EGFR,SH2D5,2.4321329761194748,8.678847357905688e-11
EGFR,ZSCAN31,-3.1000917088831597,8.866609778781583e-11
EGFR,MYEOV,1.7266324343740325,9.22206984933342e-11
EGFR,PNISR,-1.5953880431843823,1.0001125833144802e-10
EGFR,LOC101927363,1.5104066133828027,1.0028769518069192e-10
EGFR,TTC33,-1.3844089815723284,1.0240230292508417e-10
EGFR,DSPP,2.3503871126951883,1.081956567556287e-10
EGFR,ANAPC16,-1.821018358054228,1.1932675875997753e-10
EGFR,EGR3,6.271415501113189,1.287106590288158e-10
EGFR,FOXN3,-1.679543012599012,1.2927045245116148e-10
EGFR,PEX1,-1.6616624090615761,1.4416771370518194e-10
EGFR,TOMM34,1.8059787929874918,1.5100001728181333e-10
EGFR,ABHD18,-1.2730325781368033,1.5579052332465343e-10
EGFR,NPNT,-1.8713559663434385,1.601218229073691e-10
EGFR,SUDS3,-2.195319617651939,1.6098490219030872e-10
EGFR,GABARAPL1,-2.959643453525015,1.6825616924859877e-10
EGFR,AUH,-2.194003514605811,1.7036463974682277e-10
EGFR,CDKN1B,-3.267665796592001,1.77632342999361e-10
EGFR,HACE1,-2.489461875288622,1.7983647343269812e-10
EGFR,TPM3,0.9241114917432756,2.051280502861424e-10
EGFR,RELT,2.2916530140776725,2.2536050183809576e-10
EGFR,CREG1,-2.1134244487846683,2.3989099728388245e-10
EGFR,GAL,2.1627757518784887,2.4730983158373434e-10
EGFR,CD160,0.7620558408811215,2.6485057125660815e-10
EGFR,ZBTB3,-1.4181729769919504,2.734517708279403e-10
EGFR,C11orf54,-2.5908428382175326,2.8945723926797004e-10
EGFR,HOXC6,-2.4269929790655373,2.9548168493501975e-10
EGFR,LIPG,3.6110657829683603,3.0582782808300755e-10
EGFR,STX1A,1.696887832076931,3.101077647922514e-10
EGFR,USP36,1.5925430677440595,3.2089290875507395e-10
EGFR,ASB8,-1.4393975186154084,4.0028455277995023e-10
EGFR,NNT,-1.5064225237556084,4.4683983439984843e-10
EGFR,USP48,-0.987519609373232,4.855826580435389e-10
EGFR,ALOXE3,1.8749732002749504,5.117758587957729e-10
EGFR,ZNHIT3,-1.297269144776235,5.120637155606045e-10
EGFR,ZFP2,-1.1189758099860532,5.26889237288232e-10
EGFR,SLC20A1,5.147504312033409,5.271919835649288e-10
EGFR,CDIPT,-1.6732390801806563,5.332746341612327e-10
EGFR,SEC14L2,1.3834125185444097,6.070613559770651e-10
EGFR,IFT80,-2.0117249762059153,6.40445814041229e-10
EGFR,CCDC6,-1.720814620512354,6.639011689568959e-10
EGFR,CEP68,-1.6695548170152978,6.659691565774506e-10
EGFR,ZNF696,1.122812155711009,6.989342949172467e-10
EGFR,ZBTB44,-1.780950481239578,7.721701783219322e-10
EGFR,IER2,4.086642287445115,7.736885286080526e-10
EGFR,MMP1,7.648753141353712,8.436266631950991e-10
EGFR,TUBB6,3.145066448142099,8.448575559258893e-10
EGFR,JRKL,-0.9994245724382766,8.714471292673642e-10
EGFR,RAB11FIP4,-1.0527948109396579,8.85067236023964e-10
EGFR,KLHL24,-3.629002812356161,9.04972012795074e-10
EGFR,LOC100507630,2.0422611494621536,9.071755824196282e-10
EGFR,IFT74,-1.6737606544673533,9.284776194941138e-10
EGFR,KRT6A,2.6292716777516136,9.305543480280638e-10
EGFR,FAAH2,-1.7313225535791033,9.316686485925711e-10
EGFR,LRRC8E,0.947703934099901,9.332108393166007e-10
EGFR,TRIM23,-1.6965818215926523,1.0415512649830839e-09
EGFR,MAP3K14,1.9845062411160639,1.066543596933414e-09
EGFR,LINC01127,4.105099776492691,1.0942289018896684e-09
EGFR,GLTSCR1L,-2.0154399515730037,1.188600488417445e-09
EGFR,MRPS14,-1.2971524615544718,1.2150342249406963e-09
EGFR,YRDC,2.9346948905385926,1.242905289652687e-09
EGFR,FAM134A,-1.684681243098437,1.2656098371108743e-09
EGFR,ATG14,-2.360147162453793,1.3415560307686143e-09
EGFR,KLF2,1.7413918487737772,1.3666433533592423e-09
EGFR,AREG,3.887967688443478,1.3769245359952659e-09
EGFR,ZNF302,-1.7150814500078053,1.4383457475113781e-09
EGFR,STX19,-1.5755275481805693,1.5036483366080763e-09
EGFR,IDI2,1.127954989062746,1.5129832581086897e-09
EGFR,SCPEP1,-1.5832314385531434,1.5818481046937835e-09
EGFR,QSOX2,1.8415307880754808,1.6275335861707788e-09
EGFR,NOP14-AS1,0.8016074121881255,1.6393889890836747e-09
EGFR,XDH,1.895812093782462,1.6458242786132458e-09
EGFR,IER5,3.672132601786438,1.6570784546839073e-09
EGFR,OARD1,-1.7388670290144181,1.6577086286702341e-09
EGFR,KPNA5,-1.4634248938825822,1.7309717839770535e-09
EGFR,RAD51-AS1,-1.960814081560392,1.8074487693045945e-09
EGFR,QRICH2,1.2178424836321036,1.846175498020525e-09
EGFR,SPRY4-IT1,3.557592528420934,1.8999495094078834e-09
EGFR,ZFYVE26,-1.7647980755043393,2.060281859697336e-09
EGFR,CEP57,-1.850566296329522,2.0713558785897683e-09
EGFR,SLC16A4,-3.146131522404975,2.105400622959077e-09
EGFR,ENPP5,-2.42433289834441,2.2089549944956017e-09
EGFR,TMEM260,-1.7511042115877942,2.23393814675632e-09
EGFR,PIN4,-0.909588221387686,2.2380629868469508e-09
EGFR,GRHL2,-1.4120508161509178,2.274333057381052e-09
EGFR,LRP8,3.6577989206293253,2.3147000413222454e-09
EGFR,KIF16B,-1.3637880097224935,2.319578679487174e-09
EGFR,LOC646778,1.1868108279341147,2.3862243268809634e-09
EGFR,ABO,0.7603678255377337,2.4346601421575192e-09
EGFR,MKRN1,-1.8034136019647307,2.492203235520385e-09
EGFR,FGFBP1,2.86522627103183,2.56227733729952e-09
EGFR,RTN3,-1.4893045929929314,2.565414212429152e-09
EGFR,TSC1,-1.4839905727413858,2.5759674320458804e-09
EGFR,LINC00328,-1.2042140271232729,2.6090579282917452e-09
EGFR,C6orf141,2.3702391049681055,2.6233928165840143e-09
EGFR,PBOV1,0.6864851450514888,2.6241486821555415e-09
EGFR,TNFRSF10A,4.192944840432404,2.7068636914250254e-09
EGFR,HADHB,-1.6431429293890678,2.802750157671426e-09
EGFR,ARID4A,-2.159271169676027,2.8029999482500857e-09
EGFR,TUBB3,3.2497641782023825,2.821028637802565e-09
EGFR,LOC255654,1.264874088620536,2.870877668147822e-09
EGFR,GNPAT,-1.0555563686229454,2.887921263030793e-09
EGFR,ARID3B,1.487969901419427,2.8919519439793083e-09
EGFR,CDKL3,-0.80876662183836,2.9370148309035486e-09
EGFR,CLN3,-1.420521326060127,3.0273641233652143e-09
EGFR,RAB5B,-1.7723118637451434,3.0616913771843892e-09
EGFR,GPRIN1,1.2699636287113878,3.1184249308765454e-09
EGFR,MAT2B,-1.1929196668147468,3.149960683865661e-09
EGFR,KDM3B,-1.358651462529809,3.1851731287786213e-09
EGFR,CBR4,-1.6036131489439849,3.197057770879482e-09
EGFR,PBX1,-2.5432188193526657,3.286953486491525e-09
EGFR,TDRD1,-0.9261483082746773,3.2936469486119106e-09
EGFR,PAPOLG,-1.1181698719249618,3.384794563789993e-09
EGFR,FBXL4,-1.6637198308766168,3.45229120095608e-09
EGFR,UPP1,3.728709296866187,3.456922506905569e-09
EGFR,SGSM3,-0.8991152034656222,3.4636428549528357e-09
EGFR,TMEM200A,4.0696932746505645,3.568415374690142e-09
EGFR,NIP7,3.009362716648671,3.618620301415034e-09
EGFR,PIK3IP1,-1.954631179221926,3.6416790406887073e-09
EGFR,CCND1,4.799792923646111,3.9781909903922416e-09
EGFR,ABCA5,-1.810819781351443,3.983129927492499e-09
EGFR,ERCC5,-1.8135796141563678,4.075437291875004e-09
EGFR,PAIP2B,-1.4261225665481758,4.080788567203257e-09
EGFR,C11orf71,-1.754432377905319,4.357810560281899e-09
EGFR,PNPLA6,-1.4424776884922144,4.369732529280781e-09
EGFR,HECA,-1.3566160487260035,4.381753519298312e-09
EGFR,SELENBP1,-2.894668888409592,4.409871510678516e-09
EGFR,CCDC86,2.825151738349023,4.775098855469849e-09
EGFR,STX7,-1.4353491909763896,4.8257387991498394e-09
EGFR,CLCF1,2.6073804929149813,4.8422837234931444e-09
EGFR,KAT6B,-1.2249717292419304,4.8609450721669626e-09
EGFR,EFCAB7,-3.610502939711589,4.957956091926757e-09
EGFR,CRYZL1,-1.1861742353972868,4.998142726800053e-09
EGFR,GTPBP4,2.597939930356204,5.027258272816598e-09
EGFR,TNFRSF12A,4.469340546076733,5.054372454401952e-09
EGFR,ZNF133,-1.1100639492067859,5.307129368987423e-09
EGFR,PPWD1,-1.1557155031773934,5.363970020267807e-09
EGFR,LDAH,-1.2072079543385696,5.605559928597168e-09
EGFR,UBE4B,-1.410888971058451,5.666803680708045e-09
EGFR,COQ5,-2.353937821790364,5.681835586110262e-09
EGFR,AFTPH,-1.3138294866657119,5.8566669497106e-09
EGFR,ITPKA,1.1778657115297466,5.9751564611019905e-09
EGFR,LYAR,5.085141785101985,6.036972048480937e-09
EGFR,ECH1,-1.7634200266560154,6.233345240314846e-09
EGFR,SLC35A1,-1.8321893081467349,6.4565423567532e-09
EGFR,C8orf44,-1.4899609453341243,6.576948349615257e-09
EGFR,ITGA2,4.505708673539042,6.735956611790194e-09
EGFR,MED28,-0.8740761436619598,6.772941928469671e-09
EGFR,MALL,3.1393107638242665,6.783475058137903e-09
EGFR,ACTR6,-0.9608930016078837,6.835544562055584e-09
EGFR,IFT46,-1.0927477837053197,6.881215097862853e-09
EGFR,CDK19,-1.586031717453485,6.9060583284803235e-09
EGFR,TBC1D9,-1.5401524242851234,6.969808958080103e-09
EGFR,HBP1,-2.0864930200363667,7.169042048880587e-09
EGFR,PRSS16,-1.3876954291046486,7.328736319111518e-09
EGFR,FMO5,-1.2536616895830566,7.352153610231514e-09
EGFR,UBXN7,-1.7688161140200498,7.452266363838579e-09
EGFR,PCDHA2,0.7969619517368114,7.899182554178317e-09
EGFR,AMD1,2.5948925778683654,8.14634597343819e-09
EGFR,IFT20,-1.759135825334339,8.295936364930602e-09
EGFR,SPRED2,1.9740682537232939,8.307805079658318e-09
EGFR,NUPR1,-4.3222719969617245,8.35839501379595e-09
EGFR,NMRK1,-1.602970532728958,8.359389398643934e-09
EGFR,ZNF362,-1.011810065978345,8.676050209907986e-09
EGFR,ARPC5L,1.8886197958137587,8.80881311223118e-09
EGFR,UBR2,-0.9140408485447559,9.043849224830916e-09
EGFR,ZBTB5,-1.4252075740309231,9.488901950663964e-09
EGFR,SPRY4,6.42624043924384,9.535499124893054e-09
EGFR,ERMAP,-1.5962379431287157,9.91750850711334e-09
EGFR,CYP4B1,-1.9200535978373374,9.97198696519748e-09
EGFR,TUT1,1.0991589312836612,1.0370403459823135e-08
EGFR,CCDC115,-2.3919481348835516,1.0560912141685796e-08
EGFR,TOP1,2.8260163200709503,1.0578997930777737e-08
EGFR,GEM,4.904812067825368,1.0846124293180864e-08
EGFR,MINOS1P1,-1.9049848007238146,1.087066964292638e-08
EGFR,FBXO3,-1.0809417480885657,1.1067126195522233e-08
EGFR,TUBB2A,3.728662056055845,1.1291599248682602e-08
EGFR,RNF38,-1.4437648662406175,1.2222580952774585e-08
EGFR,F2RL1,3.597526029777689,1.2258851242380714e-08
EGFR,CORO1C,1.8510431600373085,1.2264448302146839e-08
EGFR,PIGN,-1.3071210768533696,1.2468843213145105e-08
EGFR,SNX1,-0.9269528018442033,1.2744177301016056e-08
EGFR,MAF1,-1.672998843361866,1.2928151041705047e-08
EGFR,NCK1,-1.1229209843919563,1.332436393878387e-08
EGFR,PUS10,-1.9821853055230545,1.3366507098829912e-08
EGFR,MTUS1,-1.936535381396791,1.344732103265964e-08
EGFR,WDR48,-1.1421097318879447,1.3502146090830474e-08
EGFR,LOC102467079,1.0184294763678923,1.422121063758203e-08
EGFR,GJB3,1.3085018944131266,1.4286947556076713e-08
EGFR,ST3GAL1,2.189782177471479,1.4551706379905904e-08
EGFR,LOC101928035,1.0754133343155128,1.4914770264152354e-08
EGFR,LAMTOR3,-1.387473793494881,1.547297367020083e-08
EGFR,SNX2,-1.180316089660789,1.557012690976343e-08
EGFR,SPOP,-1.256872556175288,1.589517518587071e-08
EGFR,TMEM139,-3.1039673669722605,1.6112871807851485e-08
EGFR,MIA2,-1.094645367960604,1.6157103606949866e-08
EGFR,ZNF593,1.8639699789954638,1.618434256656239e-08
EGFR,STMN3,1.2638895327571367,1.638397391775048e-08
EGFR,ACTB,2.106113061531988,1.720250175868748e-08
EGFR,NAB2,1.7546900160975936,1.7232150674821693e-08
EGFR,CCDC27,0.9319807155062226,1.736436472768438e-08
EGFR,RNF20,-2.2442449877357546,1.755763737018453e-08
EGFR,MPP5,-1.5599044723081652,1.761765805075253e-08
EGFR,KIF13A,-1.3150568321606575,1.783519831463678e-08
EGFR,AKAP9,-1.2922674056926755,1.817466542888415e-08
EGFR,LYRM9,-1.313802536172708,1.8208331599106195e-08
EGFR,CACNG8,0.8162853229357983,1.8544868229728556e-08
EGFR,OSCP1,-1.9921081967035148,1.876133827037216e-08
EGFR,PRMT2,-0.9387701893826227,2.0161989992505786e-08
EGFR,ZNF436,-2.6848723960305287,2.062758827540001e-08
EGFR,RRP1,1.0671045403467883,2.0987245695150626e-08
EGFR,PEX11A,-1.470034462247427,2.1413579657125742e-08
EGFR,TMEM254,-1.153863988324633,2.150956669437556e-08
EGFR,SOAT2,0.773723037990798,2.2447524948113734e-08
EGFR,SAP18,-1.087382722791258,2.2481736695473135e-08
EGFR,MID1,-1.727473770690722,2.2801822058636465e-08
EGFR,FUT9,-0.7108783679229188,2.3075081980236888e-08
EGFR,TMEM219,-1.6565349336929698,2.3118089218154296e-08
EGFR,SMTN,1.8625200637001862,2.3199787276576845e-08
EGFR,RWDD2A,-1.3242158921902416,2.3443061666941206e-08
EGFR,DDX21,3.4377898757208354,2.4098870871076855e-08
EGFR,NAA15,2.1002622163403735,2.4134470196759997e-08
EGFR,KLF10,3.9773323589811063,2.4554406003438325e-08
EGFR,ZNF345,-1.0808338493249652,2.473714326958394e-08
EGFR,GSTA4,-2.0152592596071317,2.600949233686712e-08
EGFR,EIF4E,1.3845779931814945,2.6022794224042628e-08
EGFR,CATSPERB,-0.8467825508220266,2.6596152116260094e-08
EGFR,SAT2,-2.550177180289926,2.6598198458084508e-08
EGFR,TRMT1L,-2.047599619918456,2.6631106722212994e-08
EGFR,YPEL1,-1.65264653124309,2.6722946708118693e-08
EGFR,PLAUR,3.4709942393544453,2.6968480029431875e-08
EGFR,USP25,-1.141736985410015,2.7402488085850746e-08
EGFR,S100PBP,-1.2917314248688518,2.751042413568096e-08
EGFR,BMT2,-3.9271391362059376,2.7513736807333455e-08
EGFR,EIF2AK1,-1.2404195196529628,2.7703943147581104e-08
EGFR,POU2F3,-0.7830790972515251,2.8073630764860552e-08
EGFR,OVOL2,-0.9932325901257215,2.825567542110438e-08
EGFR,BAZ2B,-2.5895298402968456,2.834118111248991e-08
EGFR,SPSB2,-2.8694036078978598,3.015427941447309e-08
EGFR,TSPO2,0.6678920668165386,3.023482738869335e-08
EGFR,TUBG1,2.7502405112033275,3.047207227207748e-08
EGFR,DMXL1,-1.7216645322017152,3.067792720481018e-08
EGFR,GABPA,-0.9765443585479792,3.087408630272301e-08
EGFR,SNX27,-0.9544026013379413,3.089152313947936e-08
EGFR,TMEM19,-1.2972824170368094,3.1940627810058535e-08
EGFR,LRRC59,1.6768713250314338,3.205512555496286e-08
EGFR,C3orf52,1.677960860288646,3.217787550548389e-08
EGFR,ST13,-1.3498229941372906,3.240433095781592e-08
EGFR,ANKRD53,0.7035278804506103,3.3247948984984384e-08
EGFR,DENND4C,-1.2338744139876812,3.467022456476978e-08
EGFR,PAN2,-1.6694261119396976,3.537946097634414e-08
EGFR,ATF2,-1.0891546132062389,3.591430477657938e-08
EGFR,BRD3,-1.1156518619154958,3.60032599084581e-08
EGFR,MPHOSPH8,-1.1354831098901648,3.608807595248282e-08
EGFR,TCOF1,1.574699308756688,3.6153632210012776e-08
EGFR,GATAD1,-1.0786091601813066,3.670626541126993e-08
EGFR,ZNF391,-0.8097347271336697,3.7820817777572986e-08
EGFR,COLCA2,-2.7020860033721092,3.7883583148511094e-08
EGFR,METTL7B,3.096488269260398,3.796087016800214e-08
EGFR,S100A16,3.983554530127712,3.839429019046366e-08
EGFR,SPG11,-1.0513338638446552,3.890787978563112e-08
EGFR,KANSL1L,-1.250963075512021,3.904755420317951e-08
EGFR,ATRN,-1.2646208677046993,3.911122420594023e-08
EGFR,ARC,2.660412418134134,4.109059715456595e-08
EGFR,CLK4,-1.4523831588499616,4.202733062170621e-08
EGFR,MICAL2,1.7961572997572695,4.206057847267683e-08
EGFR,CYTOR,2.565036439990104,4.276345218759291e-08
EGFR,B3GNT3,1.0930950966325996,4.5180677018415806e-08
EGFR,LOC100129550,-4.514205948321573,4.666713997861984e-08
EGFR,PRDX5,-2.0814438464801737,4.9034164761175895e-08
EGFR,LOC401585,1.3163593713097874,4.904862387217229e-08
EGFR,PSMD5-AS1,-1.645094163635123,4.91888339011217e-08
EGFR,SLC35B3,-1.7454647164956052,5.0210483023035136e-08
EGFR,ITGA6,2.3580084191083195,5.17910706810242e-08
EGFR,TMEM230,-1.3723281281052415,5.2770763757251396e-08
EGFR,SMARCAL1,-1.0530895765378507,5.318556827796089e-08
EGFR,STX8,-0.800392513166531,5.3896001594970393e-08
EGFR,GALE,1.1270490773283943,5.4467270661418165e-08
EGFR,SAYSD1,-0.6097149167852667,5.515800486304019e-08
EGFR,HOTAIR,-2.723006866146573,5.5533294935764836e-08
EGFR,SLC35A5,-1.9980077591648258,5.6067043510779177e-08
EGFR,SEC14L3,0.5331044028671007,5.655691484034457e-08
EGFR,SURF2,1.299247053454197,5.685562760444056e-08
EGFR,CCDC53,-1.7520511724678893,5.715230256635118e-08
EGFR,COA5,-2.224134423854039,5.800401109925328e-08
EGFR,SPHK1,3.2604536838090534,5.8413656197190646e-08
EGFR,CLASP1,-1.0802599095662724,5.88937536698497e-08
EGFR,AFAP1L1,1.7926936187839122,5.896747859582348e-08
EGFR,MTERF4,-0.9347856216740336,6.126069543150695e-08
EGFR,GPX8,-3.0968081882785663,6.16676543390048e-08
EGFR,GNB1L,0.6793349141037517,6.206510421821983e-08
EGFR,PMPCB,-0.8604949357271242,6.225114157023283e-08
EGFR,SPRY2,5.368786424270531,6.417886386963537e-08
EGFR,RHOV,-2.3134106477497633,6.825803234311219e-08
EGFR,FAM155B,0.8371558918452221,6.98023169555204e-08
EGFR,JMJD4,0.871136825972899,6.99753738985284e-08
EGFR,WFDC8,0.6438858115287119,7.030306441470758e-08
EGFR,DHX40,-2.005663317082086,7.058695077992909e-08
EGFR,OR5AK4P,0.7848121171371727,7.060553466718789e-08
EGFR,NCOA2,-1.2620228291718119,7.171798511647023e-08
EGFR,ZSCAN26,-1.415611203672558,7.185077650531751e-08
EGFR,FXYD3,-2.5881799661982856,7.214899887951743e-08
EGFR,PUM1,-1.293543806121506,7.24174096152902e-08
EGFR,ZFYVE1,-3.1370935830735993,7.299887845739869e-08
EGFR,SLCO4A1,2.595392974845219,7.342334395843454e-08
EGFR,COX15,-1.021013523497906,7.355986527447472e-08
EGFR,MGMT,-1.0629304611493124,7.4173448414042e-08
EGFR,FJX1,2.5123863665043316,7.630830134447177e-08
EGFR,VCL,1.2142180538007987,7.750585157673177e-08
EGFR,TBC1D8B,-1.3273629015817283,7.853385255060348e-08
EGFR,ZKSCAN4,-1.568710018061875,8.07983010170517e-08
EGFR,LOC101928748,0.9197775291574709,8.147063408098866e-08
EGFR,SMPDL3A,-1.8722150254140404,8.155085723825998e-08
EGFR,VPS13C,-1.1847005652955116,8.281421770343186e-08
EGFR,POTEKP,1.0716265194727557,8.497408553241768e-08
EGFR,FOXO3,-1.8729719304941987,8.877910720868461e-08
EGFR,KIAA0319L,-1.267667348371567,8.893350677449469e-08
EGFR,BDH2,-1.8197749847310698,9.215889590074478e-08
EGFR,LINC01120,0.8623112561597861,9.263631182763277e-08
EGFR,LOC100505978,1.014947546058024,9.369115669481419e-08
EGFR,OSBPL9,-1.6659830631508046,9.440398407466972e-08
EGFR,TUBA1B,2.627761407977577,9.446482634059745e-08
EGFR,CRBN,-2.1321752057170897,9.470908648537e-08
EGFR,EGR2,4.9624042829809145,9.64270726034964e-08
EGFR,PIGP,-1.5508166832564287,9.780322053579726e-08
EGFR,ARFGEF1,-1.276253057816109,1.0183616079590237e-07
EGFR,ZNF227,-1.5652519710894306,1.0282029345784039e-07
EGFR,LAMP2,-1.6881042800952994,1.0461252654359282e-07
EGFR,CD3EAP,2.173824935857725,1.0623331589618782e-07
EGFR,PHKB,-1.2307672942983579,1.0658278670098959e-07
EGFR,LMBRD1,-1.3230440014045979,1.0769024019092491e-07
EGFR,LOC286437,-1.5241195496208029,1.0868557319403474e-07
EGFR,RALBP1,-0.9275471495893276,1.0907190333230497e-07
EGFR,UBE2NL,1.0337489837816367,1.1007622994679807e-07
EGFR,SPATA31C2,0.8228219676795498,1.1008050419108587e-07
EGFR,YPEL5,-3.2104835873324604,1.1011919401494882e-07
EGFR,PAPSS1,-1.3865859504191553,1.110692090438599e-07
EGFR,SOX14,0.7212460757584469,1.1423001348139607e-07
EGFR,USP30,-2.28718593076092,1.1650544705530576e-07
EGFR,FAM234A,-1.740426440335091,1.1652839683360631e-07
EGFR,TIA1,-1.4265668587272038,1.1849153051773956e-07
EGFR,SFN,2.09494822553534,1.2016778125699082e-07
EGFR,MTA3,-1.4396934796070933,1.2196205092632464e-07
EGFR,FMR1,-1.43011597064014,1.2286706918905614e-07
EGFR,FAM149B1,-1.0116950160409193,1.2321915176713308e-07
EGFR,PTRH2,1.609158445776513,1.2476979346296549e-07
EGFR,FGFR2,-0.6905333700404291,1.252285085951502e-07
EGFR,HNRNPAB,3.1184944407899624,1.2546912317120425e-07
EGFR,BCL6,-2.3308137644678197,1.256090424118715e-07
EGFR,NF2,1.0604873473867489,1.263970931156595e-07
EGFR,FBXO9,-0.9710140681255937,1.2671076342877344e-07
EGFR,ING4,-1.91662871648965,1.2768121934690646e-07
EGFR,PRRG2,-0.9315545319208354,1.27786729852017e-07
EGFR,SLC15A2,-1.2267546320814848,1.2811522345546406e-07
EGFR,DUSP7,1.884173543933987,1.2982990330114722e-07
EGFR,CREBL2,-1.4666864306518594,1.3827093387084548e-07
EGFR,FOXO6,-2.920003070427529,1.4377806478175646e-07
EGFR,OMA1,-2.7852303475440223,1.4409150267256222e-07
EGFR,CDC40,-1.098203191873661,1.4542928753396958e-07
EGFR,KEAP1,-1.232604137253805,1.4708573303893607e-07
EGFR,THSD4,0.9923679719602103,1.5177485373438311e-07
EGFR,LINC00628,0.8363293665161964,1.527430929149289e-07
EGFR,TAGLN3,1.4153661423549173,1.5337385969679262e-07
EGFR,ZKSCAN1,-1.7752325068709662,1.545858093741901e-07
EGFR,CENPC,-1.5618948919584397,1.5598281531566416e-07
EGFR,HSDL2,-1.1151073223447505,1.6048166067147767e-07
EGFR,TRMT6,3.312788586575568,1.6137607440103734e-07
EGFR,BRD9,1.0373855469020155,1.614428288842756e-07
EGFR,PPOX,-0.8414734854993223,1.6210428338701677e-07
EGFR,FAM65C,1.5137438012036157,1.6242945179682287e-07
EGFR,LOC646588,1.10942871288563,1.6319234699960032e-07
EGFR,TMEM167B,-1.9253878227134287,1.637508911846583e-07
EGFR,CNBD2,0.6718490232305953,1.6444061827321794e-07
EGFR,HBEGF,2.7871772734350126,1.6490851247737172e-07
EGFR,MAPKAPK5-AS1,-1.1164137201699562,1.719119018970783e-07
EGFR,NOP2,2.2329608247356463,1.7296287628790498e-07
EGFR,TMEM242,-0.6353327701348341,1.7709597145851372e-07
EGFR,LOC100132005,1.2007477568428502,1.7754064239810132e-07
EGFR,CTPS1,3.7292323673970817,1.7948339738371633e-07
EGFR,TBL1XR1,-1.2797788057531894,1.8104182157256119e-07
EGFR,DNAJB8-AS1,1.025244764229161,1.8219667458828263e-07
EGFR,SNRPB,1.9304179064857814,1.8283364689291148e-07
EGFR,LOC101928557,1.1869514132790806,1.8345943135546982e-07
EGFR,RB1CC1,-1.8883180006728923,1.8389041447232697e-07
EGFR,HIGD2A,-1.19610077703252,1.8450409808605448e-07
EGFR,BOLA1,-1.176183843309645,1.8539800197157816e-07
EGFR,GRPEL1,1.973612760481621,1.8577884040061788e-07
EGFR,SLC29A2,0.7488993889604152,1.8590576569480137e-07
EGFR,AKIRIN1,1.7761326469037857,1.86915734419533e-07
EGFR,TMEM99,-1.7836443569458367,1.885523483772384e-07
EGFR,PCYOX1,-2.2707793109613226,1.8967932023125152e-07
EGFR,CLMP,3.010889277259561,1.9261574557821122e-07
EGFR,GOLGB1,-1.4208674977864812,1.944069388696425e-07
EGFR,LYPD5,1.2924395266824917,1.9828012014199902e-07
EGFR,GATSL2,-3.1131918442354065,1.98283093580525e-07
EGFR,MED20,-0.8641768081657609,1.9897251199870562e-07
EGFR,SCRN3,-0.9599070160033083,2.069955000296597e-07
EGFR,TBC1D17,-1.2668772185974488,2.0740173250310872e-07
EGFR,PPFIBP2,-1.1866062962846982,2.075407181794808e-07
EGFR,ZNF606,-0.9957727958166097,2.118003052654924e-07
EGFR,HIST1H2AC,-4.430079237161433,2.140467726089624e-07
EGFR,LOC101927204,-2.723517396234909,2.1694747967668979e-07
EGFR,ASB6,1.0125818476949913,2.1973635091602246e-07
EGFR,PTRHD1,-1.7298466014322036,2.2186117807430373e-07
EGFR,DRAM2,-2.0202084338477926,2.2210980227957507e-07
EGFR,MAP7D3,0.8126801020758508,2.249146160593439e-07
EGFR,METTL14,-1.3938924314637628,2.2722796838425156e-07
EGFR,CMC4,-1.1385440883583478,2.2785160221549363e-07
EGFR,STARD13,-1.4237942900436518,2.2916456458348577e-07
EGFR,DAZAP2,-0.9914712740230961,2.313085839922343e-07
EGFR,DOCK3,-1.0355578527240186,2.319401715781054e-07
Estrogen,GREB1,17.2401728397,8.58355149715e-57
Estrogen,TFF1,14.4302547293,4.18000223188e-51
Estrogen,RET,10.7180267789,3.10978808614e-50
Estrogen,HEY2,11.4823694969,3.12912206831e-44
Estrogen,RAPGEFL1,10.544895916,5.19709285254e-43
Estrogen,PGR,8.52814244888,1.37556045779e-41
Estrogen,C5AR2,4.7330543263,2.35742930389e-38
Estrogen,CXCL12,12.4776735289,3.03864916538e-36
Estrogen,TPD52L1,10.085513349,1.93211491255e-34
Estrogen,NPY1R,10.6645059299,1.5779940805e-33
Estrogen,MYB,9.4277805658,9.916281347e-32
Estrogen,CALCR,5.39627356601,9.42849339797e-31
Estrogen,IL17RB,11.4189859122,1.09216760513e-29
Estrogen,SNX24,6.89935571746,2.99173470553e-29
Estrogen,ARL3,3.95094805128,5.32114236095e-27
Estrogen,TGFB3,-5.33026789517,1.64159079811e-25
Estrogen,OLFM1,3.75243310871,1.04938885208e-24
Estrogen,NKAIN1,4.73154567799,1.68009570673e-24
Estrogen,FKBP4,8.25832988113,3.71410934214e-24
Estrogen,IGFBP4,11.6514913965,5.19661359575e-24
Estrogen,ERBB3,-4.88074044723,5.7145322662e-24
Estrogen,CTNND2,-3.55466409986,1.48506081374e-23
Estrogen,SIAH2,9.43676093773,3.43262458323e-23
Estrogen,SLC22A5,7.73829566495,4.65457756154e-23
Estrogen,NR5A2,5.15006194006,2.45059255032e-21
Estrogen,MSMB,4.54908081939,3.01286021011e-21
Estrogen,ELOVL2,8.69057624608,3.10377250497e-21
Estrogen,COMT,-3.05468575187,5.25398638696e-21
Estrogen,CELSR2,8.66914415272,2.37067496411e-20
Estrogen,EPS15L1,3.14164436919,2.68138031219e-20
Estrogen,GLA,8.44185876447,1.75792223968e-19
Estrogen,DSCAM,4.14288012519,2.86926900665e-19
Estrogen,ABCC5,-4.8549878295,5.53615242131e-19
Estrogen,PRSS23,8.75522282336,6.99236983658e-19
Estrogen,RLN2,6.71852324093,5.21492137302e-18
Estrogen,SLC25A24,3.66548160476,5.60366752264e-18
Estrogen,DEPTOR,7.46377846634,2.96512717905e-17
Estrogen,NRIP1,10.0200104925,3.45358629735e-17
Estrogen,PCP4,6.36520077341,4.77611267081e-17
Estrogen,ARMCX6,3.3639024049,1.04348102963e-16
Estrogen,MISP,-4.33416825574,1.28611900263e-16
Estrogen,CA12,8.41357762757,1.57968970019e-16
Estrogen,EPB41L5,-3.43451140317,1.87369727602e-16
Estrogen,MYO1B,-5.4741888205,1.92643419346e-16
Estrogen,SH3BP4,-4.87774227508,2.20835476153e-16
Estrogen,RNF43,-5.41598767784,4.14406318087e-16
Estrogen,FAM208B,4.93576703606,4.34948491305e-16
Estrogen,DDX10,4.62695785919,5.02998170837e-16
Estrogen,MED13L,3.83741058189,5.96031370772e-16
Estrogen,UPK2,-3.38692225002,7.39626171669e-16
Estrogen,ADORA1,5.02379225883,1.12412234005e-15
Estrogen,KCNJ3,-2.98207081773,2.17439663587e-15
Estrogen,ASB13,6.99394259362,2.86473791082e-15
Estrogen,PLPP2,-4.47476054597,3.52198650708e-15
Estrogen,FGFR1OP,2.46840962977,3.59125906526e-15
Estrogen,IL1R1,-6.86624961006,4.02725294703e-15
Estrogen,XBP1,5.71530844515,4.05429589158e-15
Estrogen,CAP2,5.01154709433,6.8990491452e-15
Estrogen,RHBDF1,-3.65846843274,1.02582513899e-14
Estrogen,ZNF552,2.88661715189,2.13655662872e-14
Estrogen,CAB39L,-4.12631179667,2.20829958603e-14
Estrogen,RAB27B,-5.88914566171,2.71136359293e-14
Estrogen,PLAC1,5.06711601484,3.0930239986e-14
Estrogen,RAB9A,-6.00777315701,1.0146319156e-13
Estrogen,HDAC7,-2.03748800346,1.46710319613e-13
Estrogen,ZDHHC7,-4.83093256313,3.30017248966e-13
Estrogen,SIDT1,-4.23204663804,4.44840495554e-13
Estrogen,RARA,3.02158025348,5.51305122139e-13
Estrogen,FAM102A,5.76083870514,5.78498378031e-13
Estrogen,WWC1,5.58743801371,7.03425490945e-13
Estrogen,ELF5,-3.21644433313,1.23195355134e-12
Estrogen,CTR9,4.82318209378,1.49183131527e-12
Estrogen,KIAA0513,-3.62315496931,1.49248829721e-12
Estrogen,SEC14L2,5.23907790111,1.52379457389e-12
Estrogen,MYH14,-2.13654612134,2.2263632288e-12
Estrogen,MPPED2,3.91502173549,2.26574880528e-12
Estrogen,RBBP8,6.83400284824,2.53895833625e-12
Estrogen,TLE1,-4.10217257102,2.62968217169e-12
Estrogen,TMEM135,-3.50320154881,2.71858838511e-12
Estrogen,FRK,4.90037712333,3.95708205798e-12
Estrogen,ADCY9,3.2478819979,4.04527404205e-12
Estrogen,EGR3,16.0776973153,4.54957828931e-12
Estrogen,TIAM1,4.47348368321,4.8767003644e-12
Estrogen,CASP9,-2.43538830188,4.89149953491e-12
Estrogen,CLDN9,-2.08481449153,7.58757155065e-12
Estrogen,WFS1,4.21639521035,8.66460386619e-12
Estrogen,SLC7A5,11.2240689529,8.83147124908e-12
Estrogen,PPIF,10.130802152,9.094633196e-12
Estrogen,CLDN4,-3.82821711919,9.18977748796e-12
Estrogen,GATA3,-6.00468746718,9.25937056217e-12
Estrogen,RCL1,4.21924727177,1.08705389755e-11
Estrogen,PIK3R3,-5.49749606658,1.11685909746e-11
Estrogen,SLC9A1,-2.59442657319,1.15742055897e-11
Estrogen,SDK2,1.87704625885,1.18897388262e-11
Estrogen,TACC1,-3.37486737164,1.83332560001e-11
Estrogen,ATP2A3,-2.88202583781,1.85032173303e-11
Estrogen,ESR1,-1.30445244618,2.09589089475e-11
Estrogen,KCNK5,4.65682787894,2.13824664248e-11
Estrogen,SGCG,-4.18181325248,2.2788911538e-11
Estrogen,STC2,10.2860517134,2.29909435434e-11
Estrogen,FCMR,4.12434983443,3.00307425011e-11
Estrogen,BMP7,-2.76775520299,3.17383482874e-11
Estrogen,PPT1,-4.29143514782,5.07729860923e-11
Estrogen,TFAP2C,5.42741053529,6.01689060182e-11
Estrogen,ZNF467,-2.65480344294,6.77309172027e-11
Estrogen,ADCY1,2.35351089474,6.86536252402e-11
Estrogen,RND3,-9.60749018622,9.0474756103e-11
Estrogen,SH2D4A,-3.00543152877,9.81835371032e-11
Estrogen,SLC39A6,3.82522311767,1.03043346701e-10
Estrogen,BCAM,-2.56892069325,1.04750568331e-10
Estrogen,FOXC1,5.40388768455,1.06034967614e-10
Estrogen,MYC,11.9784826631,1.17872745058e-10
Estrogen,CHST8,2.52286369992,1.22877523818e-10
Estrogen,RARG,-2.2847185081,1.54497497198e-10
Estrogen,OGFOD1,3.54706193385,1.70454119392e-10
Estrogen,SSH3,-2.63925198038,1.93252829272e-10
Estrogen,DGKZ,3.2972263815,2.014483738e-10
Estrogen,NCOA3,-3.74754339803,2.28510309713e-10
Estrogen,PACSIN2,-3.18521739302,3.26233092155e-10
Estrogen,ECH1,-4.09148665722,3.27505998283e-10
Estrogen,CBX6,-4.21865557955,3.32187939668e-10
Estrogen,SCUBE2,3.1519307327,3.85613667458e-10
Estrogen,VPS37C,-1.76404608328,4.04653858803e-10
Estrogen,ATP2C2,-2.14158225785,4.71513884039e-10
Estrogen,E2F6,4.19945612868,4.74261365119e-10
Estrogen,SOX3,1.73586710219,5.32912228206e-10
Estrogen,EPHB4,-2.42993681219,5.73829440587e-10
Estrogen,BIK,-6.09669626522,6.2035750208e-10
Estrogen,LITAF,-3.79721073107,6.77382048778e-10
Estrogen,SHANK2,-1.96500595217,6.95591675491e-10
Estrogen,FBP1,-4.86455871398,7.70052102969e-10
Estrogen,GALNT6,-3.34117186793,7.9035995878e-10
Estrogen,FAM110B,-3.45832554401,8.57190712368e-10
Estrogen,SLC26A2,8.19606580002,8.76563230417e-10
Estrogen,FUT9,-1.82761386163,8.78831039876e-10
Estrogen,TCAF1,-3.17510494473,8.83113564714e-10
Estrogen,CUEDC1,2.96578621854,1.02985102168e-09
Estrogen,REEP5,-3.31926977576,1.06130273785e-09
Estrogen,CRKL,3.02911610754,1.67353193971e-09
Estrogen,RAI14,5.64660602279,1.75575702633e-09
Estrogen,PIK3R2,-2.09308582853,1.76990842886e-09
Estrogen,HSPA13,4.97435150592,1.81680609265e-09
Estrogen,FAM53B,-2.20147319952,1.84492625992e-09
Estrogen,RPRM,-2.55277775878,2.08047909585e-09
Estrogen,NRBP1,-2.86333360806,2.40654575834e-09
Estrogen,CCNG2,-7.9951845825,2.6160895198e-09
Estrogen,AMFR,3.01743131812,2.74099034705e-09
Estrogen,FOXA1,-4.37103219335,2.90479373427e-09
Estrogen,AKAP1,3.62370393678,3.68388109751e-09
Estrogen,HEXA,-2.07558915302,3.95967252072e-09
Estrogen,GALNT10,-3.29847171517,4.07031082194e-09
Estrogen,WNT4,4.22383313145,4.42830728487e-09
Estrogen,RWDD2A,-3.07626283081,5.36743331658e-09
Estrogen,THOC5,2.01204140631,7.13167481117e-09
Estrogen,CEP135,3.14584280774,9.3182882154e-09
Estrogen,TIPARP,9.54050519983,9.96754515736e-09
Estrogen,TOM1L2,-2.11489459906,1.15320080631e-08
Estrogen,ZNF669,2.12967524705,1.34293798701e-08
Estrogen,PRSS8,-3.96794767542,1.35739193762e-08
Estrogen,CYP26B1,3.33203377899,1.44398849241e-08
Estrogen,MAMLD1,4.88914542197,1.55585228177e-08
Estrogen,BLNK,-5.7116501005,1.65725773536e-08
Estrogen,CAPN9,-1.50105691226,1.98304691656e-08
Estrogen,ITPK1,2.15508424608,2.05416316694e-08
Estrogen,LRIG1,4.9087578824,2.0849730036e-08
Estrogen,L1CAM,-3.4257197637,2.40220521758e-08
Estrogen,CHPT1,3.56820189991,2.52183980705e-08
Estrogen,DNAJC22,-2.84873617848,2.56056870599e-08
Estrogen,RAP1A,2.18929617314,2.59456824813e-08
Estrogen,ATP6V0A4,-3.62826910057,2.73695136387e-08
Estrogen,PTMS,-2.93002992017,2.83364300883e-08
Estrogen,TMEM30A,-3.08846205643,2.88051222299e-08
Estrogen,SPINT1,-3.59484932218,3.08985669422e-08
Estrogen,SYTL2,-4.91042993857,3.37023302337e-08
Estrogen,PLEKHF2,-5.21268829135,3.53912186537e-08
Estrogen,SDC2,4.79732687623,3.59610337485e-08
Estrogen,VPS28,-2.8536953764,3.77501193545e-08
Estrogen,ACAA2,-2.22773528482,3.84208474587e-08
Estrogen,FAM49B,-2.11680022283,3.89044651874e-08
Estrogen,LAMA3,3.70741355524,5.04684185019e-08
Estrogen,NOTCH3,-2.32034878785,5.13366888982e-08
Estrogen,KIAA0922,-3.36538539341,5.13456857887e-08
Estrogen,SLC35C2,-1.64688373264,5.45551208212e-08
Estrogen,TSPAN9,-1.62207965914,5.95695780724e-08
Estrogen,NUMA1,-2.21645281456,5.97491822795e-08
Estrogen,DYNLT3,4.06240137983,6.06342830411e-08
Estrogen,LGALS8,-3.03688745409,6.31568272093e-08
Estrogen,BAK1,-3.58659631311,7.03998164741e-08
Estrogen,SGSM3,-1.80766515669,7.52736625456e-08
Estrogen,CDH3,-3.8347425824,7.638056123e-08
Estrogen,OSTF1,3.08533613434,8.13620528417e-08
Estrogen,TRIM24,-1.81615995508,8.47514856962e-08
Estrogen,TSKU,4.50384162096,8.48467850872e-08
Estrogen,ADCY6,-2.58775363418,9.23484479637e-08
Estrogen,TMPRSS3,3.32522839562,9.2412417221e-08
Estrogen,AREG,7.87852547479,9.78436272418e-08
Estrogen,FZD7,7.00919144193,1.01863493357e-07
Estrogen,PPFIBP2,-2.99403752212,1.09275453985e-07
Estrogen,PAX9,2.46281170693,1.10066433618e-07
Estrogen,ACHE,-1.80047928666,1.15618855789e-07
Estrogen,ZNF710,-1.42129329534,1.22047319472e-07
Estrogen,ZNF217,-4.5111973641,1.2364617209e-07
Estrogen,EPN3,-3.23004261706,1.24277891041e-07
Estrogen,PTGES,5.75818412909,1.25506113508e-07
Estrogen,COPS8,1.8382774117,1.2795037466e-07
Estrogen,TMEM132A,-2.01420268409,1.31494441466e-07
Estrogen,SLC4A8,-1.84958108799,1.39566084468e-07
Estrogen,PPP1R37,-1.275985826,1.43192005574e-07
Estrogen,GAB2,3.99142317444,1.44412712818e-07
Estrogen,RAB25,-2.6394749831,1.4642048535e-07
Estrogen,FKBP8,-1.8216701342,1.48893880354e-07
Estrogen,MYOF,4.58014595945,1.51917505291e-07
Estrogen,NT5C2,2.61870232959,1.78360937275e-07
Estrogen,ABCG1,-3.65695571168,1.84301615008e-07
Estrogen,SYBU,4.49280082019,1.92176136197e-07
Estrogen,ACTR1B,-1.95619345251,2.01430061763e-07
Estrogen,S100A13,-1.75506493837,2.32645955318e-07
Estrogen,BCL2,1.75788481676,2.34381172937e-07
Estrogen,PDLIM3,2.76827230713,2.37227956988e-07
Estrogen,LIN7A,-2.6416272364,2.49304982845e-07
Estrogen,SLC35A1,-3.64565860914,2.54796127355e-07
Estrogen,AMD1,5.26566452558,2.69022995529e-07
Estrogen,TRIM62,-1.95118300837,2.70408014563e-07
Estrogen,MYO6,-3.29179740084,2.73272843738e-07
Estrogen,DCP2,-2.5012430672,3.21185972133e-07
Estrogen,CHRNA5,4.30534070038,3.55121058697e-07
Estrogen,MED23,-2.32390323521,3.65438148328e-07
Estrogen,S100A14,-2.97296395804,3.69028094317e-07
Estrogen,ARHGAP12,-5.79590314532,3.71901730707e-07
Estrogen,TAOK3,-2.6212811272,4.28600982763e-07
Estrogen,NAV2,4.26539046454,4.44594982278e-07
Estrogen,LYPD3,-3.80755399445,4.49345977568e-07
Estrogen,C1orf115,-2.42320024043,4.57122338213e-07
Estrogen,TACSTD2,-2.69820873577,4.58728966332e-07
Estrogen,IL17RC,-1.54644292558,4.65109049075e-07
Estrogen,SELENBP1,-5.82653763123,4.72714027732e-07
Estrogen,ABHD2,4.56156743368,4.78588354248e-07
Estrogen,NPY5R,1.76484168634,4.85054915015e-07
Estrogen,EFEMP1,-3.84570484397,5.14912920998e-07
Estrogen,RFX5,-3.40105525194,5.19968339874e-07
Estrogen,SEMA4C,-3.02453522873,5.56537142824e-07
Estrogen,SLC39A8,3.80031534438,5.68467270805e-07
Estrogen,ATP8A1,-2.50597695902,6.43104670626e-07
Estrogen,ST3GAL1,-4.2833836807,6.56514258098e-07
Estrogen,RND1,-4.3862545227,6.82153609614e-07
Estrogen,HDAC11,1.87869548219,7.29585067699e-07
Estrogen,SLF2,2.0024635765,8.42313407584e-07
Estrogen,SYCP2,-2.00693275976,8.48604149043e-07
Estrogen,BCAS1,-5.01731883219,8.82267378391e-07
Estrogen,P2RX2,-1.12219204069,9.38995900956e-07
Estrogen,ELF1,3.89093762337,9.53796644818e-07
Estrogen,TUFT1,-5.78669126517,9.6158590277e-07
Estrogen,ZBTB40,1.4958850636,1.00173451037e-06
Estrogen,ARHGEF26,4.10017972432,1.01169195958e-06
Estrogen,TRAF4,-2.57875553319,1.05109443129e-06
Estrogen,ARMCX3,3.94993158555,1.06141587824e-06
Estrogen,ABCA1,-2.9316612748,1.08886561354e-06
Estrogen,LMBRD1,-2.66033017376,1.10495122761e-06
Estrogen,NBEA,-3.74095805587,1.13185736425e-06
Estrogen,TFCP2L1,3.563883388,1.16423294718e-06
Estrogen,MGP,5.94410428888,1.19843173348e-06
Estrogen,ENC1,-5.93073650271,1.26279246674e-06
Estrogen,NKRF,2.24202105878,1.29407147989e-06
Estrogen,PCGF2,-1.60196527237,1.35684532311e-06
Estrogen,RGS6,-1.03806417398,1.38024951946e-06
Estrogen,ADRA2A,2.88820193088,1.38276023299e-06
Estrogen,SLC30A1,4.78856193527,1.38418627131e-06
Estrogen,TFAP2A,-3.3634393209,1.40083007357e-06
Estrogen,SMPDL3B,1.84573684611,1.42241176694e-06
Estrogen,PLPPR2,-1.82580286678,1.44252471956e-06
Estrogen,GRHL2,3.30097590071,1.50612097783e-06
Estrogen,PKP2,-3.0158436229,1.54938851146e-06
Estrogen,INPP5J,-1.68288257673,1.56363423576e-06
Estrogen,EPHB3,-2.06659155504,1.67890234062e-06
Estrogen,DCAF11,-1.94678319768,1.71769798878e-06
Estrogen,RAMP3,1.67902386351,1.74632745859e-06
Estrogen,CSPP1,1.89584784281,1.77848275745e-06
Estrogen,CRY2,-1.85057928495,1.78533359029e-06
Estrogen,ZER1,-1.71503654971,1.88188029421e-06
Estrogen,SGSM2,-2.24889284295,1.91200334758e-06
Estrogen,TDRD1,1.57420767529,1.97391494764e-06
Estrogen,PDZRN3,-3.55185853417,1.982524026e-06
Estrogen,CA8,2.31248918526,1.99669636399e-06
Estrogen,MADD,-1.60735846072,2.00695899964e-06
Estrogen,PCDH1,-1.69851960934,2.01911700662e-06
Estrogen,CLDN3,-3.22370652554,2.32964239103e-06
Estrogen,CORO2A,-2.95708786722,2.35929919046e-06
Estrogen,VAMP8,-3.64903889365,2.37022751379e-06
Estrogen,CEP85,2.2080182651,2.4469439242e-06
Estrogen,TFPI,-3.18756870823,2.48653064355e-06
Estrogen,EPHA7,-2.39512090247,2.48694893459e-06
Estrogen,TRPC6,2.00740176621,2.5107939208e-06
Estrogen,CAMK1D,-2.26428168322,2.59420714593e-06
Estrogen,DSCC1,3.51809569435,2.66776794785e-06
Estrogen,SIL1,-1.87944093969,2.75085736995e-06
Estrogen,NXPH3,1.50414094954,2.77599584851e-06
Estrogen,TRIM3,-1.20536129546,2.84056941197e-06
Estrogen,HDDC2,2.17446945193,2.86727117093e-06
Estrogen,TEAD3,-2.19336814216,3.10330616807e-06
Estrogen,TFF2,1.94952508312,3.17170300526e-06
Estrogen,RBL2,-2.68290172182,3.27621879794e-06
Estrogen,RABEP2,-1.49241651358,3.3859886728e-06
Estrogen,HOXC13,-2.54010057375,3.42180516101e-06
Estrogen,LDOC1,-2.65530657814,3.4379397036e-06
Estrogen,RAP1GAP,-1.53783281914,3.47805131103e-06
Estrogen,LINS1,2.00268800747,3.48147705364e-06
Estrogen,LRP10,-3.29702600819,3.48895306991e-06
Estrogen,PRKG1,-1.91668242975,3.51182321369e-06
Estrogen,CDC42SE1,-2.36337080689,3.59138339948e-06
Estrogen,STK24,1.35367570461,3.67940062268e-06
Estrogen,KIAA0319L,-2.32288977492,3.68715152546e-06
Estrogen,ALAD,-2.553820232,3.88723549083e-06
Estrogen,KAZN,1.78144122584,3.95761279526e-06
Estrogen,MARCH8,-2.59295532486,4.02226982722e-06
Estrogen,MCCC1,-2.72088260124,4.06160981733e-06
Estrogen,CNKSR1,-1.90399954659,4.08111590947e-06
Estrogen,TCERG1,2.35170335596,4.20692702478e-06
Estrogen,DYRK1B,-1.79486218128,4.28216893607e-06
Estrogen,WSB2,-3.01909490937,4.30732746973e-06
Estrogen,TMA16,3.68654410778,4.4925775617e-06
Estrogen,SEPT9,2.24761363543,4.6175301274e-06
Estrogen,TRAF5,-2.47293994991,4.71768873075e-06
Estrogen,NMRK1,2.99032325246,4.87237515127e-06
Estrogen,ACVR1,-3.47800127203,4.98088078443e-06
Estrogen,GFRA1,2.37207443447,4.98782063146e-06
Estrogen,KLK11,2.12812069965,5.01140552867e-06
Estrogen,MKNK2,-4.37945864378,5.33922657855e-06
Estrogen,TADA3,-1.39135765092,5.38575394282e-06
Estrogen,ZFAND3,-1.95793308602,5.48811052858e-06
Estrogen,ENPP1,-2.16935098759,6.0394832861e-06
Estrogen,KAZALD1,-1.46379640887,6.32881365501e-06
Estrogen,P2RY2,3.66055583052,6.33472176219e-06
Estrogen,SPDEF,-2.60442693247,6.33568738988e-06
Estrogen,ERGIC3,-1.43300677406,6.42080462697e-06
Estrogen,ARHGAP35,-1.85229816605,6.76525434516e-06
Estrogen,PAWR,-2.6269732167,6.86810605196e-06
Estrogen,TRPS1,-3.31702381235,6.97118047355e-06
Estrogen,PXMP4,-1.87188109773,7.02375762624e-06
Estrogen,OXR1,2.81992299464,7.29351500063e-06
Estrogen,PTPN13,-2.84954674487,7.3841742989e-06
Estrogen,PGLS,-1.85020743946,7.38590760299e-06
Estrogen,DRD1,-2.03442228162,7.54527987282e-06
Estrogen,PPM1E,1.83655455589,7.77907480809e-06
Estrogen,TJP2,-2.75210358232,7.87155099647e-06
Estrogen,AKTIP,-2.53407949165,7.94876683142e-06
Estrogen,TSC22D4,-1.67374820364,8.0412277622e-06
Estrogen,IST1,-1.89889068186,8.08564085035e-06
Estrogen,NUAK1,-4.23788484573,8.09960528425e-06
Estrogen,COL4A5,-2.83514641712,8.10214060931e-06
Estrogen,KIAA0196,-2.33842940568,8.14542604576e-06
Estrogen,SLC4A10,1.26697063574,8.92528753657e-06
Estrogen,FAM160B2,-1.27790717729,8.93357183585e-06
Estrogen,ABCE1,4.20517094618,9.28757736522e-06
Estrogen,ETNK2,3.0399025372,9.52434139324e-06
Estrogen,LRRFIP2,2.26303016973,9.70889068215e-06
Estrogen,WDR26,-2.26088934734,9.72736680613e-06
Estrogen,SH3GLB2,-1.72763963233,1.00901646333e-05
Estrogen,CDCA8,4.63228152843,1.01812599791e-05
Estrogen,DCAF16,2.43686739489,1.01920338091e-05
Estrogen,DRAM1,-6.44814066495,1.02057101584e-05
Estrogen,ACOT8,-1.5455468121,1.07082745387e-05
Estrogen,CHD9,2.12806590802,1.08720064841e-05
Estrogen,CDKN2B,-2.62675806124,1.0993167242e-05
Estrogen,FEZ2,-1.39882596402,1.1508141427e-05
Estrogen,UBE2H,-2.61312721038,1.16947945147e-05
Estrogen,CASP7,4.21943227798,1.20383229766e-05
Estrogen,DGKE,1.44035128562,1.22637657406e-05
Estrogen,TNS3,-3.559405329,1.25960054838e-05
Estrogen,FZD4,-2.43690514969,1.26770949195e-05
Estrogen,MAX,1.58365696471,1.27765764278e-05
Estrogen,IGSF3,-2.61728902229,1.32979285276e-05
Estrogen,DLX2,-2.81786632597,1.33440220147e-05
Estrogen,NVL,-2.45585886254,1.34351374983e-05
Estrogen,GRAMD3,-4.01135299147,1.3619242208e-05
Estrogen,TTF2,2.77976245383,1.37299135201e-05
Estrogen,IQSEC1,-2.31241499219,1.3959051832e-05
Estrogen,KIAA1211L,-1.39963751242,1.40238925744e-05
Estrogen,ZNF350,-1.95517423496,1.42646720325e-05
Estrogen,SSTR2,2.66773686903,1.4367196217e-05
Estrogen,GRIK3,1.08053944061,1.48634368586e-05
Estrogen,CD44,3.87251367801,1.4869455858e-05
Estrogen,VIPR1,-2.40071142959,1.53297760059e-05
Estrogen,HBS1L,1.48354927795,1.53613619082e-05
Estrogen,CHSY1,4.63741309561,1.54740011033e-05
Estrogen,ARSD,-1.86629797064,1.56466908447e-05
Estrogen,POLD4,-2.85372943288,1.56701287129e-05
Estrogen,LRBA,-2.56924855599,1.58197953874e-05
Estrogen,TSC22D3,-4.01349460341,1.58932335083e-05
Estrogen,ENSA,-1.94814254404,1.605776923e-05
Estrogen,TRAM2,-3.06712915914,1.62215608315e-05
Estrogen,LARP6,-2.1069863785,1.63589441044e-05
Estrogen,VEGFB,-2.35140603118,1.63951366114e-05
Estrogen,NEDD4L,-3.16410978933,1.64591984105e-05
Estrogen,DCAF4,-1.88523649281,1.66316824136e-05
Estrogen,ABAT,4.28819003588,1.68489592244e-05
Estrogen,SOX13,-1.81333549976,1.69648227467e-05
Estrogen,HSD11B2,4.29882899189,1.76368934536e-05
Estrogen,RUNDC3B,-2.1864043717,1.78645808392e-05
Estrogen,PTP4A2,2.50019717026,1.79497662478e-05
Estrogen,EFNA1,-8.80135174709,1.81095824272e-05
Estrogen,ARHGEF16,-1.29992805382,1.81163616691e-05
Estrogen,IPPK,2.22106697786,1.89480167173e-05
Estrogen,GNS,-2.52254110324,1.90968091814e-05
Estrogen,ANKMY2,-2.85789656798,1.91631580375e-05
Estrogen,ZNF107,2.4331954504,1.92849193096e-05
Estrogen,SLC10A3,2.36372864472,1.94146666699e-05
Estrogen,THSD4,1.87594801746,1.94391913461e-05
Estrogen,KHNYN,-2.24982913242,1.96058604759e-05
Estrogen,WDR3,2.83333712808,1.98119483727e-05
Estrogen,MACF1,2.19102353017,2.0718304807e-05
Estrogen,PSD4,-1.73766909148,2.10659011751e-05
Estrogen,PEX2,-2.10851547088,2.11611812298e-05
Estrogen,EPS8L2,-1.96408976262,2.119746967e-05
Estrogen,EHD3,-1.58050108852,2.1218692331e-05
Estrogen,PRMT5,2.88641553957,2.14665174034e-05
Estrogen,KDM5B,-2.81448006595,2.19060953977e-05
Estrogen,ISYNA1,2.22435584721,2.2116287282e-05
Estrogen,ARHGEF38,-1.25671726132,2.25116069982e-05
Estrogen,SQSTM1,-3.23854429891,2.2711471389e-05
Estrogen,FFAR2,-3.02355535191,2.27829210924e-05
Estrogen,RHOD,2.93863649887,2.29488154858e-05
Estrogen,ADIPOR2,-2.62332610818,2.31322201791e-05
Estrogen,CXXC4,-1.77987762748,2.32564582961e-05
Estrogen,RGL2,-2.71942360328,2.32794284829e-05
Estrogen,LMO7,-2.33398942775,2.45738999858e-05
Estrogen,IFT20,-2.83125798175,2.4747972653e-05
Estrogen,TRAFD1,-2.83218268734,2.5065316518e-05
Estrogen,CAPN1,-1.97306222623,2.54956692865e-05
Estrogen,ARHGAP26,2.4393632928,2.56852171642e-05
Estrogen,ARL15,-2.57027226261,2.58877899972e-05
Estrogen,GRM4,-1.20568556626,2.59801742557e-05
Estrogen,POLR1E,2.42075466098,2.61074766748e-05
Estrogen,RBM15,1.67326257184,2.61400064001e-05
Estrogen,RMND5B,-2.07446249095,2.83911648265e-05
Estrogen,GTF2IRD1,-2.77590685014,2.84254937514e-05
Estrogen,SERPINB1,-3.0473452808,2.9027124854e-05
Estrogen,DCTN2,-1.16332318462,2.92426778638e-05
Estrogen,NOLC1,4.27365624326,2.98268681072e-05
Estrogen,MEAF6,-1.84998425725,2.99552941783e-05
Estrogen,ASB8,-2.09146108632,2.99781469108e-05
Estrogen,IPO5,2.27684364736,3.01421325187e-05
Estrogen,ZPR1,2.81793480155,3.07357454797e-05
Estrogen,REEP1,3.25951941836,3.08161827597e-05
Estrogen,RARS2,1.05824756548,3.10954740914e-05
Estrogen,TRIL,-1.95005631881,3.12413804653e-05
Estrogen,DHX34,1.20066991792,3.12436170729e-05
Estrogen,UBA1,-1.48797798277,3.19788677085e-05
Estrogen,NAB2,3.04246241868,3.21261863267e-05
Estrogen,NT5DC3,2.57185882301,3.37841052309e-05
Estrogen,CAB39,-3.20385973993,3.42828485962e-05
Estrogen,TSPAN1,-2.39137939817,3.44070929983e-05
Estrogen,BLVRB,3.39997489035,3.46531809387e-05
Estrogen,CEACAM6,-3.4651777197,3.57854188836e-05
Estrogen,CDV3,2.64796417537,3.78361136697e-05
Estrogen,BCL2L1,-2.8229470685,3.82409840079e-05
Estrogen,NCOA2,-2.1346608779,3.96430900656e-05
Estrogen,PARD6B,2.13840307221,3.96654423932e-05
Estrogen,MPC1,1.91654901345,3.99666744065e-05
Estrogen,TGIF1,-3.37935326412,4.0138367216e-05
Estrogen,DIO1,2.59247008058,4.04546846829e-05
Estrogen,CDC6,6.83302740329,4.07205278977e-05
Estrogen,INPP4A,-1.68002654211,4.20278296803e-05
Estrogen,ATP6V1H,-1.41488542432,4.24818409876e-05
Estrogen,PAICS,3.21777905913,4.28494998254e-05
Estrogen,CEP97,1.92462958374,4.28631213104e-05
Estrogen,MOCS2,2.27342266064,4.36030153396e-05
Estrogen,SCYL3,-2.64224416507,4.50909423307e-05
Estrogen,GATAD1,-1.97513359376,4.61259510073e-05
Estrogen,ATP2A2,2.17759178091,4.64111403342e-05
Estrogen,UBXN1,-1.45457342657,4.69788203475e-05
Estrogen,SEC61A2,1.25394654085,4.75581784369e-05
Estrogen,ARL4A,-3.77328824157,4.77557628121e-05
Estrogen,WASL,-1.7316805144,4.80284394809e-05
Estrogen,CELSR1,1.21385513511,4.88257661557e-05
Estrogen,CSNK1A1,-1.56576979115,4.89803896358e-05
Estrogen,MAP6D1,1.66435795552,4.98904762886e-05
Estrogen,SSR3,3.10474597648,4.99316199985e-05
Estrogen,ERBB4,-1.58902301842,5.0862432331e-05
Estrogen,EXOSC2,2.62949413837,5.10754377084e-05
Estrogen,NOC3L,3.92151223849,5.21215763219e-05
Estrogen,UNC5C,-1.29881580021,5.29820928072e-05
Estrogen,CDYL,-1.84773535489,5.35219851901e-05
Estrogen,CDC14A,1.37418845462,5.4501233549e-05
Estrogen,BTG2,-5.50473089845,5.52168611487e-05
Estrogen,RNF14,2.14377085854,5.54715101492e-05
Estrogen,GPRC5C,-1.74659122352,5.55835690639e-05
Estrogen,ERLIN1,2.43619500759,5.57121545837e-05
Estrogen,TNPO1,1.94285910012,5.58366040858e-05
Estrogen,FAM189A2,2.2963217246,5.61382887218e-05
Estrogen,B4GALNT1,1.53548809769,5.62640461189e-05
Estrogen,ARHGEF10L,1.59643837888,5.66928049836e-05
Estrogen,DNAJC2,2.07278379616,5.73685686871e-05
Estrogen,BAG6,-1.47055946198,5.85934980604e-05
Estrogen,LAMB2,-2.93394598688,5.90682424455e-05
Estrogen,CERS2,-1.94058174045,6.01031019894e-05
Estrogen,TMEM80,-1.78782042552,6.07615043719e-05
Estrogen,WDR83OS,-1.79623429613,6.10464038899e-05
Estrogen,BSDC1,-1.568286474,6.12549216134e-05
Estrogen,CLEC2D,-2.24365125803,6.16528397369e-05
Estrogen,SEMA3G,2.87853133462,6.19659522938e-05
Hypoxia,PDK1,13.120449402558766,3.9967155916217565e-55
Hypoxia,ANKRD37,8.48497615199521,8.995462307846867e-55
Hypoxia,FAM162A,8.33555155151556,6.745428857735599e-53
Hypoxia,BNIP3L,14.120302370563392,1.986777454321033e-52
Hypoxia,ENO2,14.326939818224215,8.0956554140359e-49
Hypoxia,ANKZF1,7.3581628655820355,1.8442215352509777e-48
Hypoxia,NDRG1,22.08711949313988,6.251402027533532e-48
Hypoxia,INSIG2,13.562193843210398,7.172252190998713e-46
Hypoxia,FUT11,11.170582164162454,1.0848705090412338e-45
Hypoxia,KDM3A,10.850752743976678,1.968499449340881e-45
Hypoxia,PFKFB4,8.940270838819915,3.9599349757387095e-45
Hypoxia,GBE1,9.711499344287045,4.306089106861597e-45
Hypoxia,EGLN1,9.594450021663095,4.56725694693112e-45
Hypoxia,PGK1,9.993991393929369,9.88245351266058e-44
Hypoxia,HILPDA,16.707123547646272,1.0330579537792773e-43
Hypoxia,PLOD2,13.600144008727044,1.2180752199164034e-43
Hypoxia,RLF,7.070285475179907,1.3841306777623875e-43
Hypoxia,ALDOC,13.161523644516663,8.028079440185833e-42
Hypoxia,ERO1A,9.698198187800116,1.121444224539941e-40
Hypoxia,BHLHE40,15.242359597309465,2.3507825675157033e-40
Hypoxia,ALDOA,7.654678080881261,2.4505319401437168e-40
Hypoxia,BNIP3,19.41797403956135,6.846548533029188e-40
Hypoxia,GPI,8.549580220186382,8.579552933562e-40
Hypoxia,PLOD1,6.610224848855331,9.490972016350604e-39
Hypoxia,SLC2A1,8.67915398023849,1.2096833488575273e-38
Hypoxia,KDM4B,3.6502093225821697,1.4937721375067452e-38
Hypoxia,ZNF395,8.060934043547565,1.8327517396669674e-38
Hypoxia,MIR210HG,11.491864836574095,4.223077587855541e-37
Hypoxia,P4HA1,11.06765669269899,2.1186163901675006e-36
Hypoxia,PPFIA4,10.837614563420766,2.5442933075365625e-36
Hypoxia,EGLN3,11.655727921145276,2.3459014130015159e-35
Hypoxia,VLDLR,10.266334142486112,9.347067770860576e-35
Hypoxia,VEGFA,10.612898925768754,9.984955488258037e-35
Hypoxia,EFNA3,4.211740089377879,8.149922775918524e-34
Hypoxia,PFKFB3,14.547192077328102,1.763495049524291e-33
Hypoxia,MXI1,10.860921454642893,2.335180615383504e-33
Hypoxia,WDR45B,4.504362332270949,3.571380805048122e-33
Hypoxia,WSB1,7.024224347672526,4.981481728988113e-33
Hypoxia,LDHA,7.653450321804332,1.1760701257949107e-32
Hypoxia,AK4,9.693023500676851,1.441542807352941e-32
Hypoxia,NCKIPSD,2.336982502347681,1.5579535443951508e-32
Hypoxia,PGM1,7.88583461642632,8.089733021244545e-32
Hypoxia,SLC25A36,5.329043990266979,1.238625127789682e-30
Hypoxia,YEATS2,5.353127516506888,1.9457902113409833e-30
Hypoxia,ANGPTL4,12.640690645582348,2.031859959073779e-30
Hypoxia,TMEM45A,17.87680015652248,2.2225952803676178e-30
Hypoxia,NGLY1,3.5046086484829,2.7053869550462113e-30
Hypoxia,VKORC1,5.41943367385705,5.9115263117470395e-30
Hypoxia,SEC61G,4.741112933827921,3.856428704024158e-29
Hypoxia,ENO1,6.103862987397812,4.310275220709634e-29
Hypoxia,C8orf58,3.1078714347082625,7.005177129462672e-29
Hypoxia,LOC154761,10.191875799876831,1.8454126048247826e-28
Hypoxia,C4orf47,6.053300922097778,3.3084421329643046e-28
Hypoxia,MAPK7,2.63190452108407,3.8371564005067714e-28
Hypoxia,PDK3,4.399750738661217,4.605344977416633e-28
Hypoxia,CA9,13.961067838986262,4.639828286111253e-28
Hypoxia,ZNF292,6.02393811187105,2.1916664837634412e-27
Hypoxia,GAPDH,5.046552543867155,2.9127924157693144e-27
Hypoxia,PFKP,9.233200905574463,3.672904768977315e-27
Hypoxia,NRN1,6.727516861287743,1.0237764451601708e-26
Hypoxia,SPAG4,10.213071470614544,1.7278721464396362e-26
Hypoxia,RIOK3,3.730301284236218,1.9677816608485588e-26
Hypoxia,P4HA2,6.2803435571622455,2.022596583881206e-26
Hypoxia,C4orf3,7.437918887870261,2.7952187978538445e-26
Hypoxia,ZNF160,2.713924225105919,1.6734004882034575e-25
Hypoxia,WDR54,5.695501641785151,1.6870151841931201e-25
Hypoxia,MPI,3.502165309241745,2.1376957339418592e-25
Hypoxia,CLK3,3.564013767080937,2.544765365149162e-25
Hypoxia,PFKL,3.5446163885829014,2.769811182154821e-25
Hypoxia,ADM,17.825696141131807,5.050259208242104e-25
Hypoxia,NOL3,3.9380295361169138,5.994442211247063e-25
Hypoxia,DARS,3.670815844180791,6.511082060128561e-25
Hypoxia,PKM,4.745179717324236,7.2760320137602725e-25
Hypoxia,PGAM1,6.378265135027698,7.45623293312132e-25
Hypoxia,RAB20,4.256260325236859,1.134083127141832e-24
Hypoxia,SAP30,2.905750987571088,1.5278077062273414e-24
Hypoxia,LOX,7.461207816237273,1.6621643725377167e-24
Hypoxia,RBPJ,3.8514567458207236,1.8306508236441023e-24
Hypoxia,CRKL,2.554734213406757,2.271225408871263e-24
Hypoxia,NARF,4.09514912532848,4.730730133783716e-24
Hypoxia,FBXO42,2.2572287329470258,5.397749381315212e-24
Hypoxia,RORA,4.508771760265728,7.180647102464667e-24
Hypoxia,GYS1,4.922863343877431,1.3436486477648923e-23
Hypoxia,RNF24,3.8530589421282513,3.4696691082494897e-23
Hypoxia,ZNF654,4.28806196320664,3.65707961091671e-23
Hypoxia,PRSS53,1.9745062323810543,4.050745379899862e-23
Hypoxia,FAM13A,5.094179820464756,6.676380085483147e-23
Hypoxia,POP4,-2.314412633667518,7.082495684684262e-23
Hypoxia,ZMPSTE24,-4.392340277526979,1.331446577400424e-22
Hypoxia,PPP2R5B,3.482583396179474,1.5288500308706416e-22
Hypoxia,PAM,6.2642963862461665,1.9949562110424438e-22
Hypoxia,ZBTB25,3.4190588078493094,2.1811491817775185e-22
Hypoxia,TMX2,-3.6979440175759075,2.8849277320009923e-22
Hypoxia,FLAD1,-3.2942166219182485,3.8671975207301793e-22
Hypoxia,CCNG2,7.325840669282846,5.814270529756995e-22
Hypoxia,QRSL1,-2.2452978076758083,6.844875926529404e-22
Hypoxia,LOXL2,4.608767866597851,7.273958228148687e-22
Hypoxia,DOLK,-3.464171671590372,1.050260145495725e-21
Hypoxia,KDM4C,2.258150961667626,1.0592132317586831e-21
Hypoxia,BCKDK,2.645038791946143,1.5261735869913759e-21
Hypoxia,TBC1D9B,2.7205868593299334,1.8674546283266143e-21
Hypoxia,TPI1,3.7553822853297127,2.2955525135121157e-21
Hypoxia,STC2,8.03666591992239,2.9325016258633685e-21
Hypoxia,SLC35E1,2.8042079139259126,3.7601399993944135e-21
Hypoxia,CNOT8,3.3327837136098224,4.556361954860659e-21
Hypoxia,SNAPC5,-2.2667574333277214,5.1392128474470486e-21
Hypoxia,AIFM1,-3.51272845604812,6.292587803216278e-21
Hypoxia,HK1,4.583881962276678,8.278682086774258e-21
Hypoxia,PLEKHA2,4.193153232769131,1.1228823101647845e-20
Hypoxia,RIMKLA,3.60615612684223,1.3384014803666199e-20
Hypoxia,RSBN1,4.304569924620519,1.3404364007014047e-20
Hypoxia,PSME3,-4.263097722997203,1.8212830366315597e-20
Hypoxia,BEND5,4.452218839088689,1.836850369691376e-20
Hypoxia,RAB11FIP5,2.431085998290808,1.8938003170542258e-20
Hypoxia,TACO1,-1.9277233113497234,2.0190960058821706e-20
Hypoxia,MAP2K1,3.8312003496746487,2.6419290153707667e-20
Hypoxia,XPNPEP1,2.413297540603689,2.8024520478700713e-20
Hypoxia,C14orf169,-3.7212280372094946,3.1171399959405845e-20
Hypoxia,GOLGA8A,3.9893889282707047,4.709068798770952e-20
Hypoxia,FAM13A-AS1,3.1369922959996086,8.648230266776984e-20
Hypoxia,DDX41,3.919973581998626,1.334660725095927e-19
Hypoxia,FEM1C,3.6995214592841497,1.9986658658527498e-19
Hypoxia,CIAPIN1,-1.997054790021791,2.123190636943821e-19
Hypoxia,BCKDHA,4.121359980172041,3.0553187114839753e-19
Hypoxia,PPP1R13L,3.811961943625612,3.325999369189653e-19
Hypoxia,ITPR1,4.201790560351644,4.229342773320324e-19
Hypoxia,SH3D21,2.323480441832554,4.6808270997463815e-19
Hypoxia,SYDE1,2.277060110705822,6.882737766542078e-19
Hypoxia,MIF,5.763746698650383,6.917974554827408e-19
Hypoxia,RRAGD,4.925637897337701,8.190680839391599e-19
Hypoxia,RNASET2,2.268411673717594,8.504167999121528e-19
Hypoxia,POP1,-3.926371250049013,9.419512112201818e-19
Hypoxia,GPR146,5.564575203716415,9.705211927347143e-19
Hypoxia,JMJD6,3.0778257687078856,1.0858813004962698e-18
Hypoxia,WDR60,1.708956447242948,1.132420508264932e-18
Hypoxia,CXCR4,6.9244228080635555,1.2945177870951798e-18
Hypoxia,PPP1R3B,3.789845539604198,2.0073019596363405e-18
Hypoxia,ANG,6.907375817945045,2.2212759891656773e-18
Hypoxia,MRPS7,-3.1635204857436303,2.644358082823922e-18
Hypoxia,TMEM126B,-2.51512965808422,3.5681093896106324e-18
Hypoxia,GUK1,1.9582609396719315,4.104730945854896e-18
Hypoxia,PSMC2,-2.6401887378199422,6.568737228168014e-18
Hypoxia,DDX28,-1.7447613331592873,7.008940880114176e-18
Hypoxia,SLC5A6,-3.699105935385571,9.518842600753824e-18
Hypoxia,APTX,-1.6051450458934955,1.2136689525887407e-17
Hypoxia,ALKBH5,2.132992366514574,1.4467321523722266e-17
Hypoxia,MRPL15,-3.925583394839652,1.5108923252382945e-17
Hypoxia,ADAT1,-3.3416240847082683,1.808235238589324e-17
Hypoxia,MRPL46,-2.9199662372984965,3.0513726651163704e-17
Hypoxia,RNASE4,8.333771635891582,3.3027464549837817e-17
Hypoxia,LDHC,1.6989254737237043,3.7067103407495714e-17
Hypoxia,S100A10,4.5518038726093675,3.709461441258276e-17
Hypoxia,ARFGEF3,3.325418110673637,4.145793129350921e-17
Hypoxia,TOR3A,-3.492564940862361,4.706966962925347e-17
Hypoxia,ARID3A,2.195734444024249,4.745386084319292e-17
Hypoxia,PIGA,4.0804877847004875,5.938954857397927e-17
Hypoxia,CDC123,-3.063701567814056,6.13528726140706e-17
Hypoxia,SFXN3,4.002252432346166,6.372945941100796e-17
Hypoxia,RASSF7,2.0563732972246256,6.645607329815448e-17
Hypoxia,RPL26L1,-2.678821844088281,6.654550106100247e-17
Hypoxia,KDM5B,3.034506413293081,6.830191445707741e-17
Hypoxia,PCAT6,6.154848510101645,7.57409705954667e-17
Hypoxia,SLC2A3,8.079128643754643,8.682845274842828e-17
Hypoxia,DPCD,3.428145198695349,9.93478522442729e-17
Hypoxia,UBE2O,1.661543342311757,1.148399051934445e-16
Hypoxia,LARS2,-2.4732525047864735,1.1543335151775664e-16
Hypoxia,THTPA,-2.3627081698886023,1.2007218675776733e-16
Hypoxia,CEP250,1.5638110582507698,1.2031811000500724e-16
Hypoxia,NFIL3,7.829555004710245,1.2614351435278955e-16
Hypoxia,POP5,-3.9099608405801924,1.3399187081633525e-16
Hypoxia,PPP1R3C,5.752782526476846,1.5080224382392114e-16
Hypoxia,PSMC5,-2.802349847737233,1.556376567643849e-16
Hypoxia,SLC25A20,-2.6183589372167275,1.7336806015939763e-16
Hypoxia,POLR3B,-2.0689375817905096,1.7563001748136205e-16
Hypoxia,COA7,-4.1498036669391505,1.9238027522760487e-16
Hypoxia,SMAP1,2.8399143458015685,2.197768687270575e-16
Hypoxia,LNPK,4.213431985278306,2.800537602607943e-16
Hypoxia,GOT2,-2.864969182180058,2.8478051795452757e-16
Hypoxia,EXOG,-1.4894322165485376,3.05226705183823e-16
Hypoxia,TOR1A,-1.7719123280270863,3.347686595988523e-16
Hypoxia,NDUFS1,-2.040840158918007,4.005495649227095e-16
Hypoxia,DPYSL4,2.540699555765737,4.0694914439041557e-16
Hypoxia,KCTD11,6.439870969426728,4.193700547855633e-16
Hypoxia,BHLHE41,4.444408189543169,4.681062688105389e-16
Hypoxia,GPATCH4,-2.1523315367630587,4.750458145036027e-16
Hypoxia,LYRM2,-1.8867177006315923,4.882971724605004e-16
Hypoxia,SERTAD2,3.877243216066145,5.56301776172867e-16
Hypoxia,MRPL4,-2.970650757772649,6.856449904578645e-16
Hypoxia,TSN,-2.3288829887831546,1.1157703290058086e-15
Hypoxia,CLK1,5.260154557836777,1.248316194064291e-15
Hypoxia,MRPS16,-2.4805293932879233,1.3640290256623355e-15
Hypoxia,ABHD11,-2.071009882639509,1.4400886832835408e-15
Hypoxia,ZMYM2,1.9414276413084275,1.5961638856674785e-15
Hypoxia,NDUFAF1,-2.8000379049835584,1.6048895209410403e-15
Hypoxia,NOC4L,-2.2396695052142386,1.788101273042541e-15
Hypoxia,SMYD2,1.9441799265277497,2.221382081186173e-15
Hypoxia,EFEMP2,3.834507845938647,2.3191483233032566e-15
Hypoxia,RNMT,2.9871826463336317,2.481969136660236e-15
Hypoxia,CRYBB2P1,1.1406228040291007,2.762086370566434e-15
Hypoxia,FTSJ3,-2.4768043331799476,3.379430805417658e-15
Hypoxia,TRMT12,-2.4931726786634165,3.604361465841209e-15
Hypoxia,C2orf47,-2.431306660479223,3.8235498325327724e-15
Hypoxia,NOL9,-2.308923385846327,4.304651734403838e-15
Hypoxia,DPAGT1,-2.693696442277505,4.490896554557703e-15
Hypoxia,ANAPC13,-1.9608116353813896,4.614575485582865e-15
Hypoxia,TMSB10,3.680074286451887,6.160595883533469e-15
Hypoxia,PLXNA3,1.9083216031599346,7.216347116522918e-15
Hypoxia,DFFA,-2.0385178132432973,7.557447157611175e-15
Hypoxia,EIF2B1,-2.238971978843252,7.9825904504737e-15
Hypoxia,HK2,5.517048642809716,1.0209676502300848e-14
Hypoxia,RNASEH1,-2.7207934002370866,1.0404464854226732e-14
Hypoxia,DCTN5,-1.5969795717367083,1.187161842544417e-14
Hypoxia,OGFOD1,-2.6289298034814967,1.2217684211067057e-14
Hypoxia,ITGA5,5.854338040863591,1.2930282985547135e-14
Hypoxia,DHX35,-1.629234830470426,1.3207669960203431e-14
Hypoxia,PPME1,2.756421675881129,1.4776435032736266e-14
Hypoxia,HCG4,2.8633829241771585,1.4860240573191828e-14
Hypoxia,WDR73,-2.4685273892023134,1.7260841497437906e-14
Hypoxia,IDH3A,-3.0477569435637504,1.8196564436195476e-14
Hypoxia,WDR77,-3.786545357338094,1.8524456090137537e-14
Hypoxia,DDX19A,-1.8047223919098747,1.880897865322911e-14
Hypoxia,FGF11,2.3894888440073667,1.997971922015342e-14
Hypoxia,PRMT3,-4.056321457105439,2.0544237506536594e-14
Hypoxia,SLC6A8,4.523491487859129,2.273346029773736e-14
Hypoxia,FH,-2.5277603936625948,2.278173132281183e-14
Hypoxia,MRPS28,-2.7890624647647804,2.9111521777606434e-14
Hypoxia,AIMP2,-2.6074370881877678,3.3011653605831255e-14
Hypoxia,MRPL58,-2.8790933214685044,3.383313533210913e-14
Hypoxia,COA3,-1.799909293524038,3.447847927652778e-14
Hypoxia,CSRP2,4.270685112250237,3.482781349354223e-14
Hypoxia,PLIN2,2.87610350682493,3.5298361158672016e-14
Hypoxia,TRAPPC13,-2.0144349053418105,4.7144225788158994e-14
Hypoxia,SPRTN,-3.3443045025858416,5.0275273676983794e-14
Hypoxia,C7orf49,-2.2534382338355634,5.79914035890856e-14
Hypoxia,BCS1L,-2.5699599423741386,5.881602379133107e-14
Hypoxia,FKBP15,1.3459697315477603,6.154121490397038e-14
Hypoxia,MRPL20,-1.7756746213234014,6.298833724754822e-14
Hypoxia,SNRPC,-2.1640100646643914,6.480085682508702e-14
Hypoxia,LRP1,2.5998654023519223,6.531273053551503e-14
Hypoxia,TRAPPC3,-1.6255273429093722,7.10805710946493e-14
Hypoxia,TMEM33,-2.7560336015582507,7.541030821610601e-14
Hypoxia,POLDIP2,-1.9059672524755578,7.861467687874812e-14
Hypoxia,SNX19,-1.279834135825225,7.89231469789059e-14
Hypoxia,OBSL1,1.786313035112926,8.243153470412379e-14
Hypoxia,TIMM22,-1.9842647264105595,8.77638424576945e-14
Hypoxia,NDUFA4L2,3.0483323572637553,8.825798097067792e-14
Hypoxia,NDNF,2.937456980643922,8.941955318404069e-14
Hypoxia,TTC1,-1.6760756102254006,9.762284284514724e-14
Hypoxia,RAE1,-1.4168194716999487,9.906929876402568e-14
Hypoxia,TMEM138,-4.443861193512545,9.93299550980629e-14
Hypoxia,FAM210A,4.0181036830511845,1.0050738220125192e-13
Hypoxia,DIMT1,-2.4355583989067497,1.0709767758376042e-13
Hypoxia,RPUSD2,-2.2173523315467683,1.09611330385944e-13
Hypoxia,CECR5,3.2421730493559044,1.1048830206845992e-13
Hypoxia,PNRC1,7.818550433819991,1.1308868787694469e-13
Hypoxia,PAPD7,3.7754118736553477,1.1764919675921546e-13
Hypoxia,KISS1R,5.306138062675028,1.2351416191527166e-13
Hypoxia,ARRDC3,7.5122485545009585,1.2762021740499879e-13
Hypoxia,INHA,2.4376749285466093,1.2787649742016234e-13
Hypoxia,ANAPC7,-2.988949018755282,1.3285409517779737e-13
Hypoxia,METTL21B,3.1224130940351276,1.4169955472464153e-13
Hypoxia,WDR5B,-3.1129043907881067,1.4197697744009477e-13
Hypoxia,LGALS1,4.121362019588343,1.4296188069782993e-13
Hypoxia,PSMD1,-3.2245351502119255,1.484706799217552e-13
Hypoxia,IPMK,2.345320538177582,1.534519665016079e-13
Hypoxia,C12orf43,-2.3206345241300363,1.6268537591904978e-13
Hypoxia,JAM2,2.4794256963485313,1.817881071356317e-13
Hypoxia,APEH,-2.163653476905907,1.8246571853989863e-13
Hypoxia,SEMA4B,6.046855671061403,1.8342234692149708e-13
Hypoxia,COPS5,-1.875468066774451,1.8435994122109824e-13
Hypoxia,METTL13,-2.3594897734028573,2.163118597290946e-13
Hypoxia,RRS1,-5.2120889556279,2.49783874875303e-13
Hypoxia,LRP2BP,1.4709958149585411,2.5654519328171314e-13
Hypoxia,CIART,3.430514707279541,2.722773289564898e-13
Hypoxia,NIPA2,-2.4509153757416375,3.157958542159425e-13
Hypoxia,MRPL18,-2.729690488708861,3.16525480958801e-13
Hypoxia,COL6A2,2.001529477547076,3.2100838721910583e-13
Hypoxia,IGFBP3,11.260280794102004,3.310264609888596e-13
Hypoxia,MAPKAP1,-1.9357903824225586,3.3340610764356105e-13
Hypoxia,CSTF2T,-2.529696060549991,3.9750651925352903e-13
Hypoxia,PNPO,-2.912503130173246,3.985178605277391e-13
Hypoxia,SLC25A12,-2.4174660156089063,4.054209748157541e-13
Hypoxia,PIAS2,2.082003524881038,4.2535094150884247e-13
Hypoxia,POLR2G,-2.3594695464305073,4.352131127437416e-13
Hypoxia,IDE,-2.376930450085442,4.4840558277013045e-13
Hypoxia,FDX1,-1.8850707624954217,4.775782551972423e-13
Hypoxia,POLR3K,-3.586193722342555,5.241271981698183e-13
Hypoxia,MRPL35,-2.3992842256836235,5.30487920478195e-13
Hypoxia,CCT3,-3.307084049738656,5.48898542991316e-13
Hypoxia,C1orf131,-3.0661893609861584,5.804357507945208e-13
Hypoxia,GCDH,-1.957268957032948,5.940542870839334e-13
Hypoxia,FASTKD3,-3.12530730464573,5.978387832759318e-13
Hypoxia,ZNF174,-1.420945820535216,6.161397260870981e-13
Hypoxia,SERGEF,1.4386305464612388,6.210686180084646e-13
Hypoxia,C8orf33,-2.5680798624727115,6.221804648905574e-13
Hypoxia,TEX261,-1.7038981503975332,6.324699346544758e-13
Hypoxia,RYBP,3.010853760438994,7.093958933548795e-13
Hypoxia,GYG1,-3.0563547106481925,7.214482135965204e-13
Hypoxia,AURKAIP1,-1.5306230613072307,7.459510439567599e-13
Hypoxia,TIMM8B,-2.544298685904183,7.63642629231225e-13
Hypoxia,TNIP1,4.579503709844057,7.755271871833374e-13
Hypoxia,ZNF689,-2.397997972500394,8.128602349383719e-13
Hypoxia,PPP2R1B,-1.499356624826879,8.18973923631985e-13
Hypoxia,ATP5G3,-2.0302708799396165,8.447225472231378e-13
Hypoxia,C9orf78,-1.7121433933156125,8.79861054958258e-13
Hypoxia,NDUFB2,-1.7997502470484399,9.589856570012864e-13
Hypoxia,UPK1A,2.6672403722780915,9.879300257580626e-13
Hypoxia,SCAND2P,1.1519658855191481,1.083782246064629e-12
Hypoxia,UQCR10,-2.053162470999233,1.1090612230461697e-12
Hypoxia,QSOX1,3.0160220487604787,1.1299810788733177e-12
Hypoxia,ORC5,-2.3440890108227292,1.1317421275759666e-12
Hypoxia,ITPA,-2.1863925756397435,1.1973835767492391e-12
Hypoxia,TMEM74B,1.8588395984299633,1.2204745724132151e-12
Hypoxia,BBX,2.4835177588592514,1.2438839533148102e-12
Hypoxia,SLC25A44,-2.3423421574456875,1.3476195161321804e-12
Hypoxia,TOE1,-2.806949501117773,1.4039340791732548e-12
Hypoxia,PITPNA,-1.9209656571584677,1.417094740361877e-12
Hypoxia,EMC8,-2.601193065182723,1.4333531675680316e-12
Hypoxia,MGEA5,2.30164648512524,1.4890140496519555e-12
Hypoxia,HMBS,-2.791350240682097,1.5017219347878174e-12
Hypoxia,MINA,-2.6833579038408004,1.5025160166534116e-12
Hypoxia,GEMIN6,-2.148982863102636,1.5670258729463794e-12
Hypoxia,FLNB,3.8058816896165917,1.5741399290511737e-12
Hypoxia,C3orf58,2.395454988284792,1.615174684970031e-12
Hypoxia,GPN1,-1.6400501131113006,1.6203800358550684e-12
Hypoxia,TXNDC9,-2.301007005612991,1.6600596948383733e-12
Hypoxia,THAP7,-1.8291829237524662,1.683768004923443e-12
Hypoxia,CBX6,-2.5507208109163164,1.7206096124615246e-12
Hypoxia,TPD52,2.5604894727918244,1.7244022937077424e-12
Hypoxia,PRKAA2,2.3551937224484565,1.7399095697707148e-12
Hypoxia,SNAPC3,1.848938159871364,1.7613253456949717e-12
Hypoxia,EIF2B3,-3.0562961336889645,1.834905566658014e-12
Hypoxia,ATR,-2.209611990831505,1.8426156434680047e-12
Hypoxia,ING1,2.041129032957113,1.975307045375368e-12
Hypoxia,TRNT1,-2.66569178912644,2.011046785855663e-12
Hypoxia,SLC35B1,-2.607280220854836,2.0732763776839343e-12
Hypoxia,SPRYD4,-2.172289886424798,2.1822816841733377e-12
Hypoxia,CRABP2,3.859450242426783,2.3020605632218317e-12
Hypoxia,MRPL40,-2.097246382822692,2.3191967949929916e-12
Hypoxia,UNC119,2.053691862778733,2.486802946521279e-12
Hypoxia,MKKS,-2.636212091274454,2.500843942945924e-12
Hypoxia,MOB3A,2.586841675025232,2.6978691478742807e-12
Hypoxia,LSM1,-1.6744420634555506,2.842220858556819e-12
Hypoxia,LRRC8D,-2.869106972988778,2.869082032443524e-12
Hypoxia,PSMA5,-2.891400363627801,2.9629458887834794e-12
Hypoxia,ATP5B,-2.377573886535455,3.1770131618718393e-12
Hypoxia,HGH1,-1.930688904201363,3.2212684920685205e-12
Hypoxia,POLR2K,-2.2645544387090704,3.265803723455147e-12
Hypoxia,MRPS11,-1.6914417546479843,3.3440999341939697e-12
Hypoxia,HSPA4,-2.7150618973555427,3.3632752920311305e-12
Hypoxia,FOSL2,3.852106800418631,3.426476579723817e-12
Hypoxia,PRELID2,2.792070665695089,3.5575101189851557e-12
Hypoxia,DHX29,-2.061205684709994,3.658108570367166e-12
Hypoxia,NPEPPS,2.9677996571521743,3.6795018784121246e-12
Hypoxia,YTHDF2,-2.147222137073613,3.6950012038718755e-12
Hypoxia,PSMG1,-3.9099054158244373,3.725886898041221e-12
Hypoxia,KDM7A,5.319220483888896,3.779097108393266e-12
Hypoxia,UMPS,-2.1471559169156413,3.997085399044215e-12
Hypoxia,BTG1,5.257514199567409,4.591731116800748e-12
Hypoxia,DUS1L,-2.15438755021264,4.733475133726229e-12
Hypoxia,CDK19,2.4356317987158267,4.743124544119364e-12
Hypoxia,ARFGAP2,-1.476651886021558,4.9652823339553366e-12
Hypoxia,STC1,8.288736897781126,5.028831783160148e-12
Hypoxia,COMMD8,-2.46525168743617,5.2524157738904656e-12
Hypoxia,BLMH,-2.405266681930843,5.4760300226940225e-12
Hypoxia,PLAGL1,3.255836366768596,5.7167429371990595e-12
Hypoxia,FASTKD2,-1.7473924316468077,5.731954787968801e-12
Hypoxia,DTD2,-3.4718862917259607,5.796091693001033e-12
Hypoxia,MPV17L2,-2.944230239451056,5.9645934215590184e-12
Hypoxia,PSMD5,-1.2110326101524664,6.193601890831209e-12
Hypoxia,WDR46,-2.388550309497335,6.22728190436266e-12
Hypoxia,POMGNT1,-1.3074608365015237,6.369737814931971e-12
Hypoxia,ATG3,-1.7156726699492797,6.753465586726239e-12
Hypoxia,KLF7,3.7322433835951867,6.817335849313177e-12
Hypoxia,HTATSF1,-1.8513366417101453,6.963089140394791e-12
Hypoxia,MFSD10,2.1612230409288897,6.966006715479698e-12
Hypoxia,PHF21A,2.7901076867350314,7.005188682463133e-12
Hypoxia,FOXRED2,-1.7644811000978478,7.132651690291744e-12
Hypoxia,MRPL13,-2.145988444903863,7.253091936348562e-12
Hypoxia,CDK12,-1.2653368640675267,7.498123225272666e-12
Hypoxia,SCO1,-2.8063674938507868,7.667174658269053e-12
Hypoxia,LOC100630923,1.6819585709957197,7.713117412328744e-12
Hypoxia,TET1,3.7186589917614663,8.807034299817605e-12
Hypoxia,HSPH1,-4.376255868098495,9.61712420739155e-12
Hypoxia,MRPL12,-2.485212015345377,9.809972320145801e-12
Hypoxia,METTL8,-2.062859451900336,9.866082645327835e-12
Hypoxia,TYW1,-1.8066939399561215,1.0113437158528183e-11
Hypoxia,ZNF142,-1.2410446404777586,1.0557229086447641e-11
Hypoxia,CABIN1,1.3274023443671261,1.0597791000810162e-11
Hypoxia,GPS1,-2.0302091989726416,1.1304740286934737e-11
Hypoxia,MFSD5,-2.5480763805089914,1.1943153525682128e-11
Hypoxia,GFM1,-1.7599226389228886,1.2103520919331976e-11
Hypoxia,UROD,-1.6479466642640273,1.223284114279275e-11
Hypoxia,NUDT9,-1.7274062987712995,1.2762742155327367e-11
Hypoxia,SNTA1,1.72346420037044,1.291321861888701e-11
Hypoxia,NOL11,-3.409769393777165,1.36631314624256e-11
Hypoxia,CSTF2,-2.5477856962668444,1.4152364073814713e-11
Hypoxia,ERCC8,-1.4103510355206694,1.4631548968266875e-11
Hypoxia,API5,-1.8432132732384046,1.4664225579452576e-11
Hypoxia,TMEM147-AS1,-1.3310416347153395,1.5203006750985184e-11
Hypoxia,USP14,-1.834644059340095,1.5515719568012903e-11
Hypoxia,ATP5G1,-3.296001619534112,1.577699264529344e-11
Hypoxia,PYCRL,-2.5627367067425624,1.6049971067824262e-11
Hypoxia,EIF2B4,-1.6480489396361455,1.6306532517999603e-11
Hypoxia,RBM45,-1.4027164280996085,1.6808353456156818e-11
Hypoxia,UTP20,-3.168896975591616,1.8061254036777998e-11
Hypoxia,EXOSC4,-2.606448926753976,1.8260476070334754e-11
Hypoxia,PREB,-2.014908569001984,1.8409999059400396e-11
Hypoxia,DLD,-2.2066630591149012,1.868527421754036e-11
Hypoxia,SDAD1,-2.3857617749215567,1.91098661980531e-11
Hypoxia,P4HB,2.3578268203021264,1.9622619108446298e-11
Hypoxia,TMEM70,-1.953321760228807,2.0344571565639622e-11
Hypoxia,LGALS8,2.054093622275958,2.0464933430570402e-11
Hypoxia,MZF1,1.1974902243886212,2.0902707264454963e-11
Hypoxia,PRKAB1,-1.903793910096004,2.1028167638485023e-11
Hypoxia,ALG6,-2.63560203293256,2.1893766959550495e-11
Hypoxia,DDX1,-2.121987033757792,2.2235818092753486e-11
Hypoxia,TRIM26,-2.3797831974278303,2.2604152643287674e-11
Hypoxia,ASNSD1,-2.333526346966398,2.3493118828808328e-11
Hypoxia,PARK7,-2.0755889885862278,2.352853288182474e-11
Hypoxia,DDX56,-1.979132902956779,2.362033008149263e-11
Hypoxia,LSG1,-2.650718476815219,2.3748473968645018e-11
Hypoxia,HSD17B10,-2.661159694634142,2.4062898292883954e-11
Hypoxia,HDAC3,1.6147928977958466,2.416378926042897e-11
Hypoxia,SPECC1L,-1.7650790017954754,2.478929042009153e-11
Hypoxia,RNF113A,3.244010208399172,2.5012853967804995e-11
Hypoxia,HIKESHI,-1.829264326270807,2.5198303830442176e-11
Hypoxia,NSMCE4A,-2.0193312694321905,2.587944180401621e-11
Hypoxia,DDX52,-1.5824599892072038,2.59424066965057e-11
Hypoxia,UBIAD1,-1.775711508426482,2.6657887085803997e-11
Hypoxia,ETF1,-2.924199263852389,2.6826481246276652e-11
Hypoxia,TRIM44,-1.399824905612769,2.6883826420979133e-11
Hypoxia,ATP5A1,-1.4554917286668778,2.6917608706164533e-11
Hypoxia,TRMT5,-2.104869428500952,2.902220904524449e-11
Hypoxia,BMT2,4.57748539821363,2.954771163849889e-11
Hypoxia,SIGMAR1,-3.006936473825775,2.9758612531269204e-11
Hypoxia,SEPHS2,-2.5204474839043454,3.08459994172858e-11
Hypoxia,NBAS,1.3386734152968307,3.3100061494655645e-11
Hypoxia,SLC25A17,-1.5329396913592856,3.3689994917827935e-11
Hypoxia,SRP19,-2.4921839245778252,3.419593016665334e-11
Hypoxia,EMG1,-3.7200164854198516,3.459259666621938e-11
Hypoxia,ERH,-2.4842743017265443,3.647316966350278e-11
Hypoxia,PNMA2,1.753068652119861,3.788575427869735e-11
Hypoxia,NUP58,2.969456299495972,3.8058198518350736e-11
Hypoxia,OXLD1,-1.936950229686737,3.90035492477115e-11
Hypoxia,UTP3,-2.642263043789878,3.901930846152972e-11
Hypoxia,COASY,-1.7515436788482193,4.046452315574295e-11
Hypoxia,CCT6A,-2.9995977393824242,4.087865640722092e-11
Hypoxia,SUOX,-2.5779959269067843,4.1411912775584887e-11
Hypoxia,TIMM10,-3.187004645803452,4.2415479390443894e-11
Hypoxia,SCLY,-2.0205454516242334,4.261450914872646e-11
Hypoxia,PSMC1,-2.1031064858527007,4.344767908616166e-11
Hypoxia,DHX57,-1.224562100104471,4.427892635670254e-11
Hypoxia,SETMAR,-1.3778778953979598,4.474479026549246e-11
Hypoxia,UBE2L3,-1.4832368934967557,4.528713397527644e-11
Hypoxia,LARP4,-2.6300490738059747,4.609128514175101e-11
Hypoxia,RRAGA,2.5608289647649736,4.661127080959255e-11
Hypoxia,MTERF1,-1.8428588976219007,4.683523424208624e-11
Hypoxia,SAR1B,-2.217745304917667,4.728623432441234e-11
Hypoxia,MTFP1,3.7274741711784856,4.805454555152264e-11
Hypoxia,B3GNT4,1.4286916137671304,4.844211660037173e-11
Hypoxia,PDCD2,-1.3463319901187596,4.874732137198728e-11
Hypoxia,TMEM177,-2.2193264347760393,5.14152773185678e-11
Hypoxia,MRM2,-2.74796609185056,5.465079528014601e-11
Hypoxia,TMEM9B,-1.837816819562811,5.472925881844647e-11
Hypoxia,AKIP1,-1.6752712456251875,5.526580260680933e-11
Hypoxia,MRPL57,-1.4335160331411603,5.575176944613722e-11
Hypoxia,MKNK2,3.53880909997319,5.7445564197171964e-11
Hypoxia,OXSR1,2.045557491261818,5.866488047386181e-11
Hypoxia,RMDN3,-1.5846260957344513,6.21081873398883e-11
Hypoxia,PSMB6,-2.5081497227326675,6.21738917652861e-11
Hypoxia,AREL1,-1.2651485298434362,6.245083469346687e-11
Hypoxia,TSEN2,-2.129186693061285,6.612657199611893e-11
Hypoxia,GON7,-3.1179769375459516,6.788546183891466e-11
Hypoxia,TIMM8A,-1.9003592509786569,7.066173072351213e-11
Hypoxia,LARP1,-1.7452036519965786,7.17183152620639e-11
Hypoxia,CCDC137,-2.5916183765008016,7.600195616016696e-11
Hypoxia,USP39,-1.8997940754686948,7.8500221652584e-11
Hypoxia,VCP,-2.2493936797457863,7.879183282995004e-11
Hypoxia,RUVBL1,-3.551232173222375,7.883184051560612e-11
Hypoxia,PSMD12,-2.822074750799161,7.937156180306425e-11
Hypoxia,SLC35F6,-1.4175295473381955,7.959074403228672e-11
Hypoxia,MRPL9,-1.9337992332756069,8.185712152885033e-11
Hypoxia,LONP1,2.9505982881464816,8.302904554249263e-11
Hypoxia,ZCCHC10,-1.9040911018562106,8.308787475496451e-11
Hypoxia,ABCF2,-1.7756517897871806,8.332598785722349e-11
Hypoxia,HDDC2,-1.680216740409753,8.347752536929277e-11
Hypoxia,JMJD4,-1.3379080363813836,8.519416947236892e-11
Hypoxia,MRPL24,-2.4803688741417083,8.748411370292736e-11
Hypoxia,MGAT2,-1.8578295094610864,8.895084431904536e-11
Hypoxia,EHD2,1.9911696443124782,8.968613038320589e-11
Hypoxia,CEP41,-1.0148456490348066,9.29157364672974e-11
Hypoxia,ANXA7,-2.130982967178883,9.30062493359132e-11
Hypoxia,CCT5,-3.1517331709635643,9.466947297083876e-11
Hypoxia,POGLUT1,-2.6446286305106703,9.527758340898451e-11
Hypoxia,NDUFS3,-2.0396677690227123,9.692667226064188e-11
Hypoxia,SLC6A6,2.537868489108946,9.780222593242566e-11
Hypoxia,ARHGAP45,1.5770311542488606,1.0113753225706401e-10
Hypoxia,NDUFAF4,-3.5849553296710095,1.03086779194747e-10
Hypoxia,XRCC5,-1.7270656416275405,1.0375178126891305e-10
JAK-STAT,OAS1,15.02871458808529,1.0579835555034053e-41
JAK-STAT,HERC6,8.7696758787049,1.3450406278684532e-38
JAK-STAT,OAS3,10.618841819069107,1.214358134072169e-37
JAK-STAT,PLSCR1,8.481603172606215,8.95520557924246e-37
JAK-STAT,DDX60,12.198233209424696,9.15097090089524e-36
JAK-STAT,TRIM21,6.674188117175322,1.2992653366683274e-35
JAK-STAT,SP110,8.678712721003516,2.1482557837725538e-35
JAK-STAT,DDX58,12.96537824941593,2.6504061576152213e-35
JAK-STAT,RSAD2,22.898727433412805,2.801133408429055e-35
JAK-STAT,STAT1,9.083936566082984,3.529055698468323e-35
JAK-STAT,IFI44,12.450862527212522,3.534853295291001e-35
JAK-STAT,IFIT1,27.85136308886104,4.355448524666527e-34
JAK-STAT,IFI44L,18.867155888745373,7.463051417743971e-34
JAK-STAT,OAS2,9.624826433910476,1.010957211604815e-33
JAK-STAT,SP100,4.476509316100021,1.0687980919787662e-33
JAK-STAT,IFI35,10.598535682064476,6.155418497801277e-33
JAK-STAT,MX2,11.818703102625824,3.850784102179919e-32
JAK-STAT,SAMHD1,7.133444858969064,7.63041603659263e-32
JAK-STAT,ISG15,20.039033525061807,1.1613551915738114e-31
JAK-STAT,DDX60L,7.202283033122158,1.555885111077709e-31
JAK-STAT,IFI6,12.579694504712801,8.686598483311274e-30
JAK-STAT,NMI,7.432654587630982,1.7514344530823464e-29
JAK-STAT,USP18,12.17801175279867,5.019336004748944e-29
JAK-STAT,IFIT3,20.592306560138873,5.589977056491076e-29
JAK-STAT,IFI16,7.284513462846863,7.175708121626704e-29
JAK-STAT,SAMD9,10.426219160315991,8.974359077363447e-29
JAK-STAT,EIF2AK2,5.7230163248751165,2.2188944740939263e-28
JAK-STAT,XAF1,8.780286115021156,2.403945628584876e-28
JAK-STAT,MX1,19.384131266493444,2.9048548954772138e-28
JAK-STAT,BST2,8.104993585472233,1.5063848696998206e-27
JAK-STAT,IFIH1,8.34769265175166,2.3786055352664977e-27
JAK-STAT,SLC25A28,3.9334616541440486,4.074778992146872e-27
JAK-STAT,C19orf66,5.478126049858063,3.422786814081014e-26
JAK-STAT,RTP4,9.451139675812419,9.228591052457167e-26
JAK-STAT,TDRD7,6.56664681954279,1.3043399902884939e-25
JAK-STAT,IFI27,11.20265458228107,1.6271744805529682e-25
JAK-STAT,IFIT5,7.948068935223525,2.351352320938215e-24
JAK-STAT,IFITM1,13.943094211839188,2.453837718975967e-24
JAK-STAT,UBE2L6,8.215585125993922,2.482560149648757e-24
JAK-STAT,PML,3.608525276727841,4.964127177995494e-24
JAK-STAT,BATF2,8.613495106102707,1.1085147612124377e-23
JAK-STAT,EPSTI1,12.08161764162436,1.2243235698653213e-23
JAK-STAT,APOL2,3.656057664879002,3.126546542996474e-23
JAK-STAT,OASL,12.710727206366562,6.592331156277368e-23
JAK-STAT,LAP3,7.3849588673353095,9.215798526756205e-23
JAK-STAT,SLC15A3,4.260739183475992,1.2184965489255292e-22
JAK-STAT,IRF7,8.06937432090483,3.0827264983227414e-22
JAK-STAT,DHX58,4.909942134787099,3.5634616032143144e-22
JAK-STAT,HELZ2,4.762151884401938,5.990639453563932e-22
JAK-STAT,ADAR,3.874928960702245,8.83642468594821e-22
JAK-STAT,PARP14,6.397283812786976,9.036224902730698e-22
JAK-STAT,TMEM62,2.3069352990793845,1.4169631553101215e-21
JAK-STAT,TRIM14,3.0379588513996647,2.3957783078965024e-21
JAK-STAT,SECTM1,5.9932298839983975,9.936189308109715e-21
JAK-STAT,RNF114,2.491567548621603,1.5191586256177422e-20
JAK-STAT,APOL6,6.474920883034865,3.3434181773088344e-20
JAK-STAT,ETV7,4.779528161895114,4.464608069713474e-20
JAK-STAT,TAP2,3.592260360584077,7.766065734771124e-20
JAK-STAT,IFIT2,16.18714603519944,1.5243715670291834e-19
JAK-STAT,PARP9,8.715151859092401,1.6221395466348445e-19
JAK-STAT,IRF9,7.526584188931556,2.0090130138900413e-19
JAK-STAT,PHF11,3.8617313364104704,2.4547278854156245e-19
JAK-STAT,TAP1,9.777638343120818,3.0574874755611356e-19
JAK-STAT,TRIM5,3.4234903429741017,3.401332014709718e-19
JAK-STAT,PSMB8,5.869684020695553,6.409619954716527e-19
JAK-STAT,TRIM38,3.4927261463022377,8.865117824864077e-19
JAK-STAT,APOL4,2.514465674898156,1.6922831339172671e-18
JAK-STAT,PARP12,6.944101053238898,1.9598724687491695e-18
JAK-STAT,SAMD9L,10.56289910330413,2.2372909878982942e-18
JAK-STAT,APOBEC3G,2.826463109697765,2.4538504559429917e-18
JAK-STAT,CMTR1,2.78086050029633,1.6615175903019012e-17
JAK-STAT,HERC5,9.119642406894489,1.805137833863078e-17
JAK-STAT,STAT2,4.147176067876936,2.481095996403995e-17
JAK-STAT,OGFR,2.042478137505971,2.7911505714082124e-17
JAK-STAT,GBP1,10.3986860770214,5.654091330182896e-17
JAK-STAT,MYD88,4.3044307229500545,7.772022721329229e-17
JAK-STAT,TRIM22,10.56745749719138,1.0272562651769681e-16
JAK-STAT,TMEM140,5.107141044091232,2.2282380091893144e-16
JAK-STAT,RNF213,4.9375160567301375,4.10880000552221e-16
JAK-STAT,CMPK2,15.928771442465818,4.555258447683738e-16
JAK-STAT,LAMP3,9.973230294016133,8.369215425219702e-16
JAK-STAT,NLRC5,6.546845260659191,1.534353957734478e-15
JAK-STAT,TRANK1,3.5888746849196402,3.3000408998807314e-15
JAK-STAT,ZBP1,1.9414515596319635,3.607425337620383e-15
JAK-STAT,PRKD2,2.1554948782429326,3.766519944573518e-15
JAK-STAT,APOL1,5.347499122701419,4.008821204257916e-15
JAK-STAT,PSMB9,8.15851150604537,4.42397427429884e-15
JAK-STAT,GBP4,8.084657669824605,9.209428097946259e-15
JAK-STAT,CYP2J2,2.0935776003100353,9.793793150076291e-15
JAK-STAT,TRIM25,3.4141309207242134,1.0240423072997953e-14
JAK-STAT,PSMB8-AS1,4.49605503557896,1.6861818029184153e-14
JAK-STAT,ZC3HAV1,5.133726992521155,2.9736142902994704e-14
JAK-STAT,ZNFX1,6.496398214168282,2.984271769378438e-14
JAK-STAT,DTX3L,8.35841869796418,3.194910130000911e-14
JAK-STAT,CNP,2.9606567575687763,5.351057258018095e-14
JAK-STAT,SP140L,2.3378632539556277,5.559922738722307e-14
JAK-STAT,APOL3,4.845007401792425,6.32522874361061e-14
JAK-STAT,CXCL11,15.007662719331066,1.7969766654187657e-13
JAK-STAT,PLSCR2,1.5066712034746164,1.9060661368744364e-13
JAK-STAT,CASP4,2.426577480250146,2.157454559590605e-13
JAK-STAT,IL22RA1,1.8206169415894118,3.4466694007791977e-13
JAK-STAT,TRIM69,3.1731239239428435,4.02670507399451e-13
JAK-STAT,TLR3,4.431237653748525,4.159705728305981e-13
JAK-STAT,PLEKHA4,2.327439663660651,4.626504825782473e-13
JAK-STAT,CXCL9,10.70474512064692,9.019911912511276e-13
JAK-STAT,WARS,6.96351974965593,9.461935022280651e-13
JAK-STAT,GMPR,3.5601628444920848,1.8321545153229786e-12
JAK-STAT,SERPING1,3.2487155882612075,2.3120353831004033e-12
JAK-STAT,DUOX2,1.7959153959243213,3.2410441469409937e-12
JAK-STAT,TNFSF13B,4.958929435443967,4.0126472186453335e-12
JAK-STAT,JAK2,2.684968400916874,5.79495979246809e-12
JAK-STAT,CASP7,3.4317739023045655,6.919512790453555e-12
JAK-STAT,AIM2,4.588176918676369,7.132770581971341e-12
JAK-STAT,CASP10,1.36007040915029,9.43806802850211e-12
JAK-STAT,MLKL,5.452211299272141,1.2075172257836829e-11
JAK-STAT,ANKFY1,1.4923743101435887,1.423511879969061e-11
JAK-STAT,IL18BP,1.4945768195494693,2.401027634744473e-11
JAK-STAT,TRAFD1,2.628593179168037,3.0556691249838244e-11
JAK-STAT,BLZF1,1.9632485643219764,3.249891943237443e-11
JAK-STAT,BCL2L14,2.1228928620071885,3.38366125964371e-11
JAK-STAT,THEMIS2,3.2165744457642105,3.7974751273797625e-11
JAK-STAT,PARP10,1.8385121207510833,4.5200292439481464e-11
JAK-STAT,LGALS3BP,3.5891397073426217,8.76803861907492e-11
JAK-STAT,OR52K3P,3.0646899135788157,1.8950252388052454e-10
JAK-STAT,ERAP2,2.6752864555404883,2.1340063634260925e-10
JAK-STAT,N4BP1,2.28696069449629,2.3281161980670449e-10
JAK-STAT,IL15,4.242639418032903,2.8559575931150863e-10
JAK-STAT,STARD5,2.9493650148819595,4.62873777093182e-10
JAK-STAT,TRIM26,2.1994746792693514,5.23092973082569e-10
JAK-STAT,ZCCHC2,2.19162726926418,6.546338257158378e-10
JAK-STAT,RASGRP3,2.6104112310528698,7.661700710702838e-10
JAK-STAT,NUB1,1.8595393779253202,8.468178289929517e-10
JAK-STAT,IFITM3,4.803347999065916,1.214899920223078e-09
JAK-STAT,HLA-F,2.720231518380166,1.2228538252246014e-09
JAK-STAT,HRASLS2,1.2842720041839282,1.2311648589599143e-09
JAK-STAT,HLA-E,3.6482545455512825,1.2794962636608088e-09
JAK-STAT,SOCS1,2.6166277010481966,1.366144688165079e-09
JAK-STAT,ZNF107,1.8440652171941607,1.5298786872865236e-09
JAK-STAT,ISG20,6.953194231352241,1.7438025664719353e-09
JAK-STAT,TNFSF10,8.614124678861511,1.9156011480919663e-09
JAK-STAT,IDO1,8.620170710553744,1.9581631727948796e-09
JAK-STAT,LY6E,3.2829445358436162,2.4058889921771643e-09
JAK-STAT,REC8,1.1656689611235738,2.8053602768858907e-09
JAK-STAT,FAM46A,3.4404751452404088,2.966122905668852e-09
JAK-STAT,CX3CL1,3.234392501330581,3.0245526404283683e-09
JAK-STAT,DDO,1.137225281397651,3.1551444782699166e-09
JAK-STAT,LGALS9,2.3022922278752924,3.3254393542964516e-09
JAK-STAT,IFITM2,3.8280358907619174,3.53462292644813e-09
JAK-STAT,NAPA,1.929636045484114,4.420471950894542e-09
JAK-STAT,LGMN,2.6384529122520446,4.5221573772070966e-09
JAK-STAT,TRIM56,3.3363913903987523,4.99299685998802e-09
JAK-STAT,GTPBP1,1.248336733591327,6.843089398463301e-09
JAK-STAT,ERV3-2,2.883475009575063,7.59037847498088e-09
JAK-STAT,PPM1K,2.983025612212332,8.222182979795154e-09
JAK-STAT,C5orf56,2.2303425240517174,8.366428532902071e-09
JAK-STAT,B2M,2.1940482941357065,9.647298849310094e-09
JAK-STAT,DNPEP,1.377685409858808,1.0155709572911099e-08
JAK-STAT,APOBEC3F,1.4227024188736046,1.1220966147918737e-08
JAK-STAT,PNPT1,5.9335415788081285,1.1925498034789768e-08
JAK-STAT,GCA,2.4154014954723415,1.3242096953075093e-08
JAK-STAT,XRN1,2.9928234325580294,1.9613333075060763e-08
JAK-STAT,LYPD5,1.5415890809506612,1.9661614214664586e-08
JAK-STAT,HDX,2.449370687044759,2.400715656771004e-08
JAK-STAT,GBP6,1.7881865211516417,2.6866281863951597e-08
JAK-STAT,PDCD1LG2,2.81171252600302,2.961013765384268e-08
JAK-STAT,CD274,7.425557655047377,3.446041311165736e-08
JAK-STAT,CD47,1.8072637157869307,3.5272078458304704e-08
JAK-STAT,TLK2,0.9553983777352794,3.831542183219968e-08
JAK-STAT,MOV10,2.7301809269949606,4.1060750586317886e-08
JAK-STAT,RARRES3,5.973970354643039,4.2615221237089196e-08
JAK-STAT,CASP1,3.199013353094676,5.6598315237769434e-08
JAK-STAT,IL12RB2,2.4611897449257065,6.881580182563257e-08
JAK-STAT,IRF2,2.9031675556426335,7.165136803065658e-08
JAK-STAT,TYMP,2.6504493133168165,7.398617980376722e-08
JAK-STAT,FAM122C,1.5074534513660987,7.6804925619977e-08
JAK-STAT,GBP5,5.907450808358782,8.13349030456909e-08
JAK-STAT,IRF1,8.005075768829142,1.0819783855135056e-07
JAK-STAT,SLFN12,2.0502983157218733,1.3268542626259214e-07
JAK-STAT,EDNRA,1.891574630942006,1.409843323051335e-07
JAK-STAT,CTNNBL1,1.3237266799157805,1.4619782415059422e-07
JAK-STAT,NOD2,1.939014499097312,1.47136037516072e-07
JAK-STAT,NOD1,1.1276132071636014,1.507667294731913e-07
JAK-STAT,CBR3,2.2066675621425538,1.6032473941592953e-07
JAK-STAT,SIDT1,1.6318506159200579,1.654919225937765e-07
JAK-STAT,BTC,1.5511182325182522,1.7615918599354227e-07
JAK-STAT,STX17,1.3273940316033563,2.1821421029924593e-07
JAK-STAT,GNB4,2.4744423630234094,2.201782538094469e-07
JAK-STAT,GBP1P1,3.2986348358481683,2.3875130467385066e-07
JAK-STAT,CHMP5,1.965015459084561,2.396593058026508e-07
JAK-STAT,ART3,1.638809976703794,2.7003260488041823e-07
JAK-STAT,UNC93B1,1.2255988469965804,2.756261296329233e-07
JAK-STAT,IL15RA,3.791966436040576,4.541432182853906e-07
JAK-STAT,BISPR,3.778970793132879,5.302671741266852e-07
JAK-STAT,HAPLN3,2.521191235993964,6.408221593933389e-07
JAK-STAT,RBCK1,2.2231565176601245,6.846437200989241e-07
JAK-STAT,RBM11,1.78555234510396,7.588389318181515e-07
JAK-STAT,FCGR1B,2.0250549210993127,8.907367209459465e-07
JAK-STAT,BTN3A3,3.1882057124735748,9.733549821498262e-07
JAK-STAT,SP140,1.1873845825854088,9.905592923327739e-07
JAK-STAT,LGALS17A,5.251689843217299,1.0526647422061836e-06
JAK-STAT,CEACAM1,2.26906168747604,1.1633319522526077e-06
JAK-STAT,IRF8,2.8346183403353313,1.4151625308257475e-06
JAK-STAT,PDZD2,1.7930818764069,1.5166368487171034e-06
JAK-STAT,CALCOCO2,1.1130270766319412,1.6072244010215404e-06
JAK-STAT,PKI55,-1.6459538219020022,1.8155808595220812e-06
JAK-STAT,RIPK1,1.7124267167819731,1.8851181906102786e-06
JAK-STAT,C1S,3.2536854067468126,1.8984168765104347e-06
JAK-STAT,USP42,1.180117860710001,1.899312972380791e-06
JAK-STAT,CLN8,-1.2543335523194834,1.9212600830286427e-06
JAK-STAT,ADPRHL2,2.355794285077899,2.0583806274213377e-06
JAK-STAT,CASP8,1.1804208673940206,2.1052406001731866e-06
JAK-STAT,TLE4,1.4442099817220733,2.1087835004504474e-06
JAK-STAT,PCGF5,1.699364402742348,2.255158745536841e-06
JAK-STAT,ZFYVE26,1.794297408149276,2.4428710354274908e-06
JAK-STAT,CERK,-2.2761830691189346,2.6833770500675424e-06
JAK-STAT,GBP2,5.248542275227629,2.737540135457136e-06
JAK-STAT,FBXO6,3.2789242816172335,2.8219854738880793e-06
JAK-STAT,CFTR,-0.7285889500538563,2.9486734416060325e-06
JAK-STAT,GBP7,1.7401710866315676,3.0557030637368806e-06
JAK-STAT,RABGAP1L,1.1818659481660316,3.1029121583196938e-06
JAK-STAT,WDR25,1.0434209495816025,3.284732654127928e-06
JAK-STAT,MSRB1,2.2537745657980497,3.655036260384268e-06
JAK-STAT,DUOXA2,1.228303726007253,3.656044417095852e-06
JAK-STAT,UBD,4.0885390558480985,4.068176197737569e-06
JAK-STAT,TRIM40,1.2930694189642473,4.243052797777458e-06
JAK-STAT,FZD5,1.5330056839160235,4.4721336995527935e-06
JAK-STAT,ACO1,-1.4323306030543694,4.616254155626887e-06
JAK-STAT,MAK,0.9469028553659717,4.6933492642794036e-06
JAK-STAT,LOC101927027,2.229443389167458,5.005170856521068e-06
JAK-STAT,NT5C3A,4.4062943600347,5.080422566622998e-06
JAK-STAT,ODF3B,1.0730063935140473,5.120574115046039e-06
JAK-STAT,C2,0.8132953838790141,5.47221493711366e-06
JAK-STAT,TEX29,1.192179896542123,5.651513910897831e-06
JAK-STAT,SPATS2L,2.100845552958748,5.821724943200699e-06
JAK-STAT,ZBTB42,1.7157151998205575,6.458981642398976e-06
JAK-STAT,GSDMD,1.46152107148253,6.738447744811854e-06
JAK-STAT,CD38,2.4636830310579247,7.636425584389952e-06
JAK-STAT,VAMP5,1.3786892150267789,8.371161686004508e-06
JAK-STAT,ACE2,1.6634440169220508,9.202840133158408e-06
JAK-STAT,RUBCN,0.8460565082724586,9.495582481399565e-06
JAK-STAT,IL7,2.1328891825762333,9.675132845026767e-06
JAK-STAT,CNDP2,1.168779253570565,9.746343293296406e-06
JAK-STAT,C4orf33,1.2393815047856955,1.0070356524723354e-05
JAK-STAT,SCARB2,1.1550119702266282,1.0634430621807293e-05
JAK-STAT,EHD4,1.7021655849974966,1.1708515368444256e-05
JAK-STAT,ASB1,-0.9360207504573479,1.1727790775562693e-05
JAK-STAT,PSMB10,3.3469501330749107,1.2844784628033789e-05
JAK-STAT,NDUFA9,1.3947598450129588,1.4589209362101586e-05
JAK-STAT,MCUB,1.9365161967307325,1.5838230082639478e-05
JAK-STAT,MS4A6E,0.9755703584069614,1.6175127758025554e-05
JAK-STAT,ACKR4,1.5990952305656359,1.6584565633866808e-05
JAK-STAT,C1R,3.4064867210912726,1.733746984194271e-05
JAK-STAT,SERPINB9P1,1.9257512354289295,1.994020543139832e-05
JAK-STAT,TMEM106A,1.491692346440134,2.0495260236188175e-05
JAK-STAT,CXorf21,1.146751119039339,2.130124101319492e-05
JAK-STAT,BTN3A1,1.7656287948713296,2.208236177015374e-05
JAK-STAT,SHISA5,1.5743460272006238,2.3426125204894665e-05
JAK-STAT,CXorf38,1.6403890745535958,2.383533411815649e-05
JAK-STAT,PHACTR4,1.6942795868986273,2.3952946151426714e-05
JAK-STAT,CTSS,3.0503522418307245,2.5182521020448187e-05
JAK-STAT,SNX6,1.3272643054398703,2.6866771235589064e-05
JAK-STAT,SLC10A1,-0.7550298867367723,2.6917730420757355e-05
JAK-STAT,ZNF589,-0.8985808634033484,2.7907364146229018e-05
JAK-STAT,HLA-DOB,0.842862322399455,2.9418626644898527e-05
JAK-STAT,DPEP2,-1.2322998371562526,3.319641180613522e-05
JAK-STAT,SFT2D3,-0.865171163797403,3.732862330320619e-05
JAK-STAT,HLA-C,3.36141129232998,3.750203850549088e-05
JAK-STAT,MOB3C,2.4215258590471835,3.799015872804302e-05
JAK-STAT,UBQLNL,0.8192325167808201,3.880920632513111e-05
JAK-STAT,FGFR2,-0.695430159150864,3.979410860138009e-05
JAK-STAT,CFH,1.7552281450291698,4.2512606681936576e-05
JAK-STAT,RNF31,0.9802783187446328,4.265103518056679e-05
JAK-STAT,ETV6,1.406398884778626,4.368891369685978e-05
JAK-STAT,CCL8,5.926696015685558,4.6831166965483146e-05
JAK-STAT,STK3,0.9452740711129631,4.884120853108077e-05
JAK-STAT,LOC101928809,1.557895038333259,5.0227736187739613e-05
JAK-STAT,RIPK2,2.497278495928473,5.068035791143505e-05
JAK-STAT,PROCR,1.9486787337397684,5.267090415826982e-05
JAK-STAT,PSME2,4.541912762436648,5.322742564384982e-05
JAK-STAT,GIMAP2,3.063695364000483,5.572968344184794e-05
JAK-STAT,CDHR3,-0.8039420515942984,5.63704634413139e-05
JAK-STAT,RNF19B,3.467928475824824,5.880985791508594e-05
JAK-STAT,GYS2,-0.7315008555160237,5.9355134243110345e-05
JAK-STAT,SERPINB1,1.734104392379524,6.193890066395145e-05
JAK-STAT,HSH2D,2.195348894225286,6.317492390140346e-05
JAK-STAT,PHF20,-0.7312945880296065,6.808425874535645e-05
JAK-STAT,LRP6,-0.9949452927427341,6.925169417199906e-05
JAK-STAT,FAM172A,-1.5655469564999545,7.132119876898237e-05
JAK-STAT,CD74,1.8198226838344014,7.280845275852407e-05
JAK-STAT,STOML1,0.6564334639378994,7.41636459878918e-05
JAK-STAT,ABHD16A,0.8944074721399379,7.449727158787639e-05
JAK-STAT,NUDCD1,2.265932270455655,7.53269388965122e-05
JAK-STAT,ASPHD2,1.7515982183099978,7.681441004578323e-05
JAK-STAT,MMAA,0.978408058393149,7.76267032303612e-05
JAK-STAT,UBA6,0.964396677633092,8.029680495228334e-05
JAK-STAT,CCL18,1.067465553698551,8.502927961504474e-05
JAK-STAT,STAP1,1.2150402785331613,8.914254122700723e-05
JAK-STAT,GRAPL,-0.6558471914967359,9.047910161001599e-05
JAK-STAT,NFIA,-1.422040290909044,9.123323114953788e-05
JAK-STAT,CXCL10,15.326633311826852,9.698974586248464e-05
JAK-STAT,RN7SL737P,-2.112630316652182,9.782619785291405e-05
JAK-STAT,HLA-DRA,2.2900348142670275,0.00010209533752287456
JAK-STAT,HLA-G,1.9226154312902273,0.00010295122677186203
JAK-STAT,PSMA4,1.4729448387084731,0.00010327193781564893
JAK-STAT,NAT8B,0.5737114450408121,0.00011007647726990854
JAK-STAT,ALPK1,1.0506440466233187,0.00011027539629656071
JAK-STAT,PSMA3,1.2355204556644583,0.00011618652868326743
JAK-STAT,ZHX3,-0.7387533048408375,0.00011899673806935761
JAK-STAT,ZNF850,-2.1580357190622625,0.0001221150725067954
JAK-STAT,TNFRSF10D,-1.5109808729105743,0.0001302638155099024
JAK-STAT,DSG1,-0.8585547774562112,0.00013657280357549866
JAK-STAT,LOC100130428,-1.1063570747708291,0.00014186466201274826
JAK-STAT,TICAM1,1.3396427669444122,0.00014381897998380766
JAK-STAT,USF1,1.024646964048011,0.00014672522051166703
JAK-STAT,ZNF620,0.828923036735585,0.00014886382581936612
JAK-STAT,DSC1,-1.3090681194414193,0.00014888704623578357
JAK-STAT,PIK3AP1,1.939437775422824,0.00015442953959411674
JAK-STAT,DNAJA1,2.2545617313720636,0.00016061611595031124
JAK-STAT,BAZ2A,0.5837247275179378,0.00016426457781532246
JAK-STAT,ATP10A,1.140646454243746,0.00016557209185772572
JAK-STAT,CEP97,-1.0120367479909131,0.0001687080128143693
JAK-STAT,CPEB3,0.929022507222998,0.00018282361822075557
JAK-STAT,FMR1,1.3077596472894908,0.00018368085571360333
JAK-STAT,DCP1A,1.6321084811110176,0.00018743074905425727
JAK-STAT,TMEM168,-1.308685699972037,0.00019028351694183414
JAK-STAT,PSME1,2.2892512616253287,0.0001905203652008389
JAK-STAT,BTN3A2,2.2224600438628404,0.00019338790970671314
JAK-STAT,ANGPTL1,1.2217460727277463,0.00019695990374072185
JAK-STAT,LMO2,1.6475243294081177,0.00019906453040007587
JAK-STAT,RP2,1.1255524485859216,0.00019909177194764554
JAK-STAT,OR51L1,1.1861760842593894,0.0001995657669489515
JAK-STAT,CTRL,0.755487489273673,0.00021817870497533977
JAK-STAT,DYNLT1,1.6925740976675927,0.00021865438605021134
JAK-STAT,BCL2L13,0.8154442473564357,0.00022069893988970658
JAK-STAT,GTF2B,1.4920468954494803,0.0002225777359895411
JAK-STAT,LGALS8,1.1381032742927555,0.0002233705555952023
JAK-STAT,SBNO1,-0.6919586466703447,0.00023351692676928544
JAK-STAT,PDZD8,-1.3126186909460575,0.0002831299847956278
JAK-STAT,USP30-AS1,2.155031644162348,0.00028475125513746034
JAK-STAT,AZI2,1.0377121377154108,0.0002867158358867031
JAK-STAT,LOC100506730,-1.4736332779436951,0.00029245699840858125
JAK-STAT,STEAP4,2.1446560676489166,0.00029521020236225387
JAK-STAT,FAM173B,-1.4088532036253782,0.00030068004349252686
JAK-STAT,PARP8,1.2271053140248296,0.0003043596858560068
JAK-STAT,MIR32,-2.7396088713605296,0.0003136316137775876
JAK-STAT,LYN,1.9879264123383087,0.0003171735493064598
JAK-STAT,SBNO2,0.9961942498368241,0.0003256787186435503
JAK-STAT,PRO2012,-0.8857539329718037,0.00033751183768570176
JAK-STAT,MED25,0.6245139065918798,0.0003411626212562295
JAK-STAT,KLF12,-0.6549100876699888,0.0003487774220825431
JAK-STAT,CDC14A,-0.6394662658208,0.00034999094698403313
JAK-STAT,OTUD4,1.0081129464274572,0.0003519052398544626
JAK-STAT,FRMD4B,0.8958776100381646,0.0003636547552561574
JAK-STAT,CPS1-IT1,-0.5268148334620422,0.0003665955864450023
JAK-STAT,CIITA,0.6918439352321158,0.0003738843840866681
JAK-STAT,RFX5,1.4401235648699298,0.0003774590905375403
JAK-STAT,GNG5,1.0922329728219924,0.0003895855486976798
JAK-STAT,PGLYRP4,0.7905594940934911,0.00039332760809077805
JAK-STAT,C6orf62,1.3163295378290016,0.00039468255653971415
JAK-STAT,SCLT1,1.4511588818606764,0.00040758916444573023
JAK-STAT,PSMA2,1.0956427146733703,0.00041047847892864054
JAK-STAT,LRRC3,0.8309355296961382,0.0004152481637536667
JAK-STAT,LRRC6,-0.85171957135253,0.00043736416699567904
JAK-STAT,ZNF677,-0.684555028585934,0.0004392383853276777
JAK-STAT,TAPBPL,1.651888860190767,0.0004408493661195875
JAK-STAT,NUDT3,-0.9477477363298167,0.0004416947843186609
JAK-STAT,MDGA1,0.6953977267277656,0.0004428957977572866
JAK-STAT,TRIP11,-0.7344352126617328,0.0004434030001125897
JAK-STAT,MPHOSPH9,-1.3280554307614334,0.000445842375983839
JAK-STAT,HLA-B,3.75110710449474,0.0004479983400982417
JAK-STAT,ZNF568,-0.6044046858537456,0.0004674043107734838
JAK-STAT,INTS12,1.1305895291811674,0.0004735656471059734
JAK-STAT,SCO2,1.4452818119399262,0.0004747968891842847
JAK-STAT,TTC3,-3.05669312874976,0.0004943516995601548
JAK-STAT,VSIG10L,1.5233889962483003,0.0005085151397448893
JAK-STAT,DYNC2H1,-0.880071495652648,0.0005111687245176827
JAK-STAT,STAT3,1.2524574601906933,0.0005207797622391278
JAK-STAT,CAND2,0.6524430362843618,0.0005264315077735871
JAK-STAT,PI4K2B,4.137257823020423,0.0005308542109974596
JAK-STAT,GPATCH11,-1.7998082884128082,0.0005343110300138225
JAK-STAT,SOCS3,1.9144830956508208,0.0005372547909529175
JAK-STAT,C3orf18,-0.6534639121429902,0.0005605752244353274
JAK-STAT,KIAA0040,1.7053382930556722,0.0005610920924831611
JAK-STAT,SCN8A,-0.4664360414954207,0.0005633581079177611
JAK-STAT,ARHGAP20,0.9193008436651028,0.0005805846238172891
JAK-STAT,CD164,0.9982806893829134,0.0005862872728730564
JAK-STAT,LOC339874,-0.672509861276805,0.0005959198650208555
JAK-STAT,MYCBP2,0.9677306933360412,0.0006304151176438253
JAK-STAT,IL1RN,1.99140842426965,0.0006379420868883545
JAK-STAT,SCYL3,1.2182260144573605,0.0006414148173480234
JAK-STAT,APPL2,-1.4976149049486023,0.0006516145098308104
JAK-STAT,KRT1,-1.039693999421738,0.0006555168129653598
JAK-STAT,TMEM211,-0.9553618033952056,0.0006592047523141628
JAK-STAT,STUM,-0.44205700886627725,0.0006627650587539891
JAK-STAT,NBN,1.5993019283560288,0.0006644634043810991
JAK-STAT,CEP290,-0.7513937082665023,0.0006661360152425463
JAK-STAT,ZNF808,-1.079998604728205,0.0006692708524550777
JAK-STAT,NECTIN2,1.0764961500760786,0.000675066707778642
JAK-STAT,UBFD1,0.8905304249070396,0.0006796983813879073
JAK-STAT,HLA-J,1.8422897921019492,0.0006923998844610153
JAK-STAT,GBP3,4.100812481908699,0.0006967978366384319
JAK-STAT,UGT2B10,-1.8080904993930424,0.0007014742460859919
JAK-STAT,CCDC68,1.2928734950962388,0.0007046082621268726
JAK-STAT,ZNF248,-0.8707471979452437,0.0007067575399101114
JAK-STAT,ATXN2,-0.8620104619066713,0.0007116474982771388
JAK-STAT,HAO2,-0.4610917411445036,0.0007187216431512886
JAK-STAT,BAK1,1.335621454085585,0.0007187246508930377
JAK-STAT,ADGRA3,-0.9841578490870801,0.0007266463386155035
JAK-STAT,HBB,-0.7053299291635878,0.0007288621857473022
JAK-STAT,HCP5,1.4103257304183958,0.000738504572003589
JAK-STAT,MAP2,1.432949315664129,0.000743100338439881
JAK-STAT,SPANXN4,-0.791185930215515,0.0007552727635034506
JAK-STAT,EML5,-0.7856625257883509,0.0007568004957356569
JAK-STAT,CHD9,-0.8972390902450861,0.0007745902896284928
JAK-STAT,PTGDR,-0.4144487482805307,0.0007797117677636779
JAK-STAT,PATL1,1.3159025042628592,0.000781478145763253
JAK-STAT,MB21D1,1.4552426020195544,0.0007979253087020608
JAK-STAT,CLDN23,1.0001960998643828,0.0008211210976915874
JAK-STAT,MPP7,-1.2605579840762142,0.0008245019587868814
JAK-STAT,CSNK1G1,0.7526078657947505,0.0008253578384922795
JAK-STAT,ANKRD62,0.850380355909394,0.0008337117641067354
JAK-STAT,C5orf15,0.9403319837024176,0.0008368193779473731
JAK-STAT,PIK3C2G,-0.6674119881914778,0.0008451168511838072
JAK-STAT,TGFBRAP1,-0.8732799245477744,0.0008628485441274008
JAK-STAT,FLT3LG,0.9972037953261588,0.0008708652089667144
JAK-STAT,TTC39B,1.2405173912104133,0.0008882522574385626
JAK-STAT,MAB21L2,0.8019088134215697,0.0008945376933725396
JAK-STAT,SLC6A14,1.6933392186181309,0.0009142074914975296
JAK-STAT,SRD5A3-AS1,1.2616557184175425,0.0009337868609770993
JAK-STAT,EXPH5,-0.9510894658551563,0.0009620014954076374
JAK-STAT,FBXO39,0.5947598671187918,0.0009814839278794484
JAK-STAT,ANKRD22,2.181588496479974,0.0010223059792883475
JAK-STAT,VPS9D1,0.913626807281075,0.0010480729792294188
JAK-STAT,TAS2R31,-2.37682312214886,0.0010509291827596684
JAK-STAT,ZMYND11,-0.737952044211099,0.001057555472555161
JAK-STAT,SPSB1,1.7102520074455299,0.0010625661871426465
JAK-STAT,SLC38A5,2.0272096543595657,0.0010747616123330818
JAK-STAT,ACSM5,0.4564634241188635,0.0010912195407212567
JAK-STAT,CCR8,0.5883654712850519,0.0010918662808763293
JAK-STAT,PWAR5,-0.83720085732422,0.0010919073977137133
JAK-STAT,RBM43,1.7529338438604691,0.0011077560616924598
JAK-STAT,CHP2,-0.4949153345611631,0.0011181525856856199
JAK-STAT,SPTLC2,0.8367000265337001,0.0011334694169799653
JAK-STAT,APOBEC3D,0.6909674510917991,0.0011390855985334925
JAK-STAT,ZNF10,-0.6451198747912507,0.0011669361731696502
JAK-STAT,UBA7,3.1217783368194767,0.0011819639824100971
JAK-STAT,CCND3,1.2068914914507152,0.0011879884452375257
JAK-STAT,STX11,1.8341256211306831,0.001199933772607492
JAK-STAT,UGT3A1,-0.5158986042656426,0.0012024282416609302
JAK-STAT,CLEC2B,1.4644183735090097,0.0012177577413374427
JAK-STAT,C12orf74,0.635900208585854,0.001240955076276515
JAK-STAT,AKAP9,-0.9615571911648344,0.0012442438436662635
JAK-STAT,CREM,1.3280645991478688,0.0012485148314144213
JAK-STAT,CARD11,0.70480264705035,0.0012713271813819772
JAK-STAT,TAS2R19,-0.6460269481442281,0.0012760909555083633
JAK-STAT,LRRTM2,0.7918231993974921,0.0012986503276488151
JAK-STAT,SIK2,-0.6579350282321957,0.0013212437393854033
JAK-STAT,TTC38,0.5924120323847801,0.001324239346579953
JAK-STAT,DAPP1,1.229672653744961,0.0013475745475935873
JAK-STAT,HELB,1.034727503138448,0.0013583042774773062
JAK-STAT,GPR180,1.5229526655820158,0.0013669159660598055
JAK-STAT,IFNLR1,0.8496958344835511,0.0013811916082065074
JAK-STAT,ERAP1,0.9324332226493163,0.0013813753216896877
JAK-STAT,HNRNPA0,-0.9834748764976388,0.0013830172523244318
JAK-STAT,C7orf49,-0.9940143213528118,0.0013947964162214126
JAK-STAT,F13B,-0.5608839778487188,0.0014038883044330379
JAK-STAT,LGI1,-0.6546840624102922,0.0014041230340354116
JAK-STAT,S1PR1,-0.9339221884054992,0.0014048277227833763
JAK-STAT,IFI30,5.56932940690954,0.0014121406435350988
JAK-STAT,KRT24,0.7147670471227408,0.0014199551858173713
JAK-STAT,OCR1,-0.9549002293401789,0.0014294701607888492
JAK-STAT,SOS2,-0.8962304324781052,0.0014463281813531584
JAK-STAT,LOC100132686,-0.7800675541043839,0.0014464861957253336
JAK-STAT,MAD2L1BP,0.8672034075936069,0.0014557780484673545
JAK-STAT,PREPL,-1.0206513583652372,0.0014631570250724136
JAK-STAT,JADE2,0.9745925609512809,0.0014666946581627291
JAK-STAT,IL36RN,0.6561271730685427,0.0014886569709010673
JAK-STAT,P2RY8,-1.3356843450950588,0.001531833814624615
JAK-STAT,APC,-0.7444049192202334,0.0015341282811559115
JAK-STAT,DYRK4,0.921024733084624,0.0015348787238196181
JAK-STAT,LRCH2,1.520196857033009,0.001538460603319858
JAK-STAT,OCLM,-0.628764545392722,0.0015390716643497023
JAK-STAT,MMP25-AS1,0.9499253605756177,0.0015466796041287438
JAK-STAT,TOP1P2,0.724810057864063,0.001546983001590347
JAK-STAT,TAS2R20,-1.8032817852584233,0.001562467498710299
JAK-STAT,FLVCR2,0.9497041726361016,0.0015627204129406167
JAK-STAT,NNMT,1.8245005984913438,0.0015715151502654053
JAK-STAT,RDH16,-0.5808669802710479,0.0015980604569767972
JAK-STAT,ZRSR2,0.6492265716082739,0.0016087583788417681
JAK-STAT,CASD1,-0.7658358947757431,0.0016183816264317807
JAK-STAT,LOC100506274,0.7440313443438297,0.001626396302262541
JAK-STAT,C1QB,0.6918628437627063,0.001694190920767594
JAK-STAT,CHRNA6,0.6752650988804163,0.00170152179603512
JAK-STAT,AKAP11,-0.8681716685081827,0.001704684763991568
JAK-STAT,CD52,-0.780835345994639,0.0017100619850811776
JAK-STAT,ELF1,1.3755112423300517,0.0017126935066378542
JAK-STAT,RNASE10,0.6660392492587696,0.0017153627221662717
JAK-STAT,MAPKAPK5-AS1,-0.9243125232548814,0.001725262136917325
JAK-STAT,ZFP37,-0.8061794374836148,0.0017393243122046484
JAK-STAT,CTSO,1.718888890851841,0.0017407079790937067
MAPK,DUSP6,16.859015828017647,3.1591054181052686e-59
MAPK,SPRED2,3.5018346410222287,7.1949549198088225e-50
MAPK,SPRY2,9.481584748118907,9.197391044876377e-43
MAPK,ETV5,5.988709605944221,6.742535046748309e-41
MAPK,EPHA2,6.314012446660756,3.749200213286171e-40
MAPK,PHLDA2,3.8582386537955657,4.6397838504465793e-39
MAPK,FOSL1,9.000522308632947,8.124494330933375e-38
MAPK,SPRY4,10.114470537169142,4.271313316151269e-37
MAPK,DUSP4,7.80481595969638,8.241912252201397e-37
MAPK,SLCO4A1,4.084538143625351,3.7465222150059726e-33
MAPK,ETV4,5.293783978605425,1.483567192522435e-32
MAPK,PHLDA1,7.045289228921083,1.5610633985209405e-32
MAPK,ETV1,3.5634647887567596,6.972554132609392e-31
MAPK,TMEM59,-2.264272962584646,1.0172040172976008e-30
MAPK,SLC20A1,6.8103529671107825,1.841590373949365e-30
MAPK,DUSP5,7.920030142583163,1.995420403033922e-30
MAPK,STX1A,2.21515121358096,2.017082050866848e-30
MAPK,ELK3,2.9961403928388033,6.0206506912260715e-30
MAPK,NT5E,5.838881390821937,2.319746309287031e-29
MAPK,PHC2,2.3954010239131938,5.051399374445883e-29
MAPK,C11orf71,-2.3667576128473327,1.4809669035825798e-28
MAPK,GABARAP,-2.9616637855482773,5.837242849390343e-28
MAPK,SPRED1,6.209948243764665,1.11465428706954e-27
MAPK,TCOF1,2.2115780549288417,4.9168176304918794e-27
MAPK,BZW1,2.7810854305400725,5.7301668045813916e-27
MAPK,CCND1,6.263011605459956,1.6304232319251044e-26
MAPK,AREG,4.932286416376803,1.6508034597377906e-26
MAPK,UBA2,2.079878487903222,3.181109652728043e-26
MAPK,TNFRSF10A,5.1730443268646376,4.989936957641126e-26
MAPK,PWP2,1.3322121992984852,1.0742403885563244e-25
MAPK,PNP,4.91046403239136,1.1879860189819844e-25
MAPK,ECH1,-2.2897420836192053,1.3322593082326067e-25
MAPK,SH3BGRL,-2.723446509346065,1.5580001978619724e-25
MAPK,PBLD,-1.9776837829648106,1.6421456183196845e-25
MAPK,TRIB1,4.182943071629201,1.7372521737497783e-25
MAPK,GPR3,1.630829259668156,1.9488752243088148e-25
MAPK,NNT,-1.819728215447125,2.1856451466595806e-25
MAPK,HMGA2,3.7279710730494138,3.0834019850470336e-25
MAPK,POLR3G,2.829483976178096,3.7767902698538876e-25
MAPK,STX8,-1.1064064247318124,7.369721316954106e-25
MAPK,YRDC,3.625646429254592,7.824098803099302e-25
MAPK,DCBLD2,3.371515684787371,1.069037745993734e-24
MAPK,SCPEP1,-1.9325651044928045,1.5720759943722278e-24
MAPK,SLC35F2,2.850982002272706,1.8916292003064186e-24
MAPK,BDH2,-2.4965908679407463,1.9451580756767708e-24
MAPK,ASB8,-1.6939961535174084,2.029551585405682e-24
MAPK,LRP8,4.5130042760078135,2.4335614626250414e-24
MAPK,PIK3C2B,-2.752686572837634,4.871938001318255e-24
MAPK,AEN,3.2161182645239066,4.9265362077566615e-24
MAPK,DAZAP2,-1.4077949825542642,9.264581191515551e-24
MAPK,TOP1,3.633408800845867,1.0560245290047774e-23
MAPK,SDCCAG3,1.5641536768461877,1.457893125533289e-23
MAPK,TRIM52,-2.201190386908435,2.061928853931316e-23
MAPK,CDCA4,3.0102812615697476,5.203472073296657e-23
MAPK,TNS3,-2.7264638130598553,5.366733246166593e-23
MAPK,TMUB2,-1.6738161798694724,5.680871850437204e-23
MAPK,FERMT1,2.333704655460279,6.622991028947447e-23
MAPK,ARHGEF17,-1.3968910912288417,7.666638141427242e-23
MAPK,SLC4A7,2.7094949939569104,8.933916615674427e-23
MAPK,MAN2B2,-1.9176061372352162,1.0145209370130211e-22
MAPK,PRCP,-1.2786844411212896,1.3412306640491523e-22
MAPK,GRPEL1,2.669468752664872,2.0759603587402023e-22
MAPK,SIRT2,-1.3232831367857096,2.077010048602215e-22
MAPK,RAB26,-3.4389782720448987,2.198260421436781e-22
MAPK,XRCC3,1.543756562229699,2.289019554528699e-22
MAPK,E2F3,2.034348475486911,2.517425801265242e-22
MAPK,CCDC53,-2.2605473395375135,2.9416663795409483e-22
MAPK,PRNP,2.597310807269854,2.99589956308836e-22
MAPK,FAM149B1,-1.3423423225079836,3.549593096564841e-22
MAPK,SIDT2,-2.7527108754400795,4.14922987373383e-22
MAPK,LAMB2,-2.392879637488782,5.964444012112197e-22
MAPK,LDLR,3.0739109857552878,6.682912748433833e-22
MAPK,ZBTB3,-1.5691639732103673,7.9222227773714765e-22
MAPK,MCL1,3.012864995704336,9.069998762360611e-22
MAPK,ZSCAN31,-3.3278642206561044,9.534594949360117e-22
MAPK,WDR3,2.2991152990385255,1.092632199452642e-21
MAPK,RAB5B,-2.0804506421112383,1.140686907890381e-21
MAPK,CBFB,2.3399982054575696,1.3728487273154364e-21
MAPK,MCMBP,1.8875507351429295,1.5145893147389572e-21
MAPK,MCCC1,-1.9226763273753307,1.7008354777687896e-21
MAPK,SRP14,-1.5944123429577048,1.8274838275098434e-21
MAPK,SPG11,-1.337883684735978,1.9231410885606367e-21
MAPK,MIER2,0.9566403573575726,1.9280935469214236e-21
MAPK,KRR1,1.461707193553273,1.9680409796401444e-21
MAPK,NUP50,1.774710734835809,2.1147528856507934e-21
MAPK,GATAD2A,1.359238188294602,2.1265923030318775e-21
MAPK,BRIX1,2.8667490600742616,2.1998206551588517e-21
MAPK,FMO5,-1.497241656569774,2.2580168664726763e-21
MAPK,MGST3,-1.4528316817291829,2.5961038188710492e-21
MAPK,KIAA1522,-2.2998986524877694,2.6147442524169394e-21
MAPK,UBASH3B,4.967624011652823,2.848033274489164e-21
MAPK,DUSP7,2.452508263381348,2.916363943186239e-21
MAPK,PBX1,-2.9996132648084775,2.9459831154632427e-21
MAPK,RNF138,2.3557422074445333,3.509781946376118e-21
MAPK,KMT5A,1.7409748125000095,3.871067088428426e-21
MAPK,STK17A,2.9405668773324174,4.308339714044707e-21
MAPK,SMURF2,3.0301617625148576,4.3371780871680385e-21
MAPK,HMGA1,2.8687056823089896,4.96161173481671e-21
MAPK,MPP6,2.2426215753709076,5.010736770205419e-21
MAPK,DNASE2,-1.8218204163370102,5.062338082640589e-21
MAPK,CAPN15,1.4562002105942595,5.072379321919105e-21
MAPK,TEX10,1.7719921033300292,6.313470508919703e-21
MAPK,TAF1A,3.2145150433205045,6.389780896470908e-21
MAPK,KCTD5,1.631392091376893,6.7673577301688425e-21
MAPK,MMP1,8.519167771985497,7.412933727878397e-21
MAPK,QSOX2,2.0160360802198856,8.296651364302112e-21
MAPK,GTPBP4,3.053362707761926,8.432363806449264e-21
MAPK,METTL7A,-2.4908198417033884,1.124811725137049e-20
MAPK,SH2B3,4.253698634169287,1.13610827429677e-20
MAPK,RNF126,1.7715817234361586,1.4047612645610978e-20
MAPK,LIF,5.917956368763386,1.6056989645149592e-20
MAPK,TSR1,1.9148014351322546,1.996901523913536e-20
MAPK,RRAGC,-1.5251029077274323,2.332388347813773e-20
MAPK,RRP1,1.2754218251048415,2.5609948769151388e-20
MAPK,TOM1,-1.7794764764251276,2.6721560586140507e-20
MAPK,KANSL1L,-1.5230515011782373,2.6958386566841935e-20
MAPK,SELENOP,-3.1627171959547282,2.890078808288161e-20
MAPK,MSRB2,-1.7643362368942375,3.213809665882235e-20
MAPK,NIP7,3.4118701341595856,3.27955346017395e-20
MAPK,MCFD2,1.6919540489442817,3.923575096413823e-20
MAPK,ANXA4,-3.3103802351691227,4.146908905676989e-20
MAPK,C14orf159,-1.582302326377316,4.3418423269248883e-20
MAPK,SERPINB8,2.1266019923123047,4.4872457051092325e-20
MAPK,SYNPO,-2.037048192789164,4.534444296305241e-20
MAPK,SLC25A32,3.6701338039977274,4.7372898590658476e-20
MAPK,VPS13C,-1.4671249550175003,5.1783879945778767e-20
MAPK,EGR1,8.152151861443846,5.2612323081837313e-20
MAPK,SPRY4-IT1,4.128380203637199,5.3914499745703166e-20
MAPK,VPS39,-1.674810310097499,5.471482445497895e-20
MAPK,BSDC1,-1.2125409272535328,7.152905141356799e-20
MAPK,NMRK1,-1.8432137233717183,7.565819959770886e-20
MAPK,ACOT8,-1.0881127876407648,7.920584489510357e-20
MAPK,DDX21,4.093703054752373,7.957994924894501e-20
MAPK,CCDC86,3.2095691864729976,8.170222391816365e-20
MAPK,USP36,1.6807789578381016,8.267787903668686e-20
MAPK,RASSF8,1.429378336547679,8.395653352758368e-20
MAPK,PUM3,2.012601227745869,8.52653809390934e-20
MAPK,QTRT2,1.5515979188096691,9.699818019117467e-20
MAPK,DCTN3,-1.5923009699809276,1.113886063624338e-19
MAPK,CD3EAP,2.6902669181657406,1.1616335920163145e-19
MAPK,CAT,-1.9278254441646963,1.1929261022491323e-19
MAPK,TNFRSF12A,5.033000820545578,1.393484430858714e-19
MAPK,PITPNC1,2.432375897437919,1.4939327178188958e-19
MAPK,ARMCX3,-2.2318580252651867,1.568679509896202e-19
MAPK,HADHB,-1.8217081867939595,1.9916936978897843e-19
MAPK,ARMCX6,-0.9688171043883955,1.9923797255590433e-19
MAPK,EIF4E,1.6353762842911626,2.0321163469175106e-19
MAPK,PDSS1,2.608153684009695,2.059944168606277e-19
MAPK,NPAS2,2.7872098306666415,2.1377151976581056e-19
MAPK,SGSM3,-1.0012766688594839,2.221079006297654e-19
MAPK,PLK3,2.3039206239517327,2.425659889401572e-19
MAPK,SSBP2,-2.2830303843421857,2.604762163391092e-19
MAPK,DBP,-1.8994074921755382,2.6860153660424816e-19
MAPK,MRGBP,1.6086865073015384,2.771359200075532e-19
MAPK,PLPP1,-2.919131299366445,2.889726440039918e-19
MAPK,HIST1H2AC,-5.5759893507703,3.225800771604815e-19
MAPK,UBIAD1,1.3594808732352237,3.4146407921238704e-19
MAPK,ITFG1,-1.313384099212096,3.5205089357263333e-19
MAPK,TEX30,2.7460424973040327,3.885090707729783e-19
MAPK,RABGAP1,-1.1652973293885696,4.029067218940979e-19
MAPK,ATP6AP1,-1.7576444991468014,4.213930439433537e-19
MAPK,NUP153,1.5048873861744063,4.588755462343906e-19
MAPK,CTSD,-2.4986788443503136,4.834267172502334e-19
MAPK,EPS8L2,-1.4791524285547497,4.986317536164157e-19
MAPK,PSAP,-2.6312554784812847,5.528307811686948e-19
MAPK,TRADD,-1.161308764155651,5.85977537081538e-19
MAPK,GSTK1,-2.5948225263859666,6.012391394297072e-19
MAPK,CTSA,-2.5676702887056,6.239537547758711e-19
MAPK,GALT,-1.3484543443979746,6.317289044828657e-19
MAPK,SELENBP1,-3.201964644567817,7.053210399535111e-19
MAPK,CSAD,-1.2737809334541086,7.498730441482726e-19
MAPK,CHD3,-1.521533150530066,7.814464576737836e-19
MAPK,MYEOV,1.7232242765675498,7.881660016744584e-19
MAPK,BLM,3.1677430466694108,1.0020956836540604e-18
MAPK,SH3TC2,1.5373440233191635,1.0204194157334578e-18
MAPK,MAK16,3.170212523486066,1.0480132049057904e-18
MAPK,SLC25A15,2.4614128261279364,1.1050535006075066e-18
MAPK,IER2,4.293020454500593,1.1889857223363329e-18
MAPK,PVR,1.666546426602665,1.3441631050250243e-18
MAPK,SSH3,-1.3329163850526737,1.3990951205782355e-18
MAPK,ODC1,4.557373008260328,1.408343764505674e-18
MAPK,BBS9,-1.1191700192774277,1.6177042986496259e-18
MAPK,POLR1E,1.729414784310623,1.6376228817998004e-18
MAPK,TOMM34,1.8139305291326793,1.9307762650373515e-18
MAPK,DYNC2LI1,-1.3588641781235813,1.9460892503592343e-18
MAPK,TOX4,-0.8862106051891931,1.9627988859572125e-18
MAPK,GPX4,-2.0589806452594286,1.9879496143535404e-18
MAPK,RFWD3,2.7744377527067594,1.9969266900178843e-18
MAPK,ITGA6,2.769862478413363,2.045617070765571e-18
MAPK,HIST2H2BE,-3.990571140633406,2.2864887799520076e-18
MAPK,LONRF3,1.9933114335133968,2.3003614181606693e-18
MAPK,SEH1L,2.7621392589876477,2.3008946800370935e-18
MAPK,KIF13A,-1.486184011881313,2.3034906677487637e-18
MAPK,TRMT6,3.8997418150462804,2.609284975752442e-18
MAPK,ANO1,2.0976537124835093,2.6687363341451303e-18
MAPK,PIK3IP1,-2.116566251095395,2.7242818715792522e-18
MAPK,B3GALT4,-1.263931880740073,2.9006596085144855e-18
MAPK,CRY1,2.9547971218791886,3.094633116387937e-18
MAPK,ZNF350,-1.2032804206187708,3.2416582688747785e-18
MAPK,NLE1,1.7225666320332844,3.245859923914701e-18
MAPK,TMEM219,-1.8280533997935768,3.250332564262016e-18
MAPK,UBE2S,3.7136472752417906,3.310503947697325e-18
MAPK,RWDD2A,-1.5088225616113686,3.32108247822818e-18
MAPK,TP53TG1,-2.2200436543709303,3.585281049638101e-18
MAPK,GART,1.6032406798840992,3.733185601286025e-18
MAPK,FASTK,-0.8737103281882534,3.9764683356342926e-18
MAPK,PPAT,2.1345124072596557,3.977399475998261e-18
MAPK,NOC3L,2.9016489744081135,4.24120035972589e-18
MAPK,IPO7,1.793786652614011,4.312473636968163e-18
MAPK,MAGOHB,1.737497792586976,4.427797566018956e-18
MAPK,NDUFAF4,2.740998098187474,4.60870368485453e-18
MAPK,SLC45A3,1.742364710492446,4.9054930636029884e-18
MAPK,WDR74,1.7229574699154608,4.9145288023859945e-18
MAPK,LINC00973,8.886359685729255,5.016308738318998e-18
MAPK,URB2,2.65793256190829,5.073960748577954e-18
MAPK,CRYZL1,-1.2797897323715146,5.201790411919839e-18
MAPK,LAMP2,-2.066118005095145,5.3973237100186574e-18
MAPK,ABHD4,-2.3578367818954735,5.7711545826599144e-18
MAPK,PFDN2,2.7273325387193466,6.107059511116415e-18
MAPK,SLC16A4,-3.3225743903295393,6.358959832369494e-18
MAPK,FIP1L1,1.582768381683374,6.3751325811311644e-18
MAPK,FJX1,2.933681441437523,6.454309049683732e-18
MAPK,CLU,-2.1668648585127603,6.745841811588254e-18
MAPK,FOXD1,1.8835366976761154,6.819423484027753e-18
MAPK,IFT81,-1.5757415291020258,6.94094141487909e-18
MAPK,BBS1,-1.3072348210792557,7.432336447743804e-18
MAPK,PBXIP1,-2.28012864591615,7.567651168629147e-18
MAPK,KIAA0319L,-1.4841182464078067,7.83286478311131e-18
MAPK,DSCC1,2.1671638299878757,8.27933973501366e-18
MAPK,MAGED1,-2.5839486982002096,8.434947875293005e-18
MAPK,TSPAN31,-2.020120491515796,8.874617669711929e-18
MAPK,C1RL,-2.192241948008778,8.88832024317194e-18
MAPK,TGFA,3.6887505436772803,9.280652638522438e-18
MAPK,MID1,-1.9417564417074864,9.30483694356453e-18
MAPK,DECR1,-2.1110882080537783,1.0269374304653064e-17
MAPK,HIGD2A,-1.4304306762205021,1.0292712895491229e-17
MAPK,THBS3,-2.345877585693189,1.2084457132799064e-17
MAPK,PTPN12,2.027558808667719,1.21035680765546e-17
MAPK,AAMDC,-1.1850746937412462,1.2246972992039932e-17
MAPK,CD24,-4.1701219632876345,1.2336689948956309e-17
MAPK,SNRPB,2.312416302481716,1.2504020250524228e-17
MAPK,MTUS1,-2.132442411866621,1.3684990898781437e-17
MAPK,COX7C,-1.1066411211120464,1.39918568905321e-17
MAPK,MEIS1,-1.7941920323034306,1.772387256363601e-17
MAPK,OS9,-1.6476396423712512,1.7920781642594038e-17
MAPK,TP53INP1,-3.798405342410084,1.8238387333877537e-17
MAPK,CDC45,3.74331135354804,1.8779571542255817e-17
MAPK,NAA15,2.3633405961023306,1.8956759996500778e-17
MAPK,MAGED2,-1.92882995153191,1.9036663892433998e-17
MAPK,RFC3,3.474516385922267,1.9277898249870304e-17
MAPK,TBC1D17,-1.5361576769383578,1.96847724357451e-17
MAPK,FAM134A,-1.7225271386893233,2.054771049821712e-17
MAPK,LGALS3,-2.4253058661232894,2.155672184392351e-17
MAPK,WDR43,2.9024876690049624,2.2276944161012636e-17
MAPK,VPS8,-1.1510187126725175,2.24970006458281e-17
MAPK,PRDX5,-2.2945877770691925,2.336715621907212e-17
MAPK,ZNF226,-1.1900628861704823,2.4408623393006828e-17
MAPK,CDC42EP2,1.8751721193352584,2.553117430609452e-17
MAPK,GRN,-2.956391521176414,2.6456797152790992e-17
MAPK,CDK19,-1.6981753578177723,2.7490816462104962e-17
MAPK,IER3,8.3160554291295,2.7506392872547736e-17
MAPK,ORC6,3.3581382040178442,2.892343667643291e-17
MAPK,IRAK1,1.7431445357675128,2.9074575818841816e-17
MAPK,SLC35G2,1.4984884932009108,2.951016666186176e-17
MAPK,MYO19,1.3386749919688838,3.029886363616561e-17
MAPK,RNF170,-1.4091446143851745,3.0323797170635256e-17
MAPK,ECHDC2,-1.3799771132219982,3.1164938035592455e-17
MAPK,RPP25,1.6293258598562643,3.1464970962362e-17
MAPK,MCM10,4.421784693520934,3.1984939807635475e-17
MAPK,CRLF3,1.5529816540759385,3.2803304733727096e-17
MAPK,ALDH3B1,-1.9850146198117475,3.814818273350303e-17
MAPK,ECT2,2.4864736805641012,3.977831953779403e-17
MAPK,VAMP8,-2.47133359696655,4.0517690218113705e-17
MAPK,MYC,4.923978051276431,4.123439249292713e-17
MAPK,ZNF608,-3.311101193685191,4.1377873340358147e-17
MAPK,GNL2,2.3314202563567683,4.2051956029340813e-17
MAPK,ZNF696,1.1199971718780384,4.3694763364742896e-17
MAPK,PDK2,-1.7631685236750267,4.504000266438284e-17
MAPK,MAFF,5.596091391599101,4.652668676806843e-17
MAPK,ING4,-2.217858864130198,5.002385613597551e-17
MAPK,HPCAL1,2.914140847382789,5.007072283621974e-17
MAPK,GSTA4,-2.2256278042795934,5.010848245437401e-17
MAPK,ASAH1,-1.5176922308654375,5.26167336652886e-17
MAPK,ZBTB20,-1.962495981481995,5.263752274640517e-17
MAPK,HSD17B4,-1.2003214299539169,5.519694623414633e-17
MAPK,ESF1,2.087792666738311,5.783106133729438e-17
MAPK,SEZ6L2,-1.2540648787387143,5.944902194303499e-17
MAPK,TAGLN3,1.651504679564034,5.95957193629772e-17
MAPK,ARL6IP5,-2.3298749412682764,6.013517531348654e-17
MAPK,CHD1,2.091547523592675,6.281404765996152e-17
MAPK,UPP1,3.87230451666544,6.587159338177008e-17
MAPK,MATN2,-3.4154597161894666,6.614183219126982e-17
MAPK,CARF,-1.5323402978361913,6.634842352002749e-17
MAPK,STEAP1,2.907976643354926,6.662073249354832e-17
MAPK,NDUFA2,-1.0727645220513342,6.751720727752525e-17
MAPK,ADD3,-3.222858855121355,6.996329401641786e-17
MAPK,SLC25A19,3.475240816747681,7.08910942624742e-17
MAPK,MAD2L1,3.4201116439769774,7.13866865107428e-17
MAPK,FAM63A,-1.6936694592361035,7.240990411573617e-17
MAPK,GOLGB1,-1.666500516136697,7.486631034749546e-17
MAPK,C16orf62,-0.8771989473157741,7.557809202461485e-17
MAPK,BYSL,2.5254832850130735,7.68810571251759e-17
MAPK,PPRC1,2.838830940123598,7.742725514893554e-17
MAPK,AMD1,2.7520221214654756,8.095045594008376e-17
MAPK,NOM1,3.0409635622273474,8.672142540114149e-17
MAPK,SYF2,-1.190034218918269,8.738815162275378e-17
MAPK,ACBD4,-1.1372557997382413,8.758840521979961e-17
MAPK,WNK4,1.6177396426111534,8.842099661424434e-17
MAPK,ERRFI1,9.26340503897811,9.258296120739433e-17
MAPK,ACSF2,-2.174594474664316,9.353539927229805e-17
MAPK,ZNF345,-1.181874705522069,9.42478898716976e-17
MAPK,NCL,1.5524521008216206,9.803329271640128e-17
MAPK,SIRT3,-0.8603012797870723,1.0001123454130457e-16
MAPK,POLR2D,1.6044408300218695,1.0048128490372272e-16
MAPK,LYAR,5.171116344052871,1.0343052839499719e-16
MAPK,CEP72,1.525652563986415,1.0510433965715271e-16
MAPK,C14orf93,-1.5484340103147856,1.0788776100695332e-16
MAPK,PPIC,-1.8139237745455128,1.107889230297727e-16
MAPK,PGAP3,-1.266831236107556,1.1466157693453036e-16
MAPK,KBTBD2,1.8891017857690648,1.1700257444175056e-16
MAPK,RABAC1,-2.0910040245625097,1.1719538882937884e-16
MAPK,FAM84B,2.754326009912499,1.1871933063759254e-16
MAPK,CCNE1,1.8069524384923328,1.309862264703121e-16
MAPK,ITM2B,-2.0121053781542853,1.358456674562095e-16
MAPK,EIF5A2,1.9934896961948174,1.3992966064437511e-16
MAPK,RNF146,-1.8875203947855503,1.405009565864278e-16
MAPK,PLAUR,3.782398618394548,1.4784752175033037e-16
MAPK,DHODH,1.2025891752409859,1.5849164999490964e-16
MAPK,PPCS,-1.4788689436310414,1.6062784817364117e-16
MAPK,MLLT3,-1.78160994086144,1.6118530026752228e-16
MAPK,ENTPD6,1.1192818457139107,1.636358477369158e-16
MAPK,TFAM,2.0050789889443155,1.6858166668114719e-16
MAPK,AUH,-2.1123246409340726,1.8069343180270902e-16
MAPK,CDKL3,-0.8213685900527746,1.8080004584678846e-16
MAPK,CHAF1A,1.9663455743501046,1.8147892721463076e-16
MAPK,PDLIM1,-3.2393526457497117,1.8286766948618504e-16
MAPK,ARPC5L,1.9766107213815423,1.8440242930544668e-16
MAPK,ISG20L2,1.4742344220669008,1.8440593049292789e-16
MAPK,ALDH6A1,-2.3348480726722682,1.882941543031486e-16
MAPK,FGGY,-1.0433252122361172,2.0489718236938312e-16
MAPK,ZNF473,1.503334077619824,2.0948203952659583e-16
MAPK,PABPN1,-1.9408416873602101,2.130584563341935e-16
MAPK,CCDC92,-2.1202374414512737,2.242685872024659e-16
MAPK,TRA2B,1.7733082431136853,2.2444987524775617e-16
MAPK,GJB3,1.3902727199509712,2.33818045726385e-16
MAPK,PLEK2,2.9368595660936925,2.3617528157165447e-16
MAPK,MRTO4,2.9228728006363096,2.4834877232765544e-16
MAPK,NOLC1,2.8691707425834143,2.561581508929752e-16
MAPK,MUT,-1.5313048618016414,2.675305493518312e-16
MAPK,NSUN2,3.2530562110565007,3.3570176006109046e-16
MAPK,MPPE1,-1.4054460666268576,3.487706949773619e-16
MAPK,NOL6,1.8248554703268323,3.5349797744077676e-16
MAPK,VPS41,-1.7730318477609364,3.666510263357357e-16
MAPK,IL10RB,-2.1005846687602108,3.845970217982856e-16
MAPK,YPEL5,-3.59573524332006,3.8461727177175026e-16
MAPK,S100A16,4.200960198219558,3.849410688691015e-16
MAPK,SMTN,1.9920328393334437,4.107996586513732e-16
MAPK,EIF2B2,1.7175793520167384,4.108430041918739e-16
MAPK,OSBPL9,-1.8532384689150605,4.336166580046277e-16
MAPK,FBXO45,2.7599379098164487,4.508730197168881e-16
MAPK,TFB1M,1.9446108950139833,4.564653988784813e-16
MAPK,TMEM185B,1.7053266058323138,4.957697232793124e-16
MAPK,SOWAHC,2.9242170413069384,5.051728740277375e-16
MAPK,GOLPH3L,-2.2270674693681065,5.097408680141758e-16
MAPK,ZNF362,-1.0434389798815331,5.16817942478064e-16
MAPK,HBEGF,3.163926137287332,5.340750689314336e-16
MAPK,SSFA2,1.8170272202742652,5.429403616235099e-16
MAPK,KIF23,3.0604676243292412,5.432774246435165e-16
MAPK,CLN3,-1.4466576652361476,5.444281314395672e-16
MAPK,CDK5R1,1.2310460535606944,5.625160389939589e-16
MAPK,RABGAP1L,-1.1673278493464696,5.878005853970771e-16
MAPK,MKL2,-1.040593498396789,6.069590007859586e-16
MAPK,TBC1D8B,-1.4600023946592051,6.273312743754829e-16
MAPK,DAZAP1,1.4601263263867654,6.50395928248076e-16
MAPK,ITPR3,1.0461716796192946,6.680939309132057e-16
MAPK,NUP54,0.9233763861433002,6.888079136574638e-16
MAPK,TCERG1,1.3902019140211845,7.303356065539717e-16
MAPK,NOP16,2.365565607781477,7.441049794578697e-16
MAPK,DIAPH1,0.8947346199528284,7.845467634837648e-16
MAPK,LYRM9,-1.3814835047918788,8.150656347658949e-16
MAPK,GEMIN4,2.082271118456943,8.290562379512189e-16
MAPK,ATG14,-2.3067635665041224,8.760982825391898e-16
MAPK,PPM1G,1.7332356955973993,8.821697389671891e-16
MAPK,ALDH2,-1.8181341457722398,8.822704855339088e-16
MAPK,SLC44A2,-2.8811487197356755,8.986129466175454e-16
MAPK,UCHL5,1.6708265672416176,9.247846635378707e-16
MAPK,ZNF215,1.151466233892793,9.434611982178979e-16
MAPK,TMEM260,-1.7242226709169515,9.75868235006884e-16
MAPK,USP48,-0.9350794771473664,1.0064513550813284e-15
MAPK,SLC22A5,-1.3415064065704758,1.0168504548913812e-15
MAPK,ENOPH1,1.3517919231821407,1.018484270615401e-15
MAPK,CHMP2A,-1.8594616297929878,1.0255531316822923e-15
MAPK,PHYH,-2.0993884392661837,1.1014810205630094e-15
MAPK,PLA2G16,-1.8091174466845226,1.1354027481702464e-15
MAPK,RAD18,2.5404514190974314,1.1411055573946781e-15
MAPK,AXIN1,1.2659154413920262,1.1566207733827124e-15
MAPK,UTP18,1.5114406580413464,1.1798163891101166e-15
MAPK,UBE3C,0.8750569960633989,1.2142653968821327e-15
MAPK,SLC25A29,-1.5939354242407617,1.2372754615605224e-15
MAPK,ZNF224,-1.1731647055914645,1.2631117502579826e-15
MAPK,DNAJC2,1.3411921984474398,1.2771063442930996e-15
MAPK,WWTR1,2.1815779442738057,1.4136313416275104e-15
MAPK,HES1,2.5615254336821125,1.4315239654968172e-15
MAPK,MYL6,-1.3826170513057623,1.4360675242306087e-15
MAPK,PRMT3,2.431008055810365,1.5083377446823973e-15
MAPK,VAV3,-2.560106256957658,1.5331418318707775e-15
MAPK,PAPSS1,-1.5491049734615878,1.5503284766722074e-15
MAPK,PNO1,2.173002347957634,1.5998584769014654e-15
MAPK,ERMAP,-1.6257687359473545,1.6029158833353185e-15
MAPK,PRMT2,-0.9801693030065108,1.638453765989611e-15
MAPK,LITAF,-1.69584954994347,1.6520818119380937e-15
MAPK,AKR1C3,-4.0820167804391785,1.7377827077747247e-15
MAPK,ATAD2,3.2280754685000046,1.7474781253548522e-15
MAPK,GSDMB,-1.2535778757360105,1.779908502892635e-15
MAPK,RUFY1,-0.7771566248787182,1.801974995993624e-15
MAPK,HAUS6,2.580707583977132,1.810444111078385e-15
MAPK,KLC4,-1.3011179512773305,1.835860381890696e-15
MAPK,ERGIC3,-0.6920773297816432,1.8613677291011282e-15
MAPK,EAPP,-1.8870215477471313,1.904553232130075e-15
MAPK,PHKB,-1.3511412767106712,1.9453599992932506e-15
MAPK,TCF25,-0.9911061142857471,1.9612479635581284e-15
MAPK,HEATR1,1.5347476779332592,1.976290618083037e-15
MAPK,HSPA14,1.7862235917261025,1.9956124329989755e-15
MAPK,PSMC3IP,2.1696254068664844,2.0319485843836556e-15
MAPK,SMAGP,2.4792432865454406,2.080288026416366e-15
MAPK,OSBPL1A,-1.3847995345981343,2.1028267741239274e-15
MAPK,PUS1,2.0978732118249988,2.1053563061051163e-15
MAPK,STK10,1.6850463241128377,2.1826901623278985e-15
MAPK,NEU1,-2.114697879583733,2.2038523367431042e-15
MAPK,DNAJB2,-2.1038873051837528,2.235284924636693e-15
MAPK,GPNMB,-4.638153159457356,2.242950638831769e-15
MAPK,HJURP,3.2180522342170828,2.3483499436621073e-15
MAPK,NME3,-1.7414664682508636,2.3540750291559164e-15
MAPK,ZNF436,-2.7082526446661888,2.3728498729083317e-15
MAPK,EGR3,5.70738891462223,2.3958678960423006e-15
MAPK,KCNN4,3.064523238523143,2.4580733534174033e-15
MAPK,TXLNG,1.879059269411816,2.4853549975013102e-15
MAPK,PXN,1.9174557449614746,2.543060821226481e-15
MAPK,CITED2,-3.5271356026002274,2.6050133113424246e-15
MAPK,CHSY1,2.903554954766309,2.6625977770429205e-15
MAPK,SH2B1,-0.8599385648707127,2.7856989572633028e-15
MAPK,ATRAID,-1.343444638959408,2.7945572191578885e-15
MAPK,ERCC6L,2.4132285667178865,2.8441011388106036e-15
MAPK,ETFDH,-1.3599286468013958,2.8521270002064017e-15
MAPK,HAS3,2.1443467106269574,2.854266967570585e-15
MAPK,ADD1,-0.9015868110147599,2.8559997552020773e-15
MAPK,PPFIBP2,-1.3249318140579065,2.8817591204743518e-15
MAPK,FBXO2,-1.168824033097018,3.2230473582623692e-15
MAPK,WDR12,1.741046575823701,3.3630548878751093e-15
MAPK,ZSWIM8,-0.8894253073584597,3.3676307703279024e-15
MAPK,STX7,-1.4229385076260768,3.38169162115478e-15
MAPK,PFDN5,-1.4553475855940707,3.3924937294861346e-15
MAPK,LZTS2,-1.8371433017469943,3.403837177171517e-15
MAPK,TLR4,2.5415471007009267,3.416906220256256e-15
MAPK,SURF2,1.4031931742623052,3.49335152445377e-15
MAPK,HNRNPAB,3.411700463349553,3.544003864864578e-15
MAPK,NTSR1,1.3983253821762929,3.6394416636032424e-15
MAPK,PEPD,-1.4619697366646822,4.064232699234708e-15
MAPK,IDH1,-2.4818829985703172,4.22292637940162e-15
MAPK,TOMM40,2.043569225614957,4.423876538542314e-15
MAPK,HHLA3,-1.539531705539114,4.440284605359665e-15
MAPK,ARHGEF2,1.802624390351276,4.758865466077653e-15
MAPK,IFRD2,2.48405295401134,4.816009354616421e-15
MAPK,MLX,0.9407816743215813,4.8433031947654494e-15
MAPK,PIGT,-0.7916034986548556,4.953173189609518e-15
MAPK,NCOA2,-1.3483970264611462,4.971928142716272e-15
MAPK,KIZ,-1.6379157216770328,5.092346309000646e-15
MAPK,PAK1IP1,2.9918320925327806,5.1163411711004345e-15
MAPK,SNRPD1,2.3020414767254165,5.3334070828497306e-15
MAPK,HIST1H2BD,-3.632297344074992,5.374578117620004e-15
MAPK,DCAF5,-1.2490089613278106,5.457786923568193e-15
MAPK,TLR3,-2.7593892726137814,5.76746692240814e-15
MAPK,SAT2,-2.557811851683025,5.845090848864762e-15
MAPK,HEXA,-0.8774386593674961,5.991816944491123e-15
MAPK,SYNCRIP,1.558656957755047,6.094413597718207e-15
MAPK,LAMP1,-1.2253462542007916,6.423143436637169e-15
MAPK,DCAF13,1.2317904101232298,6.575427099186369e-15
MAPK,PLD3,-1.7194016279067041,6.613021252589187e-15
MAPK,RRP1B,1.6108904381254854,6.671814443071943e-15
MAPK,TIPIN,3.216991387480461,6.681547866149461e-15
MAPK,ANKMY2,-1.7481842208886615,6.692884619994005e-15
MAPK,TRIP13,3.6447963022250307,6.850629436619689e-15
MAPK,KLHDC8B,-2.6889814463526593,6.942930052971037e-15
MAPK,SOX4,-2.3683551469939244,7.218035893779425e-15
MAPK,TRIM2,-1.61549406709262,7.237513175949167e-15
MAPK,OPTN,-2.9127250571710124,7.322133581223687e-15
MAPK,CLIC3,-4.502853151161292,7.372555641522557e-15
MAPK,CDC25A,2.8784860877432474,7.551358099020322e-15
MAPK,HECTD4,-0.8395240036392771,7.640691281518085e-15
MAPK,MRPS14,-1.223986232886237,7.840090119882549e-15
MAPK,RRM2,5.13678527746478,7.850388955309973e-15
MAPK,RIF1,1.2545051925130266,7.857618013200808e-15
MAPK,KPNA4,1.3120738721306249,8.534792460839816e-15
MAPK,RBM15,1.0331899422857902,8.539878839586505e-15
MAPK,POLR3D,1.6049054325536847,8.756370855246137e-15
MAPK,PCYOX1,-2.473446513155378,8.978328610702985e-15
MAPK,MR1,-2.051058872884542,9.083453922554957e-15
MAPK,NOP14,1.7172432184053132,9.665014547477016e-15
MAPK,ACOT7,2.219686113811623,9.789392204871037e-15
MAPK,RAN,2.1095828409755923,9.892708258566951e-15
NFkB,TNFAIP3,28.373752313465076,1.867140427866091e-71
NFkB,CXCL2,9.403459957537173,2.157216274207832e-61
NFkB,CCL20,36.69730786825934,1.285113386824751e-58
NFkB,NFKBIA,11.444533714391747,2.78087111295943e-58
NFkB,CXCL8,38.517928689387205,5.8443558050989296e-58
NFkB,RELB,7.779221973370105,1.7317309677777597e-57
NFkB,NFKB1,9.513636220891874,2.76893788405754e-57
NFkB,TNFAIP2,10.910807391853327,7.291182261609984e-57
NFkB,ICAM1,18.369385264106057,5.017181824501259e-56
NFkB,IL6,21.77063543639199,1.3019227867860733e-55
NFkB,NFKBIE,8.211832847967157,2.187109341439456e-54
NFkB,NFKB2,5.5155753818972135,6.217296760595695e-54
NFkB,CXCL3,22.946114218850756,1.7936401601082111e-53
NFkB,SLC2A6,9.729988098735753,3.8461802800212082e-53
NFkB,NINJ1,8.012250578533656,4.168361511908797e-52
NFkB,WTAP,3.7666344028884846,1.5856943807851477e-47
NFkB,BCL2A1,14.416924573771935,2.6116882504822586e-47
NFkB,BIRC3,12.457612174206727,2.3089711939500498e-46
NFkB,CD83,10.451370868343178,3.457051416035348e-45
NFkB,TICAM1,3.492084673918129,3.969645101982433e-45
NFkB,CXCL1,23.421858781118814,2.1741665083938737e-43
NFkB,RIPK2,5.979752130983626,6.36232958630882e-43
NFkB,INHBA,12.467593656988873,1.1629135285218892e-42
NFkB,CSF2,5.903526277913062,1.193464470942927e-41
NFkB,TNIP1,6.134726676621977,3.748410176142704e-41
NFkB,DRAM1,9.547700357155104,8.651645223940829e-41
NFkB,TRAF1,10.335576602944473,1.0820428216638427e-40
NFkB,IRAK2,5.3433916126853855,1.2742513850977296e-40
NFkB,TLR2,5.414219976041558,1.4238402063326607e-40
NFkB,TNF,18.639262059640444,1.1970071225532189e-39
NFkB,MSC,6.359206553032758,1.698474951388432e-39
NFkB,IKBKE,3.341126887581698,6.45826343649033e-39
NFkB,GCH1,14.02604366447971,1.4585596846753873e-38
NFkB,CXCL5,7.179647916578252,1.5622712362649898e-38
NFkB,IL1A,8.111290972216988,2.8864095046191864e-38
NFkB,BID,4.729823539227451,9.60488919725315e-38
NFkB,PTX3,21.247895638880852,4.482536550090048e-37
NFkB,EHD1,5.871607384295926,5.218720501638042e-37
NFkB,CFLAR,4.016711588218758,7.030588215584042e-37
NFkB,SDC4,8.153400364564936,9.965917992995096e-37
NFkB,TNIP2,3.3107273514982913,1.9684017183406874e-36
NFkB,TNFSF15,6.245847275446876,6.564339288191419e-36
NFkB,IFNGR2,6.022009724753868,1.458313030465e-35
NFkB,MAP3K8,7.399205364744481,3.207056337360117e-35
NFkB,IL1RN,5.151579659685664,5.584115218462681e-35
NFkB,CYLD,2.773314233756522,9.606304986814709e-35
NFkB,IL23A,2.0729049235948827,4.02154335003975e-34
NFkB,IL36G,9.826405557861253,4.592341187018864e-34
NFkB,CCL2,17.56599183253551,5.152208603983273e-34
NFkB,KYNU,6.404463605575106,7.785274764756348e-34
NFkB,STAT5A,3.9865610031974703,1.330867062971113e-33
NFkB,B4GALT1,2.536198717973617,3.73903316418015e-33
NFkB,IL1B,21.65592931073416,7.856595346245044e-33
NFkB,TNIP3,8.259340938257063,8.30343922353387e-33
NFkB,IFNAR2,4.683318983298864,1.6428708155107568e-32
NFkB,HIVEP1,3.999714880025022,2.974479340118353e-32
NFkB,NKX3-1,2.37298329930962,5.589475851905762e-32
NFkB,CFB,6.31351994004626,3.0414465586582072e-31
NFkB,TRIP10,4.167561748826395,3.427277197022362e-31
NFkB,CSF3,4.9031843413131,3.613123105788311e-31
NFkB,IRF1,12.698009124870918,4.297140807175516e-31
NFkB,TNFRSF9,5.996059048130458,6.711457081065369e-31
NFkB,CXCL6,8.725401427371507,7.477985819060511e-31
NFkB,NFKBIZ,15.12381583682296,8.200849811881117e-31
NFkB,CD40,3.5202135906865246,1.5418152201526587e-30
NFkB,OLR1,7.842010286384952,2.0953291649467468e-30
NFkB,EFNA1,11.433295392016355,3.0206502074704953e-30
NFkB,C11orf96,4.566226064903009,4.276703044809239e-30
NFkB,LTB,3.1875687917698254,5.3874858944878315e-30
NFkB,EBI3,7.546185210064629,5.833702680497668e-30
NFkB,IL7R,8.813312335270886,9.469200361759724e-30
NFkB,UBE2Z,2.152932765652571,1.4381694617380082e-29
NFkB,SOCS3,4.511914558622972,1.823547890310601e-29
NFkB,ELOVL7,8.792115753443438,3.326790295170406e-29
NFkB,TIFA,5.1441124462482355,4.1627637693194057e-29
NFkB,REL,4.709972556739791,9.255188198529263e-29
NFkB,IL32,10.452316416252055,1.194334798738774e-28
NFkB,NFKBIB,2.0655958781216768,2.538534063716167e-28
NFkB,STX11,4.525232449242859,2.9929185852140464e-28
NFkB,KMO,3.974235064546693,5.005900261595283e-28
NFkB,ANKLE2,2.2119763224409037,7.682650565504304e-28
NFkB,NECAP2,2.4427935008954034,4.751083181796478e-27
NFkB,TNFAIP8,4.93682380456133,6.037807040582501e-27
NFkB,TNFAIP6,19.182263460877042,1.1199869235834505e-26
NFkB,PPP4R4,2.427471574635709,1.2821098123182354e-26
NFkB,RNF19B,6.707004337290285,1.675523696868071e-26
NFkB,HIVEP2,3.951426644106167,2.2963318071738327e-26
NFkB,SOD2,11.156150165377186,3.635650097433883e-26
NFkB,ANKRD33B,4.494298724924975,8.823539268208884e-26
NFkB,SGPP2,7.416978193844607,9.896991009835373e-26
NFkB,BIRC2,4.0113793294825895,1.1020653671460575e-25
NFkB,CXCL11,15.834366797407496,1.3652647899708786e-25
NFkB,SLC11A2,2.686648038758446,2.0405033046279867e-25
NFkB,PRDM1,4.41653234664008,2.136350996753179e-25
NFkB,SLC41A2,4.915006504014063,2.262629975796915e-25
NFkB,TMEM217,3.3538132596283843,3.261340309717291e-25
NFkB,IL15,5.146568092215358,4.071195603068446e-25
NFkB,CD80,3.7956150755271807,4.990812440928063e-25
NFkB,MARCKS,4.761373088876815,6.0416212828919295e-25
NFkB,IFIH1,6.0420364439095415,1.1635199177475676e-24
NFkB,EDN1,6.230059521335692,1.2350481477375644e-24
NFkB,CLIC4,4.164455899387259,1.2767129888607594e-24
NFkB,RELA,1.9322240123541656,1.3563702868577489e-24
NFkB,DENND5A,3.7380609509890785,1.704539823686544e-24
NFkB,PLAU,7.406112823023494,1.7515174903838183e-24
NFkB,N4BP1,2.7212585551596,2.212224514427852e-24
NFkB,TP53BP2,2.695950344462362,2.229474972698113e-24
NFkB,DTX2,2.3927998804963453,2.715496465674398e-24
NFkB,DAPP1,2.777524188508719,3.381860623758828e-24
NFkB,TAPBP,3.132917604237852,4.963851087440535e-24
NFkB,CLDN1,6.423492026680362,1.405172280944396e-23
NFkB,POLG2,-2.32937202312845,2.5605715011049985e-23
NFkB,IL15RA,5.486232522738795,4.1410048201434e-23
NFkB,ZNF589,-1.522888586276815,4.250278117983345e-23
NFkB,NFATC3,-1.7012244476651879,5.511603501181894e-23
NFkB,AMPD3,5.3822493894633725,6.095250109403387e-23
NFkB,RND1,3.769493792509958,1.0060918577175204e-22
NFkB,CD44,3.825732257250938,2.0429222133085304e-22
NFkB,SERPINA3,7.011890668250182,2.1251089478675793e-22
NFkB,CEBPA,-3.742077403518219,3.322290480854307e-22
NFkB,MRGPRX3,6.795015405615327,3.939739071152111e-22
NFkB,MMP10,6.294612426142743,4.1433032832316023e-22
NFkB,THAP11,-2.164097842867189,4.169544646302069e-22
NFkB,CD70,2.8375915031340186,5.918228262280816e-22
NFkB,GPR132,2.5658922060605613,7.278673437506958e-22
NFkB,SERPINB9,3.8638252733537004,1.2710191770614573e-21
NFkB,RHCG,2.3309376603667222,1.5688487730623082e-21
NFkB,PLAGL2,2.7633817141607437,2.8943318340108944e-21
NFkB,UXS1,3.6237250400574377,4.606990247088646e-21
NFkB,ZC3H12C,3.751925166004833,4.8955521101744486e-21
NFkB,CLUHP3,1.603401406337386,5.172752729736574e-21
NFkB,C3,8.24101125803567,6.3280395564594735e-21
NFkB,VCAM1,5.5736186363696945,6.881327257266405e-21
NFkB,BAG4,-1.99035290335243,7.037202925344942e-21
NFkB,NOCT,3.924724795367577,8.051060510124481e-21
NFkB,C1QTNF1,3.8385233057700217,8.087822852133947e-21
NFkB,PANX1,3.314118252583082,9.457905878320092e-21
NFkB,BMP2,5.943443869572186,1.0149924934954497e-20
NFkB,PPP3CC,1.271964768513098,1.0999559559188202e-20
NFkB,C8orf4,5.369398048124224,1.2069367738226247e-20
NFkB,PSTPIP2,4.036614484060981,1.9420749892037413e-20
NFkB,DUSP16,2.5437031651819484,2.426421183453763e-20
NFkB,TYMP,3.1999117328213167,2.6735021399641446e-20
NFkB,JUNB,6.258805411539768,4.160382703994301e-20
NFkB,DNAAF1,2.3162759687181254,4.803536596731131e-20
NFkB,RAP2C,2.7188946385245103,5.163609783129096e-20
NFkB,TAP1,7.08425703287775,5.1942344334496426e-20
NFkB,APBA3,1.673566170079494,5.968638090125724e-20
NFkB,IER3,11.738224293562055,8.336187019673007e-20
NFkB,ABHD10,-2.7483465813650048,8.433224807648535e-20
NFkB,HLA-F,3.035017205115714,9.849232230533438e-20
NFkB,CHST2,2.888210013317691,1.1873392576978997e-19
NFkB,GSAP,4.089750247099219,1.295863051073091e-19
NFkB,HMGN2P46,4.792156004332411,1.3218175406160722e-19
NFkB,LINC01465,2.3408964294728474,1.9027736792136857e-19
NFkB,CSF1,3.319191318544259,1.9981811959044443e-19
NFkB,CD82,3.806540440478278,2.1760069448244915e-19
NFkB,NFE2L3,3.822739826903884,2.2978003800520024e-19
NFkB,ABTB2,2.3186220773862236,2.3104536815221747e-19
NFkB,LYN,3.6668443500822643,2.416427398977289e-19
NFkB,IRGQ,1.432115047829431,2.9845088920935594e-19
NFkB,NBN,3.110328158109467,3.0719628935035554e-19
NFkB,POU2F2,1.6220862059674905,4.279351238529657e-19
NFkB,MMP12,4.281184424997675,5.917063652281351e-19
NFkB,PIM3,5.680180139549993,6.68875742794692e-19
NFkB,ITGB8,3.6137647823422663,9.450270464310734e-19
NFkB,SQRDL,4.536878590149101,1.2863553057053021e-18
NFkB,GBP3,6.628014719840298,1.3103873602103417e-18
NFkB,TANK,2.2666638681754527,1.5988616402143174e-18
NFkB,CCL5,13.194532344519693,1.5992768745114202e-18
NFkB,SLC39A8,2.767629057755222,1.7060056085167589e-18
NFkB,PTGIR,1.3307697926942272,1.9111344427190427e-18
NFkB,CCL7,2.933640861122158,2.0285422191878178e-18
NFkB,CREB3,2.1440145746546384,2.1455060406439612e-18
NFkB,ICOSLG,2.0789591639466707,2.2804820667395953e-18
NFkB,TMEM55A,-3.167664515490988,2.3806820083164947e-18
NFkB,FRAT2,-2.869577112883228,3.1770533056449798e-18
NFkB,GBP2,7.3702337623210505,3.332789687623367e-18
NFkB,NPRL2,-1.148223905577641,3.471995486370373e-18
NFkB,IRAK3,1.6408716956114178,3.761216491991007e-18
NFkB,SQSTM1,2.9021178126801117,5.809725332279319e-18
NFkB,WNT5A,3.6950088178558698,6.332951918362281e-18
NFkB,SOCS1,2.782739630047954,7.400053089553204e-18
NFkB,RNF144B,4.743357121874756,7.427316980087796e-18
NFkB,ETS1,3.331548365584419,7.885219119439855e-18
NFkB,TNC,3.174996316936141,9.050959468790476e-18
NFkB,MMP9,8.326387309098665,1.0251368423163674e-17
NFkB,SMARCA2,-1.4664136081781136,1.1515536468532902e-17
NFkB,IL12B,6.704744759409161,1.160432634605242e-17
NFkB,PLAUR,5.127519299496343,1.1631367254320772e-17
NFkB,PPP1R15A,5.856181950489766,1.1922602663511002e-17
NFkB,LINC01215,3.2213487934810376,1.2200102908175719e-17
NFkB,IL18R1,3.030421068602611,1.2672845760054217e-17
NFkB,CLEC4E,1.8741312481671806,1.3138226210029163e-17
NFkB,CD69,4.945174962408783,1.455653635679411e-17
NFkB,DDX58,6.853271086103276,1.7419641971324648e-17
NFkB,LACTB,3.1465941514694333,1.8172210403888406e-17
NFkB,CYP7B1,3.3348758534489074,1.9398635867629127e-17
NFkB,UPB1,1.273317597999146,2.0766747736356686e-17
NFkB,NUDT16P1,-1.498502128939053,2.283301322917333e-17
NFkB,CDC42EP2,2.4545630529471767,2.913919561479109e-17
NFkB,SRC,1.185905710648747,3.092843802751748e-17
NFkB,ARNTL2,3.0080943246841643,3.1379283379395055e-17
NFkB,SUSD6,4.733942676790716,3.1541588467606624e-17
NFkB,OPTN,4.123073103001285,3.263546991161067e-17
NFkB,RHBDF2,2.8602671407178333,3.357095492905488e-17
NFkB,RNF125,-2.9413255170307497,3.4280929980173674e-17
NFkB,LRP12,2.991240989401741,3.5621719184488204e-17
NFkB,C15orf48,19.315232181073966,3.5858626654589945e-17
NFkB,TNFAIP1,2.094869335008105,4.9504318970855405e-17
NFkB,SBNO2,1.7247617309237955,5.019402025971899e-17
NFkB,PLA2G4C,2.016050595310265,5.3038819288390614e-17
NFkB,NAMPT,5.994640944098541,5.824260330806959e-17
NFkB,PDE4B,3.34097975955198,6.49622533866045e-17
NFkB,PML,2.300584822531494,6.627257661545501e-17
NFkB,ZMIZ2,1.4055366874394266,6.676829626450698e-17
NFkB,CD274,7.000107295772259,7.306433442028952e-17
NFkB,PMAIP1,8.149128604713459,7.362161401600977e-17
NFkB,PTGS2,12.467729521429062,7.642570968097374e-17
NFkB,PDGFB,2.34461464210414,8.958344434490094e-17
NFkB,TSLP,3.7030645838570146,9.483819982596174e-17
NFkB,MAPKAPK5-AS1,-1.6857772771207662,1.0319696730753242e-16
NFkB,CTHRC1,5.949287319399018,1.2447117220533887e-16
NFkB,LOC440934,3.466803808803722,1.3043726349915478e-16
NFkB,SRGN,2.898819728073159,1.3708720365947418e-16
NFkB,CXCL10,24.132823686254273,1.5075464439327528e-16
NFkB,GBP1,7.418785586045837,1.8466001661376777e-16
NFkB,NAA16,-1.505408197995601,2.28793524593368e-16
NFkB,MARC1,-3.0293957587725457,2.471753542707804e-16
NFkB,LOC100130476,4.357401893255902,2.9572260190954656e-16
NFkB,C10orf55,1.6789410841375736,3.209235095845238e-16
NFkB,STAT4,4.082517729032464,4.318719573084611e-16
NFkB,ZNF398,-1.8631539641522314,4.342650187209384e-16
NFkB,SLC25A37,2.227636780813109,4.538835260372082e-16
NFkB,FEZ1,2.2750130565624413,5.678160541552718e-16
NFkB,IL6ST,2.266500838464691,6.397536898377663e-16
NFkB,ARL5B,4.112474284196357,7.649277268694537e-16
NFkB,BTG3,2.284162386523322,7.899127069156197e-16
NFkB,IL4I1,4.799029293622621,8.91791264690845e-16
NFkB,PARP12,4.763406957430169,8.98692525368907e-16
NFkB,USP12,2.224751224661562,9.823895151110843e-16
NFkB,LINC00158,3.23983477884658,1.03216956078381e-15
NFkB,DAXX,1.5876978473445065,1.1080233727350046e-15
NFkB,NIPAL4,2.6545860026150376,1.3673323792731602e-15
NFkB,SRPK2,-1.4340123210194098,1.5160410260651643e-15
NFkB,HS3ST3B1,2.913980009036479,1.7242048805700954e-15
NFkB,TRIM47,3.10046659498137,1.7409325972743148e-15
NFkB,S100A12,2.925922017107448,1.7510989575983844e-15
NFkB,CASP5,2.2421304873648142,1.9146860616897924e-15
NFkB,TMEM106A,1.7537694237193653,2.0610709773432656e-15
NFkB,SERPINB2,8.992853408746734,2.225672085763264e-15
NFkB,IRF7,5.084472020681275,2.3255005810722492e-15
NFkB,P2RX4,2.712954137158978,2.853160607388759e-15
NFkB,CLEC2D,1.931175564109006,3.2645084506324587e-15
NFkB,G0S2,8.53933945986813,3.3895300231203315e-15
NFkB,CYP27B1,3.1924146555490873,3.8011396003637234e-15
NFkB,BDKRB1,3.220252065447521,3.8841524120513564e-15
NFkB,PLK3,2.6603773219461497,4.058534734179342e-15
NFkB,FMNL3,2.9026410557497075,4.488680051103945e-15
NFkB,TEX2,-2.3536121501391993,4.962108569969463e-15
NFkB,LIF,6.608409878959087,5.1767431746722e-15
NFkB,NECTIN2,1.8432284699153576,5.3536000464250765e-15
NFkB,USP43,2.293516100336048,5.775930752442647e-15
NFkB,THYN1,-2.2752725278229238,6.682506641373644e-15
NFkB,SLC31A2,3.228312868171232,7.132291489706453e-15
NFkB,CASP7,2.939144514946534,8.123999561473539e-15
NFkB,LINC00936,4.115776080373013,8.49316597253606e-15
NFkB,TRAF3,2.195332579970129,1.0089597027822747e-14
NFkB,CHMP4B,1.7206265580949083,1.0180876200910919e-14
NFkB,HCK,3.4390629364430216,1.024658325803123e-14
NFkB,GRAMD1A,2.767700562388433,1.0983988639389722e-14
NFkB,ADPRH,1.266874300459325,1.1062116675507912e-14
NFkB,RHOBTB2,-1.4821692752223223,1.109309865001784e-14
NFkB,LHFP,2.080404920845938,1.1578750895669261e-14
NFkB,PELI1,3.496945207535576,1.1645265320465942e-14
NFkB,STX10,-1.6599660268741425,1.3216209178672267e-14
NFkB,B4GALT5,3.120955147753379,1.3660808567832035e-14
NFkB,ZYG11B,-2.553344671747543,1.4088811961346686e-14
NFkB,CLPX,-1.7796978919704027,1.7539845283659992e-14
NFkB,CCL4,15.711884459358282,1.9486226769660064e-14
NFkB,CCL8,8.321975109333792,1.9758977236565533e-14
NFkB,PATL1,1.8586445805376675,2.0333787781482812e-14
NFkB,BTN2A1,1.2900835560625892,2.2230130357870674e-14
NFkB,JADE1,-2.5378945149220087,2.285213696486692e-14
NFkB,MYO10,2.541764704987205,2.44267197014029e-14
NFkB,CIPC,-2.621767216444206,2.7601786967256893e-14
NFkB,GP1BA,1.6163558769881716,3.0029488364351884e-14
NFkB,XPA,-1.817317168204565,3.146451902012892e-14
NFkB,ISG20,6.732711011113878,3.2614961414008096e-14
NFkB,CDKN2B,2.450775380053684,3.3076876236103485e-14
NFkB,CEP63,-1.3863719175773495,3.4700177370272035e-14
NFkB,IGFL1,5.428644370916438,3.5111982424497127e-14
NFkB,ZNF57,-2.455078733258079,3.5252530412854924e-14
NFkB,TRERF1,-2.0199671691989485,3.5444989366113296e-14
NFkB,NR4A3,3.8302942902746553,3.7838179981229136e-14
NFkB,NEURL3,3.5033917979927183,3.95855598217011e-14
NFkB,MBLAC2,-2.1657877583198224,4.2099201359086256e-14
NFkB,GPR84,5.670507889815861,4.499573917092925e-14
NFkB,ZHX3,-1.0819539678472139,4.5122991140399664e-14
NFkB,ATP2B1,3.7579053054051736,4.5696603075235466e-14
NFkB,B2M,2.1661617621707365,5.4219119969739e-14
NFkB,SCARF1,1.298254051086648,5.91161007636781e-14
NFkB,RILPL2,2.986669600084396,6.017074673797851e-14
NFkB,LOC100288675,2.4537017622380675,6.056879135219236e-14
NFkB,HLTF,-2.7094629814001223,7.49786454018817e-14
NFkB,LOC101929709,2.8928506494417583,8.785369967023592e-14
NFkB,FBRS,1.1659006822572735,1.0467343857003753e-13
NFkB,ZBTB10,2.2747136976518494,1.0742799762501432e-13
NFkB,RAP1B,2.0578978997051136,1.1964219988201975e-13
NFkB,SDHAF1,-1.4488655625727538,1.2826576316749991e-13
NFkB,GGA2,-1.2599809817977192,1.3043906069263834e-13
NFkB,ZBTB18,-1.8392823087160532,1.3260734003822694e-13
NFkB,FCAR,1.097528766186618,1.3355561808369295e-13
NFkB,ALDH3A2,-2.2018481900377327,1.352112376280644e-13
NFkB,PNPLA1,1.2340818025878237,1.3546150675840295e-13
NFkB,LRMP,-2.0128974804321693,1.458261008404189e-13
NFkB,MSANTD3,2.811646109289257,1.5257764207386795e-13
NFkB,MMP13,4.457082313904972,1.60150903988133e-13
NFkB,PCM1,-1.3750700398139708,1.6143339992013226e-13
NFkB,SGK223,-3.91903272455847,1.6876768640862608e-13
NFkB,OSGEPL1,-2.3930031358741792,1.8339085601392685e-13
NFkB,LIAS,-2.4321894829986532,1.8342682705591656e-13
NFkB,SLAMF7,7.166879691364502,1.9129704642359924e-13
NFkB,JAK3,0.9712568837591143,2.0112625160782278e-13
NFkB,MT1M,4.048371890793061,2.186396907550178e-13
NFkB,FFAR2,2.165129627307715,2.2559949427041245e-13
NFkB,PDPN,1.5747259959351823,2.4126488294922645e-13
NFkB,DHX58,2.807696115082135,2.522054107475256e-13
NFkB,CANT1,1.9345281746684104,2.5957138079291936e-13
NFkB,MUM1,-1.3003936552907414,2.6816718464242874e-13
NFkB,LOC399900,1.096711009142203,2.913773159590622e-13
NFkB,CTSS,3.954792081543521,3.0660103392775703e-13
NFkB,PDIK1L,-2.749981115202318,3.43844858186605e-13
NFkB,RCAN1,2.595350531745327,3.6769223669538914e-13
NFkB,GRINA,2.0631390094889115,3.704534634424742e-13
NFkB,CH25H,3.2937080255471733,4.0614518868219537e-13
NFkB,PDGFRL,3.320649423659236,4.097456813533642e-13
NFkB,NUDT6,-1.9512100463866335,4.2696680823770963e-13
NFkB,PIP4K2B,-0.856049475451468,4.2964097961582224e-13
NFkB,IFIT3,10.47846236566912,4.440584781847903e-13
NFkB,SIX5,0.9202715098330786,4.4744810551084995e-13
NFkB,CD48,2.0260579157423204,4.749041585127624e-13
NFkB,PDHB,-1.6445360998426544,4.86192286634045e-13
NFkB,INTS8,-1.6169429663254573,5.173689846382471e-13
NFkB,LOC93622,-2.5526527012529217,5.257526985168688e-13
NFkB,PRKACB,-2.2924162403610633,5.65437904225944e-13
NFkB,KCNJ2,5.131631444905947,5.711793436663947e-13
NFkB,MAFF,6.347435979483549,5.864108718708312e-13
NFkB,CCL19,2.820739919004211,6.14700316046122e-13
NFkB,LOC101928554,1.402087970771682,6.191102357749585e-13
NFkB,NDUFB5,-1.5866150691238847,6.404345875810611e-13
NFkB,KDM6B,3.2222921047446564,6.49366642612214e-13
NFkB,PTAFR,2.1837248585593327,6.550112643302134e-13
NFkB,SAMSN1,2.1873732032056377,6.847035540197813e-13
NFkB,SLC35A1,-2.1972341899616956,7.256838812021589e-13
NFkB,ANKMY2,-2.1186125410140604,7.445701986137538e-13
NFkB,LAMB3,4.285082796845306,7.803544591691801e-13
NFkB,STARD5,2.560950724152315,8.725238745804836e-13
NFkB,CCDC51,-2.0183248411903554,9.190314618320706e-13
NFkB,DCUN1D3,2.4775046389889805,9.82568580670777e-13
NFkB,FNDC3B,2.461260591763721,1.0195336802284686e-12
NFkB,GPR176,1.926887015317007,1.0678241183381581e-12
NFkB,SLC25A38,-1.5192816564929488,1.097331263725962e-12
NFkB,EREG,4.266937436628548,1.1616125445341024e-12
NFkB,KRT6B,2.831670218883179,1.1839800539627751e-12
NFkB,TRAF2,1.1967785350599023,1.2593710136610935e-12
NFkB,TRIM36,1.5189422912361086,1.2680409809397595e-12
NFkB,ABCC5,-1.4651736614167452,1.3209702760699209e-12
NFkB,ZNF697,2.249751434741509,1.3551381263266573e-12
NFkB,VNN1,2.352935025298736,1.378592021118959e-12
NFkB,CD47,1.7849305314578223,1.4166594153954918e-12
NFkB,HADH,-1.9942868692305005,1.4218194278553788e-12
NFkB,RWDD3,-1.6758024604194626,1.549260120616582e-12
NFkB,KLF6,3.575416500382137,1.596478430697609e-12
NFkB,PTCD3,-1.4169002577138823,1.602766585791267e-12
NFkB,ZBTB44,-1.9693820943563072,1.6927003922129085e-12
NFkB,CNOT7,-1.269497209625878,1.6929794890061853e-12
NFkB,EIF3L,-1.5057998683649159,1.6939263742183064e-12
NFkB,BTN2A2,1.3616508297587964,1.7137721129020868e-12
NFkB,VPS26B,-1.5324495671624974,1.8125031490335843e-12
NFkB,MREG,2.6341718557951896,1.8859458243144257e-12
NFkB,MESDC1,2.2695605311951175,1.8997872506595844e-12
NFkB,NFKBID,1.9414344633911245,1.928643650964476e-12
NFkB,NCOA7,2.2834342295536842,1.9766878127373096e-12
NFkB,PPIL3,-1.818187036452523,1.9792888755590617e-12
NFkB,CCNL1,2.081308118963367,2.198354793062801e-12
NFkB,DIS3L,-2.4956672569896416,2.283311765565378e-12
NFkB,AKR1B1,4.355686629266585,2.288716594692237e-12
NFkB,DEF6,-1.2847666064017944,2.289647873718811e-12
NFkB,RHBDL2,2.4565225910514803,2.4004232978380026e-12
NFkB,ZBTB17,0.9123333657630576,2.4684892659781484e-12
NFkB,CRTAP,-1.502190372841416,2.6898965790674572e-12
NFkB,PPARD,1.3791552272413174,2.7651123792266945e-12
NFkB,SLC25A28,1.9511625271067377,2.8271207756982966e-12
NFkB,DNAJB5,1.6670095150975663,2.8273836966414243e-12
NFkB,CSRNP1,4.597279005554201,2.875395301436967e-12
NFkB,MTERF2,-2.082731704923027,3.0952835252299414e-12
NFkB,RARRES1,5.0288278494454275,3.111521255340256e-12
NFkB,GPD1L,-3.4608201247468657,3.1749579509294166e-12
NFkB,OXA1L,-1.6347481530334114,3.2942973973319224e-12
NFkB,PTGER4,3.6805479074499257,3.341936891533744e-12
NFkB,GRAMD3,2.672956566400232,3.3615187202704988e-12
NFkB,RITA1,-1.3724502328836614,3.77263470017205e-12
NFkB,GBP5,4.822605356075322,3.882811146028534e-12
NFkB,GDE1,-1.9230374704823148,3.962809075951952e-12
NFkB,DBT,-1.329743857799859,4.233816896285404e-12
NFkB,CYTH1,1.3405137984556394,4.254335449624181e-12
NFkB,NAA40,-1.756826745569441,4.377639760369336e-12
NFkB,LUC7L3,-1.3005730529662782,4.865748420832478e-12
NFkB,FRAT1,-2.8172913907563353,5.024065901062587e-12
NFkB,PURA,-0.9996030272530382,5.683338597439123e-12
NFkB,GNA15,1.7614045824314715,5.736638575706467e-12
NFkB,PIK3R5,0.9974525125423174,5.866636237432186e-12
NFkB,IARS2,-1.6306550323966411,5.965463307711192e-12
NFkB,HELZ2,2.228470390900899,6.355684183441492e-12
NFkB,KLF9,1.7388173327208927,6.585601359388913e-12
NFkB,ZXDA,1.7875445394892613,6.730595751267679e-12
NFkB,IRF2,2.790700627756693,6.901842167693801e-12
NFkB,FAM217B,-3.4439508776973127,7.444947142832015e-12
NFkB,SDHAF3,-2.2465279582177335,7.573003832513303e-12
NFkB,PREPL,-1.6438579192622738,7.649521559617662e-12
NFkB,TRIT1,-1.5736751540356955,7.704114189464861e-12
NFkB,ASB13,-1.9462822135951239,8.068051639637956e-12
NFkB,BTBD1,-1.2178022806213225,8.106700991605222e-12
NFkB,IMP3,-2.1880522558391116,8.123083606982075e-12
NFkB,ZNF420,-2.31458628183199,8.33256970103062e-12
NFkB,RGS14,-1.066467654979555,8.43235276144237e-12
NFkB,PTPN1,1.0916647135544986,8.57677070584252e-12
NFkB,PLA1A,2.122412561556643,8.581707389936428e-12
NFkB,NUDT16,-1.2139733124304157,8.725237719766585e-12
NFkB,ATF5,1.4741336781150791,9.805745571441438e-12
NFkB,SYNGR3,2.667973417501737,1.0000280196581301e-11
NFkB,MLLT10,-0.9035148485569972,1.0067691048536778e-11
NFkB,PIK3AP1,2.1837024557789233,1.0097408313545104e-11
NFkB,MMP14,2.0138772694858784,1.0299125580981134e-11
NFkB,MTF1,1.9685495627619207,1.034889815202006e-11
NFkB,CHST7,1.7942611091314358,1.046702534266927e-11
NFkB,IDO1,7.395722689319974,1.067278393979962e-11
NFkB,UBAC1,-1.4767109851154836,1.0911990572872888e-11
NFkB,PPP2R5A,-1.155547046175909,1.1352581220863655e-11
NFkB,SDCBP,2.2404928765659267,1.1489975635520275e-11
NFkB,BAZ1A,2.490007393015847,1.1574203054471386e-11
NFkB,EGOT,1.7856342880984482,1.1711426920982938e-11
NFkB,TNFSF9,3.7403121354869207,1.2287604506089841e-11
NFkB,ARID5A,1.577946763854294,1.2572052429362786e-11
NFkB,ETS2,2.9878282829243403,1.291243485441073e-11
NFkB,PLA2G12A,-1.7955435967719435,1.3763310015529103e-11
NFkB,CSTF1,-1.5781184944159328,1.3773053815007006e-11
NFkB,RNF207,0.6879045581486286,1.3957096806621008e-11
NFkB,AGGF1,-1.2228006330836196,1.421645686276977e-11
NFkB,SLC7A2,2.199916743770903,1.4594341617780025e-11
NFkB,RPRD2,-1.428608147880473,1.475253529373964e-11
NFkB,CCR7,4.689851885022207,1.5438754648210625e-11
NFkB,GBP4,4.529262003938937,1.5533884262611427e-11
NFkB,AFG3L2,-0.9757565502955579,1.5724667032080188e-11
NFkB,MRPS30,-1.6439961512945516,1.5995264671221226e-11
NFkB,ZNF267,2.701582861449695,1.64436981712375e-11
NFkB,SNX30,-3.199942087056038,1.7745150325912608e-11
NFkB,CETN3,-1.9502795715029295,1.7958651209219692e-11
NFkB,ORMDL1,-1.443827793249773,1.8071349333733022e-11
NFkB,NOD2,1.8280082935973037,1.844798439176399e-11
NFkB,APOL3,3.2411723577543907,1.8556614962496018e-11
NFkB,SLC1A2,1.3195687584539448,1.952690389862601e-11
NFkB,ZBTB46,0.9217645308719986,1.953417626380101e-11
NFkB,SEC11A,-1.0052738070094727,1.959081457995015e-11
NFkB,CCL18,1.3686009844338698,1.9685016336523427e-11
NFkB,PARP14,2.9379815390666995,1.9685838756388896e-11
NFkB,ASTE1,-1.6629951997168315,1.9883504595078715e-11
NFkB,CEBPD,3.46725149990791,1.9913095142013853e-11
NFkB,C15orf61,-2.631019743249654,2.0535271678025348e-11
NFkB,APOL6,3.558780073772079,2.2598815422665617e-11
NFkB,HHEX,-2.8824255962379173,2.2823517241186343e-11
NFkB,ZNF573,-2.7674900462167282,2.2978917987754454e-11
NFkB,ZNF174,-0.9998056474645378,2.302725267062903e-11
NFkB,CD58,2.094904811336367,2.356044677850466e-11
NFkB,SLC12A7,2.6582599874217054,2.4084016653963174e-11
NFkB,IFIT2,9.23137087724274,2.582752485811443e-11
NFkB,GATA6,1.9767405829745543,2.6124681801397458e-11
NFkB,XPO7,-1.069870307862167,2.6375571736142707e-11
NFkB,MMP19,1.3027241946785604,2.6907734048490747e-11
NFkB,MIS18BP1,-2.063765840250996,2.8711512884023224e-11
NFkB,PPP1R18,2.5441128783518647,2.955283959297725e-11
NFkB,SAV1,2.1289982469648994,2.95626504399361e-11
NFkB,SYK,-1.1938387209603545,2.969952127875749e-11
NFkB,ADH5,-1.3981844366194869,3.056353228610764e-11
NFkB,CFLAR-AS1,1.1608369408180346,3.070934704711509e-11
NFkB,RGS18,-2.4990194328092348,3.1742219399252636e-11
NFkB,PI3,2.9046117829403597,3.2141246838210847e-11
NFkB,OAS3,4.305243706594831,3.224542360758591e-11
NFkB,SLC9A8,1.5448269719645382,3.248143226805024e-11
NFkB,TCEB3-AS1,-1.391314922746762,3.273352272811688e-11
NFkB,ERLIN2,-1.392135437231963,3.301897426448616e-11
NFkB,LGALSL,2.2987316771499726,3.3331670296731054e-11
NFkB,LYL1,-1.4011342822390105,3.400027488213931e-11
NFkB,RRAD,2.4120303913698447,3.47879638875779e-11
NFkB,IL10RA,3.727279540010305,3.5415399693311246e-11
NFkB,SELE,2.8393723763650875,3.588489360553269e-11
NFkB,CASP4,1.705626960704711,3.62630221946373e-11
NFkB,METAP1,-1.724326890645684,3.666211813120964e-11
NFkB,PTPN4,-1.2114186448441076,3.685643725517152e-11
PI3K,MLANA,-9.985742932001383,1.8416509022806632e-43
PI3K,PMEL,-6.590348248199498,6.874786379852314e-36
PI3K,OSER1-AS1,-7.849135446341167,1.837532775081755e-34
PI3K,FAXDC2,-12.421273827481306,3.2975147873434136e-34
PI3K,HSD17B8,-8.601570675649183,9.948224099161595e-34
PI3K,CTSF,-9.172142735191038,1.0235211554340298e-31
PI3K,SPSB3,-6.533728558413287,1.2739463172660216e-31
PI3K,ATP6V1G2,-7.23734622762513,1.6426456051652725e-31
PI3K,TYR,-5.076854089275833,3.4585232393220233e-31
PI3K,LOC283861,-12.66826977189484,7.773901151409713e-30
PI3K,GNPTG,-6.966609574481262,6.018110571011212e-29
PI3K,INPP5K,-4.530098152991319,6.385529689634033e-29
PI3K,WDR31,-3.9438387823292205,6.88079554487928e-29
PI3K,PEX11G,-4.454613643249063,7.153748804846976e-29
PI3K,LOC100507477,-4.88215133085097,1.1550769520023613e-28
PI3K,DHRS12,-3.407349819095029,1.4031042837753338e-28
PI3K,NT5M,-3.9151305534107705,6.673792777482087e-28
PI3K,PAEP,-3.803227553783662,7.687123941011055e-28
PI3K,EPB41L4A-AS1,-12.274861316622637,1.2418232515374052e-27
PI3K,CREB3L4,-9.102651653491383,1.0319698182670386e-26
PI3K,UBALD2,-9.985377464977699,1.1158940126215379e-26
PI3K,ING4,-7.700118075528676,1.7126463276367359e-26
PI3K,DERL3,-4.033679424810513,2.5384335637773936e-26
PI3K,KRTAP19-1,-6.881951690717335,1.1785932243603998e-25
PI3K,SLC27A1,-8.329920839704627,5.679247443513121e-25
PI3K,APOC1,-5.061310146853561,1.4584212611606586e-24
PI3K,CCDC25,-4.339271307214771,3.1007434909097227e-24
PI3K,FCGRT,-6.170243405839677,4.872866934063503e-24
PI3K,CDK5RAP3,-5.254766587642965,5.177680588133978e-24
PI3K,KANSL1-AS1,-6.069950077572255,6.801928223109014e-24
PI3K,NENF,-2.8622334493689188,8.503842748958314e-24
PI3K,SLCO4A1-AS1,-7.831940576488592,9.532655236827174e-24
PI3K,WDR78,-3.62712257526587,9.582149490338218e-24
PI3K,LAMTOR5-AS1,-8.031585519352419,9.918858257842115e-24
PI3K,LOC100505938,-8.285445628429434,1.1884115412151566e-23
PI3K,YBX2,-4.419857345074704,1.8672600837043494e-23
PI3K,TFDP2,-5.673588227241949,6.288924605577217e-23
PI3K,AMIGO1,-6.000321012752048,7.154899314654776e-23
PI3K,CA14,-4.8380402218900445,7.645163272316459e-23
PI3K,CBX7,-6.437220252849626,9.486187394009407e-23
PI3K,MCAM,5.1250827229370985,1.5620363621359485e-22
PI3K,CRYL1,-7.333026179077128,2.944770007291271e-22
PI3K,LOC101928424,-4.627445010188723,3.3675002073819793e-22
PI3K,RPS29,-5.844440866132715,3.605500111124552e-22
PI3K,SMIM19,-7.2105590119954694,3.863391386258107e-22
PI3K,SLC18A1,4.652092527198795,4.515640657794671e-22
PI3K,FBXO25,-7.033029734440918,4.516820665779137e-22
PI3K,C5orf52,12.239808955056201,5.486388711574318e-22
PI3K,TNNI3,-3.6721944215671916,9.080340903155137e-22
PI3K,S100A1,-3.9889239561922634,9.866218043695368e-22
PI3K,LOC101927809,-6.93523584914873,1.0570401415923721e-21
PI3K,TTC12,-3.184873043345917,1.9456434930201376e-21
PI3K,THNSL2,-4.318340579293939,2.4191826911509805e-21
PI3K,GAA,-5.367784104422635,2.643024799351902e-21
PI3K,BAAT,-3.5575387810909405,2.6500913404426877e-21
PI3K,CTDSP1,-5.567569317532474,2.7931199943916192e-21
PI3K,ACVR2B-AS1,-3.929886269226832,3.203466351287179e-21
PI3K,C15orf54,5.811047984831319,3.3183215268168598e-21
PI3K,COQ8A,-6.388212374885499,3.610445521179515e-21
PI3K,FCMR,-4.9268801140836676,4.074522895425852e-21
PI3K,TBC1D15,-5.412631039798617,4.692562734239141e-21
PI3K,TSNARE1,-2.4315033012720155,5.945737673353644e-21
PI3K,LOC100506725,-4.60332539784367,7.994337730858793e-21
PI3K,LOC100134937,-8.910734122364131,8.121449366204093e-21
PI3K,TMEM42,-7.989326747815277,1.221593933571594e-20
PI3K,MYL5,-5.238296460556685,1.3524263251568375e-20
PI3K,GEMIN8,-4.1331773597269486,1.4521284967914972e-20
PI3K,WIPI2,-3.153066059934722,1.7757023891439255e-20
PI3K,MST1,-4.986885635605013,2.4048032599011737e-20
PI3K,TRIM63,-5.528597674095491,2.5215824660283186e-20
PI3K,C11orf1,-3.334272746585415,2.614883303172208e-20
PI3K,PRR7-AS1,6.936322002175178,2.7273385936948587e-20
PI3K,MFGE8,-5.901530454949852,3.319211158704614e-20
PI3K,LOC283075,-3.969674060411005,3.8122522253323564e-20
PI3K,HSBP1L1,-6.893156914442496,4.321988142977422e-20
PI3K,FHIT,-4.615166946689442,4.3431095570682557e-20
PI3K,CASC10,4.952741484702064,5.465087736763342e-20
PI3K,RGS10,-3.880397339458384,7.282290374620174e-20
PI3K,GLI4,-3.0980704897335043,8.737304386184185e-20
PI3K,VAMP5,-4.361074003426954,9.730941738077542e-20
PI3K,CYTL1,-4.865441636391191,9.844645393505405e-20
PI3K,TPPP,-2.5431181614359892,1.5640087921377243e-19
PI3K,CAMLG,-5.795703744854614,2.3110266265557397e-19
PI3K,PSMG3-AS1,-8.013276583314173,3.3912659361703005e-19
PI3K,CIR1,-5.023161182851439,3.407422679974318e-19
PI3K,LOC100506125,-4.881363544538591,3.993018052178345e-19
PI3K,DNAL4,-4.445867274988094,4.514369553873607e-19
PI3K,LRRC23,-3.293253110465093,4.654497479040339e-19
PI3K,WBSCR27,-4.549873055159501,5.478380567541029e-19
PI3K,SLC26A4,-3.7388398905078617,5.495463117700759e-19
PI3K,INO80C,4.108217478616809,5.783302434155007e-19
PI3K,AEBP1,-4.092610787679307,8.225001210176516e-19
PI3K,CREBRF,-10.446075274188333,1.0738564941510653e-18
PI3K,CCDC28A,-8.060678441208225,1.0784154907138456e-18
PI3K,BEGAIN,-4.19647716673333,1.403258519081595e-18
PI3K,COMMD6,-3.4624391132898946,1.5690684129712974e-18
PI3K,ARSJ,7.061080781879236,2.0100007177491064e-18
PI3K,ZSCAN2,-3.158743453547724,2.3987481476095397e-18
PI3K,NR2E1,-2.721518097674834,2.752100856829848e-18
PI3K,ZNF554,-2.674978238623077,3.918173790279537e-18
PI3K,MRPL10,-4.871654250241907,4.173906166426635e-18
PI3K,ZNF76,-2.7922559348309233,6.565997001595611e-18
PI3K,RPARP-AS1,-6.244262053703003,7.192082638304119e-18
PI3K,FBXO44,-3.9997339422455633,8.471678900878717e-18
PI3K,GAREM2,-4.09273889946688,1.016022012457684e-17
PI3K,ALG14,4.41613921979738,1.0753555116019675e-17
PI3K,MAP1B,7.023693054345393,1.0791792424623291e-17
PI3K,LOC101927482,5.112152913372381,1.2841048769323162e-17
PI3K,CPXM1,-4.042038136700408,1.3784498226524824e-17
PI3K,ZNF396,-2.538048216193178,1.4208774839532336e-17
PI3K,MROH6,-4.4189955792508675,1.4668289828593883e-17
PI3K,LINC01366,-2.6326936548361224,1.6478739638233483e-17
PI3K,CRBN,-6.898717232743581,1.733798718618585e-17
PI3K,ARL2,-4.9077335565809275,1.816950152252944e-17
PI3K,PPP1R26,-3.7242428701571875,1.85177910376835e-17
PI3K,FAHD2CP,-2.9985078603255135,2.3693837833259693e-17
PI3K,FOXD3-AS1,-4.745029137094114,2.53353223566347e-17
PI3K,RNF44,-5.734313173211764,2.900740233262591e-17
PI3K,RTN2,-7.4856496310395055,2.948019983224966e-17
PI3K,ACBD4,-3.2096475771496955,3.2537903195613574e-17
PI3K,ZNF205-AS1,-3.0198266130501805,3.79939771797771e-17
PI3K,LINC01569,-4.594179927252637,4.1709652937656966e-17
PI3K,WHRN,-5.152013438342302,4.1921679638832753e-17
PI3K,TRAPPC6A,-6.955241485881239,4.320267878144627e-17
PI3K,GUSB,-2.8198976225098744,4.418016992793988e-17
PI3K,FAM149A,-3.4666787987890673,4.89343179021381e-17
PI3K,GAPLINC,-4.33887427630758,5.371405485664558e-17
PI3K,SLC41A3,-3.550108322427819,5.484239248263974e-17
PI3K,TAB1,-2.774872363982429,5.79896037775833e-17
PI3K,BRI3,-4.984281622746321,6.462281555832932e-17
PI3K,ETHE1,-4.936630216022443,9.326895133152089e-17
PI3K,SSR1,3.6511213586045623,1.0684259935435042e-16
PI3K,MIA,-3.1232570442190015,1.0908789544085838e-16
PI3K,LOC102724814,-3.39037607114706,1.1025618427589384e-16
PI3K,TAF1A-AS1,-5.428043596694216,1.1182952198701832e-16
PI3K,ABTB1,-2.6868800553567063,1.2575041910688195e-16
PI3K,BPHL,-4.110197725506667,1.4165932005043165e-16
PI3K,C14orf178,-2.2460177747083305,1.6265910932602934e-16
PI3K,HMGCL,-6.52340659404978,1.8990861893339124e-16
PI3K,KLHL24,-9.928478467051601,2.245631508980461e-16
PI3K,FLJ10038,-3.6555048087876103,2.3977900640864205e-16
PI3K,TCN2,-3.527944593643976,2.5730728604653027e-16
PI3K,ZMYND12,-5.42818064478487,2.73265399469107e-16
PI3K,GIT1,-3.0861168061831927,2.796934380740283e-16
PI3K,ATG5,3.212899851929686,2.8545559384024974e-16
PI3K,LOC283454,-5.461017809361102,2.9230754457952393e-16
PI3K,RRNAD1,-3.9127010608595696,3.3125343112164097e-16
PI3K,TMEM187,-4.764105319753651,3.326993044025541e-16
PI3K,TMEM129,-4.4415721041998815,3.3986171006842185e-16
PI3K,LINC00853,-4.884927850296124,3.660613409513199e-16
PI3K,CHMP1B,-5.069301055745775,3.823225832084339e-16
PI3K,MTMR2,3.6497262080263924,4.2282516342114903e-16
PI3K,ESRP1,-5.175593877701924,4.273867929946761e-16
PI3K,COA5,-4.9929989111084945,4.497397702053276e-16
PI3K,LOC286161,-4.893753032684483,4.942693985942183e-16
PI3K,WDR45,-5.4684308621602264,4.950301446703611e-16
PI3K,GLIPR1,6.685522737223585,4.951545930142125e-16
PI3K,LINC00565,-5.070918661941916,5.412701840676902e-16
PI3K,PELO,2.430886794856999,6.492724463705339e-16
PI3K,LETMD1,-6.5947629475543,6.706925611837974e-16
PI3K,NBR1,-4.611686805586375,6.87321356850789e-16
PI3K,ZNF862,-5.3833446819235045,6.938687670057281e-16
PI3K,ABCD4,-2.3259456329960475,7.399180342589571e-16
PI3K,LEF1-AS1,-3.3367527963568473,7.45106552806023e-16
PI3K,C12orf76,-5.285124407650925,7.82951060221839e-16
PI3K,CDIPT-AS1,-3.8792007925155616,8.062413579833311e-16
PI3K,ITGA10,-4.32410845647614,8.439336172429539e-16
PI3K,EAPP,-5.242741485752083,8.440228116915262e-16
PI3K,FOXN3-AS1,-2.879693162914373,8.510958267680032e-16
PI3K,TESK2,-4.782036094698711,9.880260607793466e-16
PI3K,SLC25A26,-3.049308905764663,1.010957894218568e-15
PI3K,IGBP1,-5.996716626667311,1.061783429830314e-15
PI3K,WDR48,-3.4844263062080203,1.1294271006148445e-15
PI3K,GIGYF1,-1.8668170835313826,1.2424505720791808e-15
PI3K,PYCARD-AS1,-3.7482756719724013,1.2514444953699299e-15
PI3K,MYPN,4.474167602020036,1.413083416728129e-15
PI3K,ALDH6A1,-6.219578318984587,1.5936650678011633e-15
PI3K,ZNF212,-2.197111264923387,1.651070499018303e-15
PI3K,LOC647070,-1.9534138371270595,1.8135628744650274e-15
PI3K,AMDHD1,-6.739483581882897,1.846451825333934e-15
PI3K,YPEL1,-4.765270460238013,1.9699599712006157e-15
PI3K,C14orf79,-2.385435897174939,2.0795497091567165e-15
PI3K,COG4,-3.827058131105227,2.1686998874397428e-15
PI3K,UCN,-3.7230146815428005,2.249001380318943e-15
PI3K,APOE,-2.4479744587010814,2.31631662636686e-15
PI3K,TNFRSF14,-5.182844699882283,2.32077605510073e-15
PI3K,LOC101928222,-3.673411642811022,2.6941318357566445e-15
PI3K,LOC100287590,-3.7104316033999596,2.941177611564685e-15
PI3K,BCKDHA,-5.793317421498757,3.5175915565475776e-15
PI3K,OXLD1,-3.7140196316092764,3.554802665606837e-15
PI3K,RGS11,-1.6780676363820328,3.666816873372236e-15
PI3K,GPM6B,-4.9770645805339235,3.803477700100797e-15
PI3K,PLA2G6,-2.595852468549819,3.834092740386552e-15
PI3K,PDCD4-AS1,-4.6532793639002445,4.071431428783803e-15
PI3K,KLRC3,-4.639024457821513,4.3642435380538764e-15
PI3K,ENGASE,-3.0879413110456904,4.55237587207594e-15
PI3K,GCLM,7.815655786812178,4.580428748246147e-15
PI3K,LOC102724880,-3.689443264285935,4.803249035176823e-15
PI3K,DNAJB11,5.973069591248917,5.355932606165503e-15
PI3K,C6orf52,-2.888736649678396,5.4188753314419686e-15
PI3K,TTYH1,-3.6756977603945784,7.042191479535952e-15
PI3K,MUTYH,-3.4469816951888235,7.165112299907789e-15
PI3K,LINC01198,4.590179405666135,7.62258370403388e-15
PI3K,TMEM44-AS1,-4.852961994902069,7.667765432287465e-15
PI3K,TRAC,3.8063906739355358,7.680542166189452e-15
PI3K,CHMP2A,-4.952162712672029,7.889392141491678e-15
PI3K,REPS2,-4.415618891216238,8.291692123656102e-15
PI3K,NSG1,-4.909765662102161,8.726468167605774e-15
PI3K,OCA2,-5.802057550367342,1.0159526104789556e-14
PI3K,VPS11,-3.4091548702180194,1.0584676250008065e-14
PI3K,LOC100289361,-5.1901851693384025,1.062453038466791e-14
PI3K,ATG4A,4.076342135254224,1.0877470357145609e-14
PI3K,SEPT3,-3.923334747125181,1.0944572934589032e-14
PI3K,RFPL2,-2.0902309279947477,1.1809198795463674e-14
PI3K,DICER1-AS1,-2.8232291343411164,1.2067994600216947e-14
PI3K,RPS28,-2.795607910090615,1.3997873461658125e-14
PI3K,ETV2,-2.3904909938006096,1.4011857430679219e-14
PI3K,SPACA9,-3.0057547585411535,1.4115927050450306e-14
PI3K,TP73-AS1,-1.9119037277940847,1.4785041180965423e-14
PI3K,CUEDC2,-4.00918891395637,1.6220618631846906e-14
PI3K,ACVR2B,-2.925399099948429,1.7031111052547426e-14
PI3K,DCAF4L1,3.6143595845589114,1.9320168676719716e-14
PI3K,C2orf81,-2.405265322922301,1.9573082783238245e-14
PI3K,LOC100996419,-5.470723971120401,2.0116132739615568e-14
PI3K,FOLH1B,-3.0042432074974688,2.0300670375825495e-14
PI3K,HPS4,-2.7887028274421697,2.0497658343587468e-14
PI3K,C22orf46,-2.5412605911541766,2.1509347427192306e-14
PI3K,C19orf54,-4.553377317695736,2.2778286476338074e-14
PI3K,BMF,-15.941582018402402,2.604503377926129e-14
PI3K,LRRC37A4P,-4.687454430617673,2.7092640994763786e-14
PI3K,CBY1,-2.4277015855032427,2.927558061360877e-14
PI3K,ERMARD,-4.39859614263316,3.011838253484084e-14
PI3K,GPR143,-3.124726081819658,3.0554367596034317e-14
PI3K,SLU7,-5.656761767202874,3.078470589856654e-14
PI3K,YTHDF3-AS1,-3.6513051299914183,3.2258807268017556e-14
PI3K,DDX25,-2.3199696333815387,3.367053281941723e-14
PI3K,PAIP2,-3.101378401592865,3.4799807202725626e-14
PI3K,TEKT3,-2.516773952632095,3.850487428339188e-14
PI3K,GGT7,-2.2327872169232257,4.007822868515747e-14
PI3K,LOC285819,-2.740448339585048,4.2884985613027313e-14
PI3K,GLA,5.646406107080123,4.3676321592126117e-14
PI3K,SLC5A2,-1.9349816763071241,4.637689894461732e-14
PI3K,RGL2,-4.627563750156233,4.745066583451471e-14
PI3K,AIM1,6.985285014942518,4.90328639707678e-14
PI3K,GSTZ1,-3.67949813929158,4.9715375045513054e-14
PI3K,ZNF233,-3.2212772766838347,5.2394782522107996e-14
PI3K,ABHD14B,-6.055546960989293,5.388617682460163e-14
PI3K,CALM1,4.51365300728561,5.484401072366859e-14
PI3K,RAMP2,-2.195806225714648,5.703056435776721e-14
PI3K,MYO5C,-4.87675070954541,5.992855666311531e-14
PI3K,ELAC2,2.7893903244158436,6.197235252440365e-14
PI3K,OPA3,2.1933692092880364,6.52804777140185e-14
PI3K,MLPH,-6.237039271671374,6.823947652053617e-14
PI3K,BCL7A,-3.818946306571725,6.975380840678599e-14
PI3K,LOC101929289,-2.561417366163645,7.109023175072952e-14
PI3K,AZGP1,-5.633247520613294,7.391345152331989e-14
PI3K,SYCE2,-3.403791782616795,7.555142540796366e-14
PI3K,FBXO31,-2.749701822027274,7.966079811014545e-14
PI3K,PTS,5.103401160800272,8.085592197127642e-14
PI3K,A2M,-4.13263920875155,8.523482714227456e-14
PI3K,CYB5D2,-6.017410389430638,8.550697051678245e-14
PI3K,LOC286071,-4.227418946649272,9.071505014113154e-14
PI3K,FAM210B,-7.774066441014123,9.135720584948475e-14
PI3K,ZNF197,-2.4093341803630612,9.944292135347606e-14
PI3K,LINC00052,3.867607637968478,1.0040916893066086e-13
PI3K,CYP4V2,-3.8121154597001907,1.1080949607125046e-13
PI3K,OSGIN1,3.39826197635766,1.1454295590308609e-13
PI3K,FAAH,-2.54233925165333,1.147089733135039e-13
PI3K,DOLPP1,3.1349318023744455,1.2726884763168448e-13
PI3K,LOC100507468,-2.4546818723598913,1.283784574825124e-13
PI3K,SPATA20,-4.735942031295719,1.3625483921985525e-13
PI3K,DNAH2,-1.9573142176634104,1.380540995093346e-13
PI3K,TRPM1,-3.7577396660003743,1.42601956018084e-13
PI3K,NOA1,-4.694359546214249,1.4752280100580749e-13
PI3K,ST6GALNAC2,-8.3080370574959,1.5051737225400662e-13
PI3K,ASMTL,-4.195378202509235,1.555538112959027e-13
PI3K,IFT88,-4.064148402258922,1.5833995637591354e-13
PI3K,NHS,4.334015130196925,1.6506948325930898e-13
PI3K,LOC101927253,3.6406901174532518,1.751608789778032e-13
PI3K,TSG101,-3.4158219113773125,1.7979840802527918e-13
PI3K,TRAM2-AS1,-5.7513719829872905,2.1997121473572366e-13
PI3K,GTF2IP20,-3.7137475253660175,2.2279080355149043e-13
PI3K,C10orf11,-4.527909721295809,2.291222736010358e-13
PI3K,ZNF446,-2.015461890270339,2.3900548862209067e-13
PI3K,LOC152048,-4.209652030370333,2.451737956704786e-13
PI3K,PART1,2.0173577968898844,2.455663973155787e-13
PI3K,ARSD,-2.880696582435574,2.650124541970144e-13
PI3K,NFKBIL1,-2.808572026031296,2.6734412323489246e-13
PI3K,LINC01352,-1.933776354292295,2.7738219330614135e-13
PI3K,SPCS3,4.240229518962374,2.8366430866558235e-13
PI3K,OSBPL5,-3.4425747299976854,3.0604972369043843e-13
PI3K,GRN,-7.046306833928261,3.192046303973606e-13
PI3K,HSD3B7,-4.935405381415871,3.3457707460043077e-13
PI3K,GRHPR,-3.31584686971602,3.482969943448866e-13
PI3K,MINCR,-4.9230823678097995,3.540886074091229e-13
PI3K,USB1,2.736293096894258,3.545418985054431e-13
PI3K,SURF1,-3.2098566515708655,3.7825101449015865e-13
PI3K,GGACT,-1.847025853728621,4.0443053254662205e-13
PI3K,ASIC1,-2.763192747067956,4.248683031179956e-13
PI3K,ATG14,-5.731301990997765,4.505176480034867e-13
PI3K,TUBB2B,5.488028718045501,4.51517594755927e-13
PI3K,TMEM198B,-4.431214903724479,4.61099972186503e-13
PI3K,SAR1A,3.0444033947183677,4.754923909868969e-13
PI3K,CDK18,-4.195621849019838,4.759128030954381e-13
PI3K,FAM228B,-7.71524564886534,4.945877216880568e-13
PI3K,AAMDC,-2.8159316332194715,4.951959233511601e-13
PI3K,LOC285556,4.701018386534341,5.155985351598229e-13
PI3K,C2orf68,-4.185524945165127,5.181688481332568e-13
PI3K,KCNG4,4.025816112318346,5.191677402371142e-13
PI3K,RPS15A,-2.9988458874910333,5.218433379272143e-13
PI3K,TRIM4,-3.0954635292820263,5.231049451632199e-13
PI3K,HEBP1,-4.267321044010396,5.429812307735127e-13
PI3K,NIPSNAP1,-3.806664099379238,5.446705420141703e-13
PI3K,KIAA1107,-4.531579296772171,5.664416585253256e-13
PI3K,LINC01431,-2.735340409522128,5.864280344636957e-13
PI3K,DMKN,-4.421585367532244,6.576801263270969e-13
PI3K,CKAP4,3.8012295988427782,6.945626146863175e-13
PI3K,HINFP,-3.3779458546979453,7.063570735268669e-13
PI3K,SUMF2,-4.286498752276085,7.542770654314468e-13
PI3K,ZNF704,-3.8413434930527868,7.57400399460557e-13
PI3K,LOC100128108,-3.197041828870157,7.624583441188082e-13
PI3K,TMEM91,-3.2005147214857192,8.054544850244303e-13
PI3K,BVES-AS1,-2.8682748623512593,8.42541782486921e-13
PI3K,CCNB1IP1,-5.427229065752707,9.267825075929183e-13
PI3K,NATD1,-5.141411392389866,9.570249014887065e-13
PI3K,HOTAIR,-5.41030758867258,9.741353202542393e-13
PI3K,MCRIP1,-3.5671556822563892,1.0306417103254455e-12
PI3K,ZNHIT3,-3.02718580377536,1.0708560302364764e-12
PI3K,LINC01351,3.5096100267259613,1.1055342574589005e-12
PI3K,USE1,-3.029252386201974,1.1079604274247391e-12
PI3K,CH17-340M24.3,-5.911984939669261,1.1099334621616531e-12
PI3K,C10orf12,2.001295157536813,1.1151205310751861e-12
PI3K,ZNF528,-2.950677311535809,1.1211949246353125e-12
PI3K,PRSS54,-2.468824249903073,1.141983562472058e-12
PI3K,HEATR3,4.746199759069148,1.1568333544962983e-12
PI3K,SETDB1,-2.575331692870513,1.1629191586606967e-12
PI3K,ITM2C,-3.2072894084798436,1.2408893125401364e-12
PI3K,FAM109A,-2.561622380745232,1.2495983671841424e-12
PI3K,TRIM66,-2.196801223551476,1.2844587958072671e-12
PI3K,SAMD13,-5.334908413355919,1.296451643947999e-12
PI3K,HIST3H2A,-5.559425665375312,1.3069793354125764e-12
PI3K,HACL1,-5.779086409831813,1.3092379348931377e-12
PI3K,MAPRE1,3.7093556895134534,1.3432004512642804e-12
PI3K,FBLN7,-4.397642314530263,1.3459410276775746e-12
PI3K,CALCOCO1,-6.146502278196885,1.4366337284252818e-12
PI3K,ENKD1,-3.0133829588326364,1.4470130036209412e-12
PI3K,CATIP-AS1,-2.3627488299435777,1.4747834754955364e-12
PI3K,VCP,3.8565405461906725,1.4910341913380867e-12
PI3K,H1FX,-5.755286402945545,1.555114369325806e-12
PI3K,WDTC1,-2.2658987606516043,1.607505128155948e-12
PI3K,LINC01000,-3.9878575906524176,1.6915501972577166e-12
PI3K,SERPINH1,4.647402126834417,1.714242661248607e-12
PI3K,PCOLCE,-4.287448002392285,1.7241701239316482e-12
PI3K,RPP25L,-3.968708075882005,1.8134243319220166e-12
PI3K,ADHFE1,-5.523626679871783,1.8649862118101285e-12
PI3K,ARSG,-7.690531449188241,1.9175440308015248e-12
PI3K,JUP,-5.668395247438894,1.9533022972525857e-12
PI3K,PCMTD1,-4.3146066537880605,1.9731473242925837e-12
PI3K,SEC61A1,3.70861473989431,2.064369243090634e-12
PI3K,FKBP14,4.268010939946043,2.0937429191521695e-12
PI3K,EIF4B,-4.204519202995532,2.1301617308615396e-12
PI3K,LRRN4CL,-5.061388059899418,2.1423160276035573e-12
PI3K,TAF13,5.003299242732794,2.159312944960483e-12
PI3K,PGAP3,-3.0159358217774037,2.1698900012221664e-12
PI3K,UBXN1,-2.178120784149317,2.399287961189541e-12
PI3K,MUT,-3.625530247440399,2.4726359788388943e-12
PI3K,AZIN2,-3.434269814957655,2.4957790868978844e-12
PI3K,SP2,-1.7277056494724667,2.550847764394221e-12
PI3K,NRXN3,3.3901544990558414,2.561542153957215e-12
PI3K,EFHC1,-4.290483474706389,2.6725005875108314e-12
PI3K,SLC25A34,-2.2403115161338896,2.680285518009297e-12
PI3K,SYF2,-2.7704096041325887,2.69272682255451e-12
PI3K,ABCD3,4.703880330471,2.8133982382920944e-12
PI3K,FAM20B,3.0617465220767466,2.870648676627274e-12
PI3K,LINC01270,-3.278765386655593,2.87912052374353e-12
PI3K,JMY,-6.8295116332799575,2.896305803179264e-12
PI3K,LOC100506302,-3.2111716888021413,2.9135826826055623e-12
PI3K,ATP8B2,-3.286261372385435,3.041410707301385e-12
PI3K,C5,-4.752975650260078,3.1819985715683337e-12
PI3K,NR1D2,-6.238228494205417,3.3532859053879122e-12
PI3K,CHL1-AS2,-3.2820896996336644,3.5839851209133917e-12
PI3K,SKIDA1,3.379860156282707,3.723091777938535e-12
PI3K,PMM1,-3.5682455705938128,3.841561442409384e-12
PI3K,TMEM167A,4.667857945646361,3.9924958061199105e-12
PI3K,SH3PXD2A-AS1,6.145279582208188,4.011188165789924e-12
PI3K,LRRIQ3,-2.2301185657865905,4.028568002440115e-12
PI3K,D2HGDH,-2.743622115017821,4.259313717264776e-12
PI3K,APBB1,-1.8220511815332834,4.3008339983844685e-12
PI3K,LOC100287525,-4.848689779503088,4.624890641478954e-12
PI3K,PPP1R26-AS1,-3.113651290976976,4.887934069989279e-12
PI3K,CLCN6,-2.833012078524019,4.8895325026539624e-12
PI3K,PIGV,-3.905891795528068,5.159961920604293e-12
PI3K,PUS7L,3.266105757123852,5.341269525127829e-12
PI3K,SCAMP1-AS1,-5.74019244302415,5.362665514795412e-12
PI3K,TSPAN7,-4.442427877531534,5.3925554347891425e-12
PI3K,PPP1R35,-3.300052967484332,5.441428706506131e-12
PI3K,FKBP10,-2.6611828883828617,5.770370430489676e-12
PI3K,ARSE,-3.176808353386243,6.375270015723889e-12
PI3K,LOC101927420,-3.4117150962933662,6.5736330663585385e-12
PI3K,FBXL20,-4.651649820443538,6.631983986514367e-12
PI3K,AADAT,4.101813729317646,6.837488335463838e-12
PI3K,HAUS5,-2.1403690716562447,6.900689379245062e-12
PI3K,PCYT1A,2.8941197124858467,6.99113397572192e-12
PI3K,ZFP41,-1.9978591829074233,7.058058935067005e-12
PI3K,ZNF32,-3.902436263145429,7.534167732683194e-12
PI3K,PYCARD,-5.599320906064636,7.538969470488684e-12
PI3K,FRAT1,-5.9631334230577355,7.838499113553721e-12
PI3K,SUFU,2.514603781097895,8.199433002310146e-12
PI3K,SAR1B,3.7087549858216504,8.267878522471955e-12
PI3K,TKFC,-2.384498999443744,9.034793616971554e-12
PI3K,CTBS,-3.5196580486846556,9.253183961019448e-12
PI3K,MAP1LC3A,-5.672439682374396,1.0138905144944482e-11
PI3K,CEP68,-3.751038526719846,1.0550691274608617e-11
PI3K,TMEM136,-2.950803097154718,1.1472174904653282e-11
PI3K,FNDC10,-3.9442122733050113,1.1547319966352902e-11
PI3K,LOC400043,-3.3857329619734235,1.1678498932295545e-11
PI3K,MMP8,3.523425809282075,1.258104141960298e-11
PI3K,KLHDC2,-7.306919049698264,1.2677904108825011e-11
PI3K,PAN2,-4.169297992133658,1.2920149919068634e-11
PI3K,LOC100130691,-2.4097832247245847,1.306666820787497e-11
PI3K,INO80B,-2.942929671478544,1.3232875162266631e-11
PI3K,LCMT1,-2.4384212407358827,1.3663663331592045e-11
PI3K,NR1H3,-4.648675603445469,1.4148361507998727e-11
PI3K,MFSD4A,-1.8344691628570906,1.4230721390969896e-11
PI3K,ACTR3,3.0636073227083602,1.4714248664132305e-11
PI3K,PSMD1,4.67561577379951,1.4881258985653125e-11
PI3K,TMEM101,-3.5748479876227854,1.52906841178722e-11
PI3K,PAOX,-1.6367547836070233,1.6465054731936688e-11
PI3K,ZBTB8OS,4.334559839953747,1.6465557499903517e-11
PI3K,FGF14-AS2,-4.014714204902382,1.6731455430608274e-11
PI3K,KPNA3,3.675990374192499,1.7296451841656226e-11
PI3K,TXNIP,-14.101954192735912,1.7744871296524745e-11
PI3K,LOC105374042,2.513670380289845,1.7810644314387105e-11
PI3K,BBS2,-5.117932705047642,1.8256057847426955e-11
PI3K,LOC100289495,-2.2814875597925495,1.840121678964652e-11
PI3K,ENAH,3.559830234033664,1.865715981057292e-11
PI3K,PARD6A,-2.4268173592284654,1.9150735555644787e-11
PI3K,BRD3,-2.7631433287499134,1.9838096606035083e-11
PI3K,GPX4,-4.388075312973209,2.0189739350987676e-11
PI3K,VPS51,-3.9096823044409037,2.0627168228395935e-11
PI3K,PMS2P1,-3.0633416371838575,2.0959236086361352e-11
PI3K,MLLT11,6.309505965383974,2.2887133379660793e-11
PI3K,DNPH1,-3.3614754835590523,2.3230745890970927e-11
PI3K,PIGZ,-3.3867039179131457,2.4345855214769136e-11
PI3K,SNX9,-7.333550973526392,2.4576926483363657e-11
PI3K,SEC23A,3.2582418910256976,2.536355783000008e-11
PI3K,ACAD10,-1.8808070270242858,2.5593521419430146e-11
PI3K,NUDT2,-2.820429754853948,2.5875946690681544e-11
PI3K,LZTFL1,-2.9951063437134895,2.6127006466116057e-11
PI3K,C10orf95,-2.1139774139207206,2.6515744565713966e-11
PI3K,TFR2,-1.5705747079843113,2.918240083016142e-11
PI3K,MORC2-AS1,2.733157052938618,2.986504451327035e-11
PI3K,BBS1,-2.694983695678686,3.020056031380466e-11
PI3K,OGDHL,-2.7099983710042905,3.048968063785085e-11
PI3K,ATP6AP2,-2.347115317325655,3.085400148642293e-11
PI3K,ABCG5,-2.3135981577784817,3.248370420470141e-11
PI3K,TIGAR,7.985892265146971,3.3049042773025907e-11
PI3K,MBP,-3.1592688030171514,3.519015548713389e-11
PI3K,RAB6B,-2.274756377687789,3.5664288705255725e-11
PI3K,LOC100288152,-7.993568931079611,3.572704889274003e-11
PI3K,FAM69B,-2.230433509883485,3.892104094787925e-11
PI3K,LEKR1,-2.1194450487682985,4.095566361146979e-11
PI3K,THAP7-AS1,-1.856129787312899,4.1279368894815445e-11
PI3K,GHDC,-3.4653310991337687,4.1880420102997006e-11
PI3K,ACCS,-3.8748246686428414,4.231610980970458e-11
PI3K,BRD8,-2.8216477141768816,4.2956743930805e-11
PI3K,HDAC11,-2.3191828458620583,4.469670255415664e-11
PI3K,DHX40,-5.344921964112508,4.479335254875701e-11
PI3K,UBL7,-3.4234669386146233,4.575585774484535e-11
PI3K,FAM134A,-3.7671219692822815,4.6565313252552454e-11
PI3K,DNAAF3,-2.837266310258722,4.7243616992100545e-11
PI3K,PCYOX1L,-5.338003470460287,4.8009523753765154e-11
PI3K,IDUA,-1.8600395356817634,4.9266048709314304e-11
PI3K,KANK3,-2.3947754649430406,4.975164668134228e-11
PI3K,ACTR1B,-2.212046329493959,5.0116520242661993e-11
PI3K,TNRC6C-AS1,-4.041824106940327,5.2250557864642e-11
PI3K,A2M-AS1,-4.002326890985243,5.450289782551429e-11
PI3K,NIT1,-2.6171415994465543,5.453063279576378e-11
PI3K,IPPK,2.992439581620289,5.464751353422494e-11
PI3K,NDUFAF5,2.271548604794215,5.6006486391279826e-11
PI3K,ARPIN,-2.366495494240065,5.684198864663726e-11
PI3K,FUZ,-2.1693879921789376,5.6849269188025e-11
PI3K,HSPA5,5.580284999678928,5.94307561638386e-11
PI3K,HLX,-4.595554899817361,5.985715054630929e-11
PI3K,ZDHHC4,-2.310768334891885,6.022298152325668e-11
PI3K,SEC23IP,2.7281281913656126,6.421748407131885e-11
PI3K,LOC100505942,-3.0619154634955352,6.514001744956108e-11
PI3K,OS9,-3.5182277691678783,6.556361634002567e-11
PI3K,HRK,-2.093198149237367,6.797456211514798e-11
PI3K,LINC00467,-4.306843903592324,6.798088523907371e-11
PI3K,DSCR8,-3.3042566010137957,7.107326586972026e-11
PI3K,TMEM261,-4.159563150615147,7.150847253969548e-11
PI3K,LOC440149,-3.126481695814676,7.216444102258529e-11
PI3K,KCTD2,-1.887244020260169,7.60408305622127e-11
PI3K,RAB17,-4.385932042865412,7.634636707655837e-11
PI3K,CCDC78,-2.909781654964043,7.843882824896305e-11
PI3K,HHLA3,-3.581682029228677,8.39818972068271e-11
PI3K,TMEM100,5.925691866151005,8.496312087596668e-11
PI3K,HDAC5,-3.6670185373491933,8.66807720278595e-11
PI3K,SPATA7,-5.612553004360107,8.832875609674352e-11
TGFb,LINC00312,4.428987093533769,2.0074443407317273e-17
TGFb,TSPAN2,5.502326115825906,3.1451766912248627e-16
TGFb,SMAD7,7.6311433745336785,7.308710702937288e-16
TGFb,NOX4,5.913813151649488,3.829223592951115e-15
TGFb,COL4A1,6.337489574832423,9.052500833748979e-15
TGFb,MURC,4.597343338672102,1.471883844348571e-14
TGFb,ID4,4.169901350129046,2.017325895181669e-14
TGFb,BMPR2,4.015505031468152,2.068065077305112e-14
TGFb,SKIL,4.274181219360634,3.018291079194773e-14
TGFb,RASL11B,2.723009870350084,3.0584192749584054e-14
TGFb,COMP,9.899249960355174,6.765808667244479e-14
TGFb,LMCD1,5.6752815262663745,1.379375575449512e-13
TGFb,MRAS,5.201966581087301,1.8103330739236258e-13
TGFb,ID1,12.35428766106149,2.584252145647566e-13
TGFb,SYT15,3.8577431538796345,3.3302977685848694e-13
TGFb,CILP,4.651003963661555,5.305349470795757e-13
TGFb,CNN1,4.9534712486596835,9.550735127720585e-13
TGFb,ADAM12,3.9683045345005423,1.1166909404991704e-12
TGFb,ITGA11,3.392697565271868,4.940604777674673e-12
TGFb,CARMN,3.0462635347518012,6.710636315692806e-12
TGFb,COL5A1,5.221051245569531,8.69597540403275e-12
TGFb,MFAP4,5.813038501128244,9.458503230843028e-12
TGFb,FSTL3,6.807359103417256,1.0493783965090606e-11
TGFb,IL11,6.3308961562903,1.10898391667222e-11
TGFb,ID3,10.481113198178958,1.34225523063904e-11
TGFb,NINJ2,3.8756265958859437,1.6902649006708362e-11
TGFb,PLN,2.748323221858972,1.7662373450088785e-11
TGFb,BGN,3.2378399997614276,1.8036970122553175e-11
TGFb,CRLF1,4.825293111819741,9.022778680196321e-11
TGFb,CALD1,3.0516355894313545,1.0601212843728624e-10
TGFb,MYOZ1,4.962474849517782,1.0617963680219792e-10
TGFb,COL4A2,4.2212636778339165,1.0810736800978293e-10
TGFb,NOX1,-1.0457633749156092,1.1306242902007828e-10
TGFb,PMEPA1,8.096140880827011,1.6940404649601917e-10
TGFb,SAMD11,4.983084704372779,1.8755659829919046e-10
TGFb,COL1A1,3.566081042355256,1.9617914034872134e-10
TGFb,NUAK1,6.095429922441628,3.101080918695288e-10
TGFb,ATP10A,2.784857146576994,3.6414011111841464e-10
TGFb,CDH2,3.2883102380649416,5.441730780932576e-10
TGFb,LTBP2,4.372793934796392,6.436664591778284e-10
TGFb,EFR3B,1.3343499021654321,7.201318375236116e-10
TGFb,TPM1,4.595360809462762,7.663845032735777e-10
TGFb,XYLT1,3.197715603002688,8.347497458567477e-10
TGFb,SLCO2A1,4.869788433437289,1.1172415964856666e-09
TGFb,SYNDIG1,1.8364038596773584,1.6304060195962077e-09
TGFb,GRIA3,1.0868126315283173,1.6925769683914244e-09
TGFb,XRCC4,3.3772318622335034,1.8091962578205367e-09
TGFb,GDF5,-1.939559485845836,2.6010769583259684e-09
TGFb,LOC100130417,4.132273969943369,2.88645499513554e-09
TGFb,RUSC2,2.3531795656616517,3.0328180722665445e-09
TGFb,ACOX3,2.721528765151428,3.738115589334469e-09
TGFb,LECT2,2.9089513707402834,3.948739276315543e-09
TGFb,UNC5B,3.8338195218086257,3.994424480048174e-09
TGFb,GALNT10,3.047077072676757,4.187805646050046e-09
TGFb,ACTC1,3.337429797192697,4.231879606999635e-09
TGFb,LOC101928076,5.712471251143186,4.610207496835705e-09
TGFb,LRRC32,5.293595631394943,5.4895982037161155e-09
TGFb,OPCML,4.467950883084327,5.897967396190066e-09
TGFb,CLDN11,-3.6902833957792103,6.444827352236476e-09
TGFb,PKNOX2,2.048491739898756,8.235211572129372e-09
TGFb,RFLNB,7.309130128341854,8.95836152051786e-09
TGFb,LRRC15,2.304595154447725,9.231748526365923e-09
TGFb,PODNL1,2.1489096837018176,1.527432933287985e-08
TGFb,DACT1,6.22087968552156,1.638938596770402e-08
TGFb,HSD17B6,4.782527287277279,1.8128012587289105e-08
TGFb,GOPC,2.8545176084128645,2.0785757051029087e-08
TGFb,AK5,-3.357132440141041,2.2791154827731917e-08
TGFb,RASD2,3.384557152221155,2.39729254684828e-08
TGFb,KIRREL3,2.542385559563426,2.8923730563461753e-08
TGFb,SH3PXD2A,3.879791808934377,3.005959618919427e-08
TGFb,ABCA6,-3.2715368950351578,3.2597759060731856e-08
TGFb,FBLN5,4.92248525622834,3.5048863530867085e-08
TGFb,MEX3B,3.978292370254286,3.9925075761663953e-08
TGFb,C3orf80,4.809037463388701,4.066124839352964e-08
TGFb,PLCB4,3.9338902853869087,5.25709979195131e-08
TGFb,ISLR2,2.468060087597712,5.431844384656125e-08
TGFb,YIPF5,2.8119363564910023,5.926231505312558e-08
TGFb,MSR1,-1.764838201889795,5.970500309325055e-08
TGFb,LRRN4CL,-3.784515126527989,6.285932930190682e-08
TGFb,OLFM2,2.0653759894084955,6.681255571146816e-08
TGFb,MIR181B2,3.294149642884325,7.085644034974774e-08
TGFb,CHST3,2.221800857294827,7.237923433623125e-08
TGFb,TUFT1,6.010991297185908,7.568084855688031e-08
TGFb,SPHK1,6.090111538628698,8.203279648335977e-08
TGFb,ABCA8,-1.709245079884809,9.264709925805536e-08
TGFb,SEMA7A,3.8947720445386746,9.489278152966578e-08
TGFb,P2RX1,2.7581382924767666,9.774855457905566e-08
TGFb,RXFP1,-2.2777179298285644,1.1969847544706282e-07
TGFb,CDKN2B,3.373728102887283,1.2375074663707305e-07
TGFb,PAWR,2.5534342854783194,1.262350615658719e-07
TGFb,SNAI1,3.5681739305015414,1.6122039561055775e-07
TGFb,LIMS2,2.27494674124209,1.651696686410749e-07
TGFb,TNFSF4,5.503893035236932,1.700815106475674e-07
TGFb,NEDD9,4.361192810292332,2.4489363670077135e-07
TGFb,SMAD6,2.798265386251439,2.5205858352477994e-07
TGFb,DGKI,2.2411436132070746,2.6164865550720567e-07
TGFb,BCOR,2.735746492923183,2.64124755556515e-07
TGFb,SGPL1,2.583923273015123,2.647968416745087e-07
TGFb,SMURF1,1.538153232693425,2.7155300325950327e-07
TGFb,SPECC1,2.5741137529342106,2.761748728785442e-07
TGFb,ARFGAP1,2.073401170152749,2.909452707019059e-07
TGFb,UACA,2.6166466705245015,3.1606120354784774e-07
TGFb,SLC16A2,3.140899092037142,3.170610138617194e-07
TGFb,DCBLD1,3.8990109307813903,3.17939993376741e-07
TGFb,KCTD11,6.189229616997492,3.4317582346165537e-07
TGFb,ARHGEF40,2.0043306804826586,3.6977434478790077e-07
TGFb,FRMPD4,-1.219221577816581,3.98778435845364e-07
TGFb,MRGPRF,-1.7894102144178459,4.1425223642360007e-07
TGFb,PDE7B,-2.927117616625293,4.3102573441289643e-07
TGFb,DSP,5.977204275157445,4.427010852476144e-07
TGFb,SLC14A1,-3.7381688352172966,4.465153024653185e-07
TGFb,DYSF,2.458290811809702,4.5449731412501883e-07
TGFb,COL10A1,1.1559236099374055,4.798141741919688e-07
TGFb,CSDC2,1.6616041905241123,5.30383865598286e-07
TGFb,ZCCHC5,-1.891827433073879,5.971118250261414e-07
TGFb,KIF26B,1.277713854927576,6.324911101741851e-07
TGFb,LIN7B,1.7377892221536406,6.346547755786525e-07
TGFb,DLX2,2.67490143592378,6.786902998290388e-07
TGFb,DNM3OS,2.726481018537501,8.125054358066569e-07
TGFb,TSPAN8,-3.1402924803686543,8.278812701207884e-07
TGFb,ADAMTSL3,1.2087629129048565,8.295462325602105e-07
TGFb,PRR5L,2.031680953392238,8.300410308021324e-07
TGFb,SEPT11,3.120887031243257,9.283141152542804e-07
TGFb,NXPH4,1.671558499952885,9.301407458768978e-07
TGFb,PDLIM3,2.3810666690413056,1.014721324565988e-06
TGFb,PGM3,2.5750399435704394,1.0379338532711206e-06
TGFb,HSD11B1,-4.748535707523375,1.0697006170145178e-06
TGFb,DLC1,1.6764476477072752,1.1437615912112787e-06
TGFb,TNS1,2.994399174655843,1.1847538509857843e-06
TGFb,AUTS2,1.6778594461575222,1.2781194629827814e-06
TGFb,CDC42SE1,2.14192110867935,1.3615454209748443e-06
TGFb,BMP6,1.6275073477651372,1.3765557327342145e-06
TGFb,DCLK2,1.264542798154724,1.3872963003323064e-06
TGFb,GRB10,3.169843101492333,1.4975214202726345e-06
TGFb,NRBF2,3.0385196681356232,1.504621372270348e-06
TGFb,SMCO4,3.8585511776786907,1.5324367803233205e-06
TGFb,ADCY7,2.4012390000700865,1.5427798734270617e-06
TGFb,SLC8A1-AS1,-3.520433399801076,1.5488089718747347e-06
TGFb,SDPR,-2.984897932838006,1.6257510183591864e-06
TGFb,FAP,2.780129917391319,1.7730909304022383e-06
TGFb,ERG,0.9936061709178209,1.7816073360212825e-06
TGFb,BMPER,-2.9430838879384726,1.8348428341641346e-06
TGFb,ANXA10,-4.3284227276086575,1.854062280898774e-06
TGFb,KIT,-3.1852199675627118,1.9579297737446007e-06
TGFb,IGF1,1.4081668734926902,2.066858871623312e-06
TGFb,SULF1,4.742802934246635,2.091729465368931e-06
TGFb,EXTL1,1.6596914330332537,2.0975355656964343e-06
TGFb,HAS1,2.341056514021545,2.1227494123394566e-06
TGFb,FOXA2,-1.6511594315840714,2.1903983515954856e-06
TGFb,HACD1,1.9788007190848846,2.1980275328577457e-06
TGFb,OSR1,-3.0498060748506752,2.2087189651223783e-06
TGFb,JADE2,-2.1365261045294277,2.2757848155397446e-06
TGFb,GPR4,-1.5646385872769186,2.336171504768301e-06
TGFb,ABCA9,-1.3403874895052037,2.406033893196967e-06
TGFb,ARHGAP29,-2.738833036120193,2.493300647074516e-06
TGFb,LDLRAD4,1.7060415961943984,3.0089079862926487e-06
TGFb,EPHB3,1.9280099054492432,3.043087581624728e-06
TGFb,CTPS1,6.372225342081026,3.046733777526962e-06
TGFb,MAP3K2,1.9171918638211332,3.1443098845895175e-06
TGFb,RASGRP1,5.178947991231055,3.326103064476374e-06
TGFb,PDE5A,-2.26104177115872,3.596454402042091e-06
TGFb,DIXDC1,1.8516234265183775,3.734550829646512e-06
TGFb,SYNPO2L,3.376606802657014,3.785035934670324e-06
TGFb,SMAD3,-2.9686766675454566,3.7914835091652784e-06
TGFb,POSTN,3.0044728519443873,3.798774746659248e-06
TGFb,LPAR1,-3.2987260799625333,3.869853141843106e-06
TGFb,DYRK2,2.212115790409278,3.967022182132561e-06
TGFb,KCNK2,-2.5307842577508723,4.016272415268664e-06
TGFb,MEOX2,-1.4270344258223784,4.2600523152323615e-06
TGFb,PXDC1,2.6447415899291022,4.41270522943497e-06
TGFb,CNKSR3,-1.9348380387034108,4.665283779074294e-06
TGFb,TM6SF1,3.292448663705217,4.680778889414972e-06
TGFb,GXYLT2,4.347534725055054,4.7708555950723115e-06
TGFb,PDE1A,-1.3953419463988983,4.991668909942208e-06
TGFb,CBFB,2.933923262308172,5.628787797324059e-06
TGFb,MAMDC2,4.902337965073532,5.637547911713221e-06
TGFb,COL8A2,1.7238470599009847,5.669988330583531e-06
TGFb,MYOM3,0.9042043493128451,5.9727324579413966e-06
TGFb,LINC00842,3.1214143576565583,6.8296389163179964e-06
TGFb,SHROOM4,1.4546883196418285,7.249452159776702e-06
TGFb,AMIGO2,6.4700258053261885,8.247752976915857e-06
TGFb,ANKLE2,1.7899101563495363,8.28379261920774e-06
TGFb,FERMT2,3.528707015188735,8.662268874137286e-06
TGFb,ADAMTS4,1.2432177806382967,8.86258107077683e-06
TGFb,TGFBR3,-4.292070788080315,8.919082453372076e-06
TGFb,RNF121,1.27789815062532,9.821835053031453e-06
TGFb,HES1,3.6961813418737686,9.867648875585755e-06
TGFb,VSTM4,0.9514295757084709,9.875547601055073e-06
TGFb,KLHL26,1.5867947254424843,9.879172658644712e-06
TGFb,GLI2,1.3792243460475864,1.0244149132401617e-05
TGFb,PPP1R13L,2.8390711961722968,1.0254725764393962e-05
TGFb,EPHB2,1.604435012318782,1.0570840586132337e-05
TGFb,MAP6,1.1598102738491334,1.0822621958652843e-05
TGFb,ITGA4,3.9253587517815767,1.100948508550267e-05
TGFb,JUNB,6.0084229219154865,1.1023196280550513e-05
TGFb,ECI2,-2.234055370407345,1.1087960142952692e-05
TGFb,LRRN3,2.009083706711915,1.1720961187905598e-05
TGFb,GADD45B,4.999954071746939,1.302485358454785e-05
TGFb,MGAT4C,-27.795484483352272,1.317023778995016e-05
TGFb,CHST11,3.2641477379888464,1.4178622101668115e-05
TGFb,MAPRE2,-1.3489296116800669,1.4262083536594949e-05
TGFb,ZNF48,1.7454615685938246,1.5009918495368275e-05
TGFb,CLDN14,1.625328632991048,1.5106451907214194e-05
TGFb,DSE,2.327462127852781,1.518852159088867e-05
TGFb,NDEL1,1.2748696082758029,1.542850628858073e-05
TGFb,GSTT2,2.134611869743518,1.553606001974457e-05
TGFb,CLTCL1,2.303272240181339,1.700681114883792e-05
TGFb,BLOC1S2,3.4466743948472924,1.727728932375062e-05
TGFb,ITIH3,2.191533546192374,1.8415218776135838e-05
TGFb,OLFML3,2.9622673990745545,1.8887682636583406e-05
TGFb,RCN3,1.7722073261517308,1.9023883711158386e-05
TGFb,MLXIP,1.8177577786436416,1.9101779430669535e-05
TGFb,BMP4,-2.9736661818512617,2.0022242023305218e-05
TGFb,LINC00472,-2.0116213614562546,2.041292348503414e-05
TGFb,SERPINE1,6.460587774349762,2.055810035064605e-05
TGFb,HECTD2,1.3761813028794934,2.1383058125338522e-05
TGFb,FHL3,1.8798632338385655,2.154483294656138e-05
TGFb,IVNS1ABP,3.2289214196523206,2.1612819179252717e-05
TGFb,PNMA1,2.3750974994812264,2.1689481498808562e-05
TGFb,APBB2,1.5867792593135037,2.1787817971353275e-05
TGFb,MAMLD1,3.9236878103921486,2.1998906933993968e-05
TGFb,MBOAT2,2.4174593534741664,2.217993965297449e-05
TGFb,CDC25B,-2.967148919701764,2.2750931017516076e-05
TGFb,NOVA1,-1.1013055373327783,2.277579368858112e-05
TGFb,DZIP1L,1.2038899857099223,2.3394888374568624e-05
TGFb,XIRP1,3.576974512116339,2.3685912552696617e-05
TGFb,ITGAV,3.4467004506130543,2.3912736462656864e-05
TGFb,CTIF,1.516992485341287,2.4153760744388952e-05
TGFb,TMC7,1.786924248449968,2.4804183542639822e-05
TGFb,PDGFA,3.6827892611388804,2.5746820647019727e-05
TGFb,RBP1,2.1498731774936566,2.650621029439177e-05
TGFb,SLN,1.5435111321275699,2.7868151641848626e-05
TGFb,COL1A2,2.171297128420213,2.7920111876593378e-05
TGFb,AGFG2,-0.8113474420829373,2.8398624223050946e-05
TGFb,PDGFC,3.294649088214514,2.9029671641591992e-05
TGFb,LOC79160,1.7806283813079549,3.154187990710815e-05
TGFb,ADAM19,2.4510924865827857,3.239681074203699e-05
TGFb,AQP1,1.8012326116073567,3.27074002487562e-05
TGFb,TFPI,-2.5929678243313066,3.489722034752516e-05
TGFb,COL16A1,2.5656395942919565,3.649138866211591e-05
TGFb,TRERF1,-2.341946866031693,3.7116055782435815e-05
TGFb,AGPS,2.4490699991602765,3.739688501029746e-05
TGFb,P4HA3,1.4681568556732123,3.7611681809285485e-05
TGFb,PRRX2,1.2102663703875278,3.76594431225195e-05
TGFb,FBXL21,1.2864996206978965,3.7760981055234694e-05
TGFb,R3HDML,1.4464754511962818,3.886803020123422e-05
TGFb,PLXND1,1.838376110193681,4.178754072121663e-05
TGFb,TRPA1,-1.7974306783091694,4.237658499625108e-05
TGFb,CREB3L2,1.7012049941184246,4.274403643809518e-05
TGFb,LOC730098,1.7196836373947573,4.487594712956282e-05
TGFb,MIR181A2,2.8349451370667706,4.5386677551103726e-05
TGFb,GPR39,-1.710248850611878,4.553297192540555e-05
TGFb,C18orf25,1.2503251863559453,4.595388035380237e-05
TGFb,ST6GAL2,1.4483102351890322,4.770912281318202e-05
TGFb,GLS,1.9721616734489964,5.194941699381819e-05
TGFb,MCF2L2,1.5807330166999847,5.19691333756466e-05
TGFb,DHRS2,3.558766759481431,5.574177011170763e-05
TGFb,PHTF2,1.6259683413894346,5.821302916757838e-05
TGFb,RARA,1.3632787149045695,6.21897571643822e-05
TGFb,LIMK2,2.785899561144968,6.226677120137185e-05
TGFb,APOH,-1.0491914933554092,6.424227534120448e-05
TGFb,ZMIZ1,1.9573807050050773,6.461093911057943e-05
TGFb,NGF,1.4607185100184732,6.533901498971367e-05
TGFb,NKD1,1.1784193634220714,6.571659948260678e-05
TGFb,LIMK1,1.2011955768528242,6.966121731008414e-05
TGFb,WWC2,1.4377794061084377,7.001909567144139e-05
TGFb,FN1,4.112423523815495,7.063345432723887e-05
TGFb,PDE11A,0.956325959960172,7.20582858770625e-05
TGFb,C14orf105,-0.846500825082059,7.346735133668642e-05
TGFb,TGFBR1,2.2840948353102704,7.461382661714053e-05
TGFb,LOC101929988,2.336527843908366,7.656377262767861e-05
TGFb,PAMR1,-1.6398105749844871,7.989419823878116e-05
TGFb,TSPAN13,3.988641795116572,8.203042013007881e-05
TGFb,GOSR2,1.0105116674718084,8.442412643463096e-05
TGFb,SCX,2.049641149269705,8.718238696201246e-05
TGFb,ATP8B1,-2.0659450180447796,8.856733488842791e-05
TGFb,TGFB1,1.9825934884797507,9.179465610450742e-05
TGFb,RHOJ,2.710871888397156,9.242716333954714e-05
TGFb,FENDRR,-1.2697651632254017,9.398508913320706e-05
TGFb,ADAMTS2,1.6686522368182677,9.428923503980727e-05
TGFb,MIR503,2.92840273222291,9.438946145611508e-05
TGFb,NGEF,1.5763511683470837,9.774162069712762e-05
TGFb,S1PR5,1.2211229968643023,9.796096211854472e-05
TGFb,IGFBP7,1.962938062780853,9.797677455177898e-05
TGFb,LANCL2,1.5727972229322933,9.824255375943114e-05
TGFb,TCF4,2.43411243710862,9.824750042247873e-05
TGFb,SMAD9,2.1452906214148983,9.853827337583142e-05
TGFb,GABRQ,0.8385765213689321,0.00010120192767479345
TGFb,CRADD,-1.517310710006908,0.00010176596517968875
TGFb,AMTN,2.472469161121888,0.00010241837512154148
TGFb,TENM4,2.028861324049557,0.00010353298121649541
TGFb,FOXP1,1.5919509215312289,0.00010502100324160758
TGFb,C5orf46,3.711870305736178,0.00010566308510493487
TGFb,EHMT2,-1.0454371561195526,0.0001060886804258098
TGFb,SLC10A3,1.65906193677565,0.0001060901381794893
TGFb,AMZ1,1.100965298723682,0.00011015187543580835
TGFb,ZNF821,0.902887703593501,0.00011251439458773907
TGFb,CACHD1,1.8285125279833738,0.00011423863964168306
TGFb,WNT5B,1.5995262963521961,0.0001164281438821222
TGFb,PID1,1.60919431341389,0.00011849430248581993
TGFb,LARP6,1.6031401515767378,0.00011978954619320975
TGFb,ACOX1,1.2483752471975438,0.00011987910313195592
TGFb,CPED1,-1.8090625878603084,0.00012046683470904157
TGFb,SYNE1,1.116450980870925,0.00012193159462819474
TGFb,SLC22A3,1.2470158120911106,0.00012343132369807002
TGFb,COL7A1,3.228448416474353,0.00012452046047348964
TGFb,BDKRB2,-2.070123557904144,0.0001312625691465755
TGFb,DUSP26,0.8618929429701198,0.00013228990986789664
TGFb,SEC14L2,1.644598479942861,0.00013368764004406165
TGFb,CCL11,1.6561862992892367,0.0001370375781816637
TGFb,PLIN2,-2.166725917003888,0.0001414298773229555
TGFb,ANAPC13,-1.4306256301751759,0.0001415762346608531
TGFb,SLC6A19,2.6637828429640007,0.00014291288711153858
TGFb,LETM2,-2.1359690686133064,0.00014757110733446593
TGFb,DENND2A,-1.7043278113417333,0.00014972537274837792
TGFb,TERT,-1.1632130447920932,0.000153534749622073
TGFb,ABLIM2,0.9206689641775098,0.0001564917501884308
TGFb,PCK2,4.4367369222156885,0.00015800996442275585
TGFb,ADGRF5,1.4910171476344967,0.00015909439174909316
TGFb,CYP27C1,2.0612992527958656,0.00016308615550228399
TGFb,PPIL6,-0.8889667799317571,0.00016424415781116918
TGFb,TGFBR2,-3.1535859012329692,0.0001662048461871721
TGFb,ID2,5.846815094762133,0.00016650866661548455
TGFb,UBL3,2.7292829267278753,0.00016798578263776484
TGFb,HBEGF,3.8407089399014973,0.0001682005077729607
TGFb,LINC01114,1.8470372956714471,0.00016969774339156032
TGFb,LRRC20,-1.5672294423062818,0.0001697765261212124
TGFb,PTPN21,1.300614407715073,0.00017242143252847695
TGFb,DRP2,0.8898046710177039,0.00017314674927366007
TGFb,PIEZO1,1.2382892323382335,0.0001738309403042252
TGFb,AOX1,-2.4389534073410872,0.00017657672584320223
TGFb,SSBP3,2.070435046593904,0.00017930457361902392
TGFb,ANKRD44,2.039607123660497,0.00018034416616890368
TGFb,AEBP1,1.5549142598169303,0.00019111434406063075
TGFb,TSHZ3,2.145657665415035,0.00019345313478358743
TGFb,ANKRD1,4.206579775433778,0.00020144288494917928
TGFb,ADRA2A,1.4998687670013606,0.0002131120312407694
TGFb,MASP1,-0.742659742886781,0.00021590664793073356
TGFb,ADAMTS6,1.6362729953471082,0.0002175533759081996
TGFb,ARL4A,3.2303175022186763,0.00022040793989576004
TGFb,MAP3K4,2.399324662797893,0.00022123901555092538
TGFb,LCE3D,2.342259737326275,0.00022620858098809933
TGFb,IER5L,4.128868167563421,0.0002262342056408693
TGFb,SPARC,2.754301634417682,0.00022750690674293398
TGFb,KLC1,1.2577611805026585,0.00022764681647733848
TGFb,SLC7A5,5.049915915164523,0.00022871696058925932
TGFb,TMEM190,1.4855133315500997,0.00023513444612201654
TGFb,CCDC80,3.946585069365227,0.0002436646563515175
TGFb,HOXC9,1.6180018929966369,0.00025011819447277623
TGFb,DPY19L1,1.0367789920074997,0.00025052293700222016
TGFb,MRC2,1.4597010759240403,0.0002584358642660643
TGFb,KIAA1024,1.2881978662133562,0.00026173831022583744
TGFb,VCAN,4.319555016400462,0.0002648306767305588
TGFb,CHFR,1.461257107341475,0.00026816023562935997
TGFb,MIRLET7C,-2.890233299540532,0.000269514908665944
TGFb,TBX3,1.963463077383823,0.0002731575472858712
TGFb,LSS,-1.9262184791760963,0.00027389241465483507
TGFb,MFAP3L,1.1468868762110644,0.0002767612893436808
TGFb,TLL2,0.8918896096620731,0.0002838467308786645
TGFb,TSPAN4,-1.964041856620301,0.00029170680676997936
TGFb,PDGFD,-2.484485031583027,0.00030020634924642856
TGFb,QPCT,3.205597658825574,0.00030031069036194277
TGFb,SGCE,-1.926348192007436,0.0003024083555842099
TGFb,EGR2,6.442052464573821,0.0003089969003226719
TGFb,LOC100130872,-1.5414361304396755,0.0003110399523605742
TGFb,C1orf140,-1.244421967356295,0.00031185346283354066
TGFb,C3orf52,2.071192524941911,0.00031696436675493706
TGFb,ASS1,5.725966905724633,0.0003201781948555663
TGFb,SLC3A2,3.476582901936074,0.00032099092301088
TGFb,INHBB,2.68771645346494,0.0003271492525852174
TGFb,SEL1L3,1.5479255708109283,0.00033208677502217674
TGFb,FZD7,3.596592883713915,0.0003466595585267774
TGFb,ZNF281,1.9896873327081388,0.00035934565652409356
TGFb,ACKR4,-1.9247173911274291,0.00036025549686968095
TGFb,MMP2,1.777978103414572,0.0003610943271657439
TGFb,ZNF582-AS1,1.7218975225958126,0.00036313543854097377
TGFb,NPHS2,0.7973132425655066,0.0003661757724049141
TGFb,LINC00607,1.6847246109177385,0.00036914903684802895
TGFb,NOTCH3,1.3761760899635458,0.00037534465771491585
TGFb,GPX7,1.6070424811326602,0.00038044500361532823
TGFb,PTPRE,1.7011894048648528,0.0003843904853674757
TGFb,WTIP,1.343117670223109,0.0003910352199715628
TGFb,SLC19A2,3.0666625502125484,0.0003914910676454965
TGFb,JPH2,1.0192290313615708,0.000397565838549646
TGFb,HNF4A,0.837635029729378,0.0003999591115946839
TGFb,GATA2,1.3530099917351242,0.0004012913016207427
TGFb,PDGFRB,1.6951315168232894,0.000401512148806493
TGFb,FGF10,-1.0511617137844507,0.0004139951596561209
TGFb,FAM214B,1.470678335253299,0.00042077115808765507
TGFb,HEY1,3.4432074714734484,0.0004210849231991391
TGFb,FBXO24,-0.7035854620958245,0.0004308720443706663
TGFb,SMARCD3,1.279563811731162,0.00043366325862712654
TGFb,TXNRD1,-2.079099693185928,0.0004432177991044952
TGFb,ATP13A2,1.574802135288675,0.0004465101157797533
TGFb,BEND7,0.9199417823386765,0.0004481074275483283
TGFb,LPAR4,-1.1081726559379983,0.00045244053868250103
TGFb,ANXA13,-1.0003223269778059,0.00045249192553721996
TGFb,TM4SF20,-1.3679029460339878,0.00045362318401288615
TGFb,LMO3,-1.2049501367186404,0.00045400332103486376
TGFb,PRKCI,1.5793256486316245,0.00045446376934766685
TGFb,KCND2,-1.4026618316218507,0.00046258265802176144
TGFb,PRPS1,2.8338800148782104,0.00046300992003879435
TGFb,CA12,-2.9158950918407753,0.00047214536038632163
TGFb,PRG4,1.361456433661566,0.0004827239813625563
TGFb,COL5A2,2.6119711358502533,0.00048644082518930077
TGFb,CLEC2B,-2.3399712191814084,0.0004878762227889347
TGFb,NOTCH2,1.6897378917343004,0.0004908412201652542
TGFb,CAMKK1,0.9494218901815602,0.0005035651355999811
TGFb,PSAT1,6.253916672357305,0.0005052629600521669
TGFb,SFRP1,-2.5392688928827463,0.0005077566540787798
TGFb,CSRP2,2.941343231201351,0.0005084566919727209
TGFb,KCNN3,-0.9641845292662992,0.0005114629847274794
TGFb,SERTAD1,3.5716168098917187,0.0005148808458216108
TGFb,PPFIA1,1.1230098955417804,0.0005236689180039213
TGFb,LIMCH1,2.162455545043086,0.0005246386275578838
TGFb,ADH1B,-1.3755437365383156,0.0005256560445817545
TGFb,FER1L6,-1.2710558249831299,0.0005295368286056419
TGFb,FGL1,-1.0263713960373664,0.000531009873139154
TGFb,DNAJB5,1.6373226461469295,0.000533336415597138
TGFb,IL13RA1,1.9234770456832335,0.000539176668504046
TGFb,TET3,1.360692005411708,0.0005396032811844249
TGFb,LINC00592,3.553758451377252,0.0005407230354877469
TGFb,ADH1C,-1.4685447148132236,0.0005416347693844659
TGFb,PDLIM7,1.591761094097885,0.000553294710958469
TGFb,DOCK9,1.1141552359560054,0.0005585388699671242
TGFb,ADGRA2,1.507672630027595,0.0005596833227943591
TGFb,NALCN,1.7024915423390357,0.0005668155524562863
TGFb,SHC3,-1.0447208996259572,0.000579289564958466
TGFb,CSN1S1,0.7659757053801841,0.0005793671984673278
TGFb,RSPO3,-2.082538060439393,0.0005805313157168791
TGFb,DAPK1,-2.004283016625451,0.0005881714790908803
TGFb,PDE8B,-1.2794692947211337,0.000589648074369805
TGFb,STK38L,2.3278108357443363,0.0006022489202905844
TGFb,LOC285696,-1.0530098818395328,0.0006321868330973322
TGFb,SPTLC2,1.299243294478066,0.0006511526530616833
TGFb,FBXO32,4.178418413672439,0.0006517002488155313
TGFb,LBH,3.6929736060970373,0.0006522175120288778
TGFb,CEBPG,3.2817135477449955,0.0006524078161901546
TGFb,CRIP2,2.431876836760312,0.0006629491638347647
TGFb,SLIT2,-2.0717508329996934,0.0006779023257042079
TGFb,ITGA10,-1.7400101573375608,0.0006781058740843261
TGFb,NRGN,-2.3918880010377412,0.0006813396927364161
TGFb,FNIP2,2.4704056369452703,0.0006825103123303284
TGFb,FRMD6,3.1132544414650902,0.0006999870736039622
TGFb,MAGI1,0.7076310959005697,0.0007018252938981015
TGFb,GNAI1,-1.9680299740650167,0.0007084212544023079
TGFb,SLAMF8,2.6724011173917166,0.000746625981958824
TGFb,RXFP2,-0.9009547518687875,0.0007469015480947491
TGFb,EML1,1.586216318262192,0.0007497222822819823
TGFb,INHBE,3.5384918461779717,0.0007559431062633701
TGFb,LINC01503,2.669631596766339,0.0007666135772842709
TGFb,KIAA1551,-2.36272444068479,0.000774670273996826
TGFb,FAM110B,-1.5286610584058162,0.0007763066740477535
TGFb,SKI,1.3613322394325762,0.0007861803435094936
TGFb,CTGF,7.724463785601681,0.0007892887321869043
TGFb,PLEK2,3.126905503123301,0.0008093709066503048
TGFb,DNAJC22,1.2818757717326648,0.0008107008688217929
TGFb,TEAD4,1.8564076228878625,0.0008199502693075654
TGFb,ALDH3A2,-1.9772303472280481,0.0008239230174092232
TGFb,SS18,1.3630109314532544,0.0008279466322341822
TGFb,C5,-2.1543674824807146,0.0008440628257886478
TGFb,TAGLN,4.1724274180077625,0.0008443250668496254
TGFb,DOK6,1.0597966786301547,0.0008504631030413002
TGFb,ARHGAP6,-1.029440915020722,0.000852056253043508
TGFb,PTN,-1.3187402622434787,0.0008520570136587099
TGFb,UBE2J1,1.5531730623538116,0.0008530135248737338
TGFb,EVA1A,2.9695503497098663,0.0008619847694230138
TGFb,NKIRAS2,1.0968292391230947,0.0008837763853368049
TGFb,AREL1,1.0900294179056058,0.0008884743807261236
TGFb,ZNF175,0.9598885741030682,0.0008959879851073852
TGFb,HPS5,2.2022241720118374,0.0009017388570119367
TGFb,MTHFD2,4.807831108208545,0.0009278656001476994
TGFb,PHLDB1,1.0080844625317962,0.000933632379747929
TGFb,SAMD1,0.9533086975711011,0.0009457789016234327
TGFb,TP53I3,5.245753837312088,0.0009520805734427176
TGFb,RASSF2,3.072532721951409,0.000955652824412338
TGFb,C4orf26,2.6989834520197995,0.0009560628029867017
TGFb,FAM83G,1.777232822730791,0.0009649704188703981
TGFb,MFAP2,1.9226166173641606,0.0009682056158822784
TGFb,HOMER1,3.073716209053609,0.0009798269627890313
TGFb,MGARP,-2.7361527829172254,0.0009881339880293283
TGFb,MME,-2.7416262029055782,0.001002215265489332
TGFb,HGF,-1.2678880730297635,0.0010240651839183324
TGFb,PPL,-3.2105804059574115,0.0010243649446663723
TGFb,KITLG,-1.8095093957534134,0.0010348487243887563
TGFb,CFH,-2.0745597219976135,0.0010465050003458643
TGFb,AR,-1.111154603102228,0.0010582711764578257
TGFb,DPF3,-0.8841763242689431,0.0010607880312703854
TGFb,CEBPD,-3.348566018632443,0.0010643263134276473
TGFb,GOLGA5,1.4943570157601394,0.001070397795447869
TGFb,SORBS1,1.450657525021177,0.0010708454282360275
TGFb,IHH,0.6973236715866318,0.0010733556813362986
TGFb,RNF217,1.7587942112906572,0.0010840483932327157
TGFb,KRTAP1-5,-3.529143135523063,0.0010878680517008503
TGFb,PDLIM4,1.6241577271721581,0.0010885979979926687
TGFb,CHRNA9,1.4848500279053676,0.0010905321518506778
TGFb,RAC2,-2.4515964273683686,0.0010987712252370852
TGFb,GPR37,-1.6779113403363564,0.001125612648762442
TGFb,LGSN,-1.2904096744276963,0.001130502838054729
TGFb,GRK4,0.5639643103944536,0.0011314071707961095
TNFa,TNFAIP3,35.40071755147807,6.156317811645079e-65
TNFa,IFNAR2,7.580700686140321,5.911086302991569e-54
TNFa,CSF2,8.35548063730208,3.421780274757468e-51
TNFa,NFKBIE,10.356205366989286,4.596530117360413e-51
TNFa,EFNA1,18.631109384930614,1.3946227070893006e-50
TNFa,RELB,9.264593784669739,4.3197094699026076e-47
TNFa,CXCL8,45.44182721623888,6.681421703114339e-47
TNFa,ICAM1,22.03934071980157,9.532021614079492e-47
TNFa,CXCL5,10.081367932472133,2.5217549415859775e-46
TNFa,LTB,4.827311631466724,2.7076551996612965e-42
TNFa,IL32,15.963619088902076,4.812238007669207e-41
TNFa,TLR2,7.039357768205023,5.928679592405498e-41
TNFa,TNFAIP2,12.213726703415444,1.866903839350997e-40
TNFa,NFKBIA,12.567700437723602,1.2370646511725078e-39
TNFa,BCL2A1,17.22500760515418,2.2152125002444432e-39
TNFa,INHBA,15.563198677198198,2.7724337915234324e-39
TNFa,IL36G,13.425174324449806,2.4142135766549857e-38
TNFa,SERPINA3,11.405799324373938,3.235211833015019e-36
TNFa,PLAU,11.492884155720912,6.131240359053328e-36
TNFa,CCL20,38.38796712436,8.993110280953715e-36
TNFa,SLC2A6,10.249108343655784,1.4907067910209946e-34
TNFa,MRGPRX3,10.786210563963566,2.8452556921321578e-34
TNFa,NINJ1,8.560734676796455,1.0692845565398218e-33
TNFa,CXCL3,23.758105672194567,3.145344951458408e-32
TNFa,BIRC3,13.582045497557385,1.2661131734842019e-31
TNFa,IFNGR2,7.3777888714754125,1.5091864594985724e-31
TNFa,C8orf4,8.472723921002293,2.17679097363067e-31
TNFa,BID,5.60413176278799,4.072669531590969e-31
TNFa,CSF3,6.343140375426898,4.119815663376026e-31
TNFa,NFKB1,9.348958018199767,1.2635966292967596e-30
TNFa,CXCL2,8.954759574671543,2.106153087755463e-30
TNFa,DRAM1,10.758252373531665,4.37400297064642e-30
TNFa,PPP4R4,3.3280546089658753,5.04408351860565e-30
TNFa,CD83,11.002664858510604,8.362908053154003e-30
TNFa,IKBKE,3.773163181244649,6.210359860861656e-29
TNFa,CLDN1,9.089955595164122,2.391442657918279e-28
TNFa,C1QTNF1,5.762291356418425,3.3968648830670593e-28
TNFa,IRF1,15.650726704349548,5.169439657959005e-28
TNFa,NKX3-1,2.8716327693324026,1.0440505227573059e-27
TNFa,TRIM47,5.244304088277187,1.3030530162682617e-26
TNFa,CXCL6,10.517614056873304,1.5425248209456495e-26
TNFa,TNIP1,6.429594434462538,4.493864124524537e-26
TNFa,MMP12,6.477017108768284,5.9110886919777e-26
TNFa,BMP2,8.582446164835554,7.28722577295543e-26
TNFa,CFB,7.4267354264803815,1.5413325019456616e-25
TNFa,CCL2,19.84618276040007,1.7240385292722288e-25
TNFa,TICAM1,3.4637566632122025,2.6986084298285123e-25
TNFa,CTHRC1,9.459560282116046,3.4289863595318615e-25
TNFa,IL6,19.70357332798217,3.9717298042035653e-25
TNFa,NFKB2,5.002450148328656,1.3771278306673217e-24
TNFa,SOD2,13.62311027435944,3.4324763009304185e-24
TNFa,MMP9,12.588757730190256,3.832470767231821e-24
TNFa,RHCG,3.101600356415304,1.0873911203646478e-23
TNFa,TIFA,6.052292771609127,1.6523670372553297e-23
TNFa,MMP10,8.347427839604803,3.3111616564941695e-23
TNFa,TAPBP,3.9797425167205684,4.103919904023549e-23
TNFa,LOC100130476,6.510654491205747,5.1835625343351594e-23
TNFa,IGFL1,8.951569979952977,7.040220346872821e-23
TNFa,B4GALT1,2.7458532611816775,8.391247968124623e-23
TNFa,DTX2,2.931319728324946,1.3987667763344256e-22
TNFa,TNIP2,3.3942899778951263,2.8548311279288092e-22
TNFa,PTX3,21.50273416683471,4.630937097196981e-22
TNFa,CYLD,2.875463653861722,7.968648754577042e-22
TNFa,EDN1,7.585623802775744,9.74937275411214e-22
TNFa,TMEM217,4.038150679601343,1.7352607310019007e-21
TNFa,RIPK2,5.572407893721106,2.600673595507256e-21
TNFa,SDC4,8.12277620754622,3.4111430585593374e-21
TNFa,USP43,3.4492245557244177,6.059841661377993e-21
TNFa,RND1,4.684880682722876,6.322399588562917e-21
TNFa,BDKRB1,4.922306051821282,6.359058570564687e-21
TNFa,BIRC2,4.671661250669304,1.039471334800486e-20
TNFa,CTSS,6.3975388341766894,2.5106874426098532e-20
TNFa,MMP13,7.1057590330167395,3.402346737618159e-20
TNFa,ETS1,4.591170934354626,3.688531084883448e-20
TNFa,APBA3,2.177085765123919,3.8841290668176e-20
TNFa,TYMP,4.018625143360947,4.7724778175867637e-20
TNFa,NECAP2,2.727408520220788,5.284032270368677e-20
TNFa,C11orf96,4.766669050666692,1.0974370224949223e-19
TNFa,ANKLE2,2.3679316803426,1.2144014274530354e-19
TNFa,WTAP,3.2215281990206424,1.2880250113853994e-19
TNFa,TRAF1,9.396001195110344,2.342053113809262e-19
TNFa,SQRDL,5.95671516807764,3.900411543314396e-19
TNFa,UBE2Z,2.248799621815309,4.620564222337351e-19
TNFa,CXCL1,20.42654598346696,7.382375687528551e-19
TNFa,KRT6B,4.416223266815222,9.342149966353016e-19
TNFa,CLUHP3,1.9472882155556552,1.67081631849567e-18
TNFa,CFLAR,3.7265442353972937,1.8025589785652324e-18
TNFa,SRGN,3.9513283861811814,2.4731618712458367e-18
TNFa,GPR176,3.0121862726163635,3.578615583120003e-18
TNFa,C3,9.89843789140028,4.91248690159217e-18
TNFa,TNFAIP1,2.77854938464495,7.548024644920567e-18
TNFa,SLC41A2,5.357994940261768,1.1711646825360697e-17
TNFa,PDPN,2.3542506787145947,1.5047553071232645e-17
TNFa,IL1RN,4.754297985994012,1.928782694851502e-17
TNFa,AKR1B1,6.596693035594108,2.812720808732553e-17
TNFa,GSAP,4.868162413678591,2.813611477905165e-17
TNFa,UXS1,4.234970822197877,3.304165409332944e-17
TNFa,RHBDL2,3.6778373712677483,3.517182445204472e-17
TNFa,NFKBIB,2.087127406943084,3.567144543351117e-17
TNFa,IL15,5.507100222307256,3.6737653377891134e-17
TNFa,STAT5A,3.6334892943632444,5.1551979680829406e-17
TNFa,SQSTM1,3.6502027532583163,5.614157039978212e-17
TNFa,IRAK2,4.605308571355104,9.569131606488203e-17
TNFa,TYK2,2.3630433621668114,1.71878311053746e-16
TNFa,NR2F2,-3.3850191959233347,1.7737009090042642e-16
TNFa,IFNGR1,4.146519404559017,1.790101037119745e-16
TNFa,VCAM1,6.393980097557979,1.7992274955919224e-16
TNFa,CD82,4.528175141485283,1.9749335070172677e-16
TNFa,OLR1,7.468506918717641,2.407542380299822e-16
TNFa,SUSD6,5.821502568978032,3.4023412596364226e-16
TNFa,SLC12A7,4.070959934631521,4.0473729185537145e-16
TNFa,ARNTL2,3.7613776672296053,4.1616155925532113e-16
TNFa,CREB3,2.5915158985181663,4.2633259925683484e-16
TNFa,CD47,2.5822052294669984,4.334419730118152e-16
TNFa,EGOT,2.66779069898833,5.242426326444417e-16
TNFa,TNFAIP8,4.917574118993493,5.866813694643682e-16
TNFa,BPGM,5.51921007067165,8.218081999487096e-16
TNFa,BMP4,-3.6504498229495996,8.677087990786872e-16
TNFa,MAP3K8,6.426044907044366,1.3147351676195576e-15
TNFa,TNF,15.324429111878182,1.4372074228096234e-15
TNFa,EHD1,4.977786676735113,1.4664745176154509e-15
TNFa,HLA-F,3.46937467071125,1.7374621758609029e-15
TNFa,VNN1,3.402126752833731,1.7385409477395621e-15
TNFa,CANT1,2.7068129367723355,2.0710226383943014e-15
TNFa,GBP3,7.670287779604087,2.113189002405808e-15
TNFa,IRGQ,1.620494736802102,2.2032313388829543e-15
TNFa,IL1R2,5.656565047226499,3.568402480555549e-15
TNFa,TNC,3.7841587162712806,3.775011176994436e-15
TNFa,ANKRD33B,4.408355625784935,4.332712625501904e-15
TNFa,MSC,5.131530378640268,5.631573219380752e-15
TNFa,IL13RA2,5.092203787618951,7.216336009308535e-15
TNFa,PANX1,3.603164997111862,9.02079034174984e-15
TNFa,KYNU,5.497977922303134,9.664961705294922e-15
TNFa,ISL1,-2.4666928041866942,9.774888494998135e-15
TNFa,TPST1,3.2945480470951845,1.0755039707208226e-14
TNFa,GCH1,11.298518379625527,1.2595017071419114e-14
TNFa,JUNB,6.830987388215441,1.928513277029871e-14
TNFa,TAP1,7.704633215126291,2.5541521070975436e-14
TNFa,PARP12,5.812032103975857,4.3201059743205883e-14
TNFa,DAXX,1.9395490158764035,4.8123042365075344e-14
TNFa,PLA2G4C,2.348119717014578,6.79276719151343e-14
TNFa,GATA6,2.8561204188743097,7.602560874022927e-14
TNFa,STAP2,2.936941942181608,7.886295167960629e-14
TNFa,S100A7,4.554520959978978,9.589264113793934e-14
TNFa,TNFRSF9,5.171972393595274,9.726622713082818e-14
TNFa,IRS1,-3.3776427052542712,9.954941816295426e-14
TNFa,LIF,8.158560217342957,1.0085287764244547e-13
TNFa,POLG2,-2.2878860949813866,1.3262365368378268e-13
TNFa,ICOSLG,2.249046282948133,1.3548172908768554e-13
TNFa,SERPINB4,4.329179607036643,1.4035381708530314e-13
TNFa,SDPR,-3.0113625490582345,1.5099979130653563e-13
TNFa,N4BP1,2.603218630945215,1.7280184297837323e-13
TNFa,TNFSF15,4.944864262141246,2.6024144860079223e-13
TNFa,CSF1,3.52387276316725,2.849431004839041e-13
TNFa,PSMB9,7.507776854182992,2.8872062404208917e-13
TNFa,EFNB1,1.6306007155291196,3.390961700673644e-13
TNFa,SELE,4.003886174109576,4.590700532887172e-13
TNFa,SLC25A37,2.579920274061684,5.135707563716543e-13
TNFa,FGF5,3.0647145297005913,5.618705133100778e-13
TNFa,SLC8B1,1.565576548296709,5.680102058893531e-13
TNFa,CHST2,2.9954230340359156,7.592586067439696e-13
TNFa,SGK223,-4.854419388691603,7.945077402884746e-13
TNFa,SLC28A3,1.8851454216243642,8.122663300301258e-13
TNFa,NIPAL4,3.0494078451084676,8.41774876868781e-13
TNFa,BTN2A2,1.7515539369929367,8.457437974232199e-13
TNFa,AMPD3,5.1539559478264545,8.938100357044763e-13
TNFa,RARRES1,6.661294231840383,9.288166643923305e-13
TNFa,TMEM51,3.2770388233296215,1.0278163738134456e-12
TNFa,PDGFB,2.619368305629065,1.0850334060378668e-12
TNFa,NOCT,3.927156542719797,1.1124513457821432e-12
TNFa,LAYN,1.67073834356564,1.1153807695018039e-12
TNFa,CD70,2.763255863750365,1.1443703130962715e-12
TNFa,SELENOM,5.873435419301754,1.7571120675031657e-12
TNFa,C10orf55,1.9017797933990233,1.8191520969428107e-12
TNFa,TRAF3,2.592930999104038,2.1185047391850883e-12
TNFa,KMO,3.3959883487469087,2.156843499741912e-12
TNFa,RCAN1,3.251982546116482,2.192092517923709e-12
TNFa,B2M,2.6210448733792964,2.4551284305071546e-12
TNFa,SYNGR3,3.5491304649225013,2.5364147650468083e-12
TNFa,SLC31A2,3.7748441047986834,2.7071875578324182e-12
TNFa,IL17C,1.5273852011086142,2.8389560942684704e-12
TNFa,CCDC8,-1.3362097822658308,3.211380340031447e-12
TNFa,DUSP16,2.544382557923053,3.371143387441288e-12
TNFa,TNFRSF11B,6.554131926172313,3.4447783021763546e-12
TNFa,SLC7A2,2.9297899525946494,3.5724194853898044e-12
TNFa,ERAP1,1.9613660811918132,3.600737419461474e-12
TNFa,CEBPD,4.643012216462019,3.753906237630546e-12
TNFa,TP53BP2,2.434444454990793,4.032083295261213e-12
TNFa,THAP11,-2.0438052782798755,4.7624056072712165e-12
TNFa,IL6ST,2.4810189835032395,4.77090381705294e-12
TNFa,S100A3,3.679253470645101,5.019887800733386e-12
TNFa,ELOVL7,7.2291759604799815,5.13041808889301e-12
TNFa,MMP3,4.223725481260201,5.342876326958888e-12
TNFa,THAP10,-2.8281304480789715,5.8654149871399145e-12
TNFa,C15orf48,20.27461330646024,7.0928135148787985e-12
TNFa,TMEM52B,2.3656332938276043,9.579751886446931e-12
TNFa,PSORS1C3,1.5306028583724647,9.723047285068717e-12
TNFa,RNF207,0.8998217390145006,9.892718852019004e-12
TNFa,IL1B,16.596315370562948,1.0017013838213369e-11
TNFa,TMEM132A,1.3337786695694602,1.0404182988090588e-11
TNFa,IL7R,7.096786197146111,1.0485261064480884e-11
TNFa,DAPP1,2.465508648651595,1.1610132318721734e-11
TNFa,TNFAIP6,16.23493994878686,1.162993343754089e-11
TNFa,LRRC49,2.4192941769224556,1.3798072858158661e-11
TNFa,CHMP4B,1.9630266768369407,1.6246904275959968e-11
TNFa,PRICKLE1,-2.8855540053680233,1.6537352168151538e-11
TNFa,BTN2A1,1.44508149513677,2.1344227037993334e-11
TNFa,IRF2,3.530804707764776,2.1352809667098322e-11
TNFa,LOC100996740,5.489089936734131,2.137382898082813e-11
TNFa,CNTNAP1,2.926770053582545,2.2014412556422592e-11
TNFa,PRDM1,3.776104115157893,2.2399063553450906e-11
TNFa,HLA-G,2.983394387058525,2.3388434577290555e-11
TNFa,IRAK3,1.6561971927523915,2.379395539894771e-11
TNFa,IL1A,5.712915630895652,2.4867612218034342e-11
TNFa,MYO10,2.889031694101293,2.8715393938448882e-11
TNFa,RFX5,2.616857916929196,2.943692964090189e-11
TNFa,MARC1,-3.2107832753360364,3.107811067357409e-11
TNFa,PNMAL1,-2.3564646463159638,3.704068841551879e-11
TNFa,DLEU1,-3.235455121231923,4.16357226485278e-11
TNFa,FAM8A1,-2.790232864872926,4.275149485963305e-11
TNFa,C3orf52,2.495054260316274,4.86183413132623e-11
TNFa,ZHX3,-1.2266488128239923,5.132741676619061e-11
TNFa,S100A12,3.152515867031197,5.2479750670451956e-11
TNFa,FAM65A,1.438545662248136,5.752259211095233e-11
TNFa,KLF9,2.151083628861347,5.824010542232042e-11
TNFa,PIK3CD,1.8337542982136317,6.512240349827102e-11
TNFa,PPARD,1.6704630052579508,7.031429232375946e-11
TNFa,PTGFR,2.224933679500279,7.338712107242247e-11
TNFa,HLA-J,2.993728613596594,7.700488354534893e-11
TNFa,OPTN,4.165443565241463,8.01403910794387e-11
TNFa,C1orf106,4.0748211736174635,1.1408954342088422e-10
TNFa,NEDD9,3.619108529244364,1.155562885087567e-10
TNFa,GPR68,1.7405568155402158,1.224782270714268e-10
TNFa,CLIC4,3.418256439435209,1.2446914852944128e-10
TNFa,NFKBIZ,11.351554219659064,1.3062774648953872e-10
TNFa,COL27A1,1.7615977578426592,1.3378179899283123e-10
TNFa,SDCBP,2.7508461837200477,1.347192573153927e-10
TNFa,NOD2,2.2652389700047877,1.379951769317805e-10
TNFa,MAST4,2.134895831193521,1.6301472450471868e-10
TNFa,PLA2G12A,-2.1486255541099184,1.7114052329392388e-10
TNFa,MREG,3.0305275577163164,1.7499106919718316e-10
TNFa,FUT2,1.3525160613799196,1.9042571517165473e-10
TNFa,PSME1,3.8035800093358483,1.929396395968011e-10
TNFa,BDKRB2,2.2624625798880857,1.9614938899642122e-10
TNFa,MYOCD,3.2116053601568133,2.082400301981015e-10
TNFa,PDCD5,2.231730162651231,2.0973686641008162e-10
TNFa,ZNF697,2.632405362760627,2.1985617057117165e-10
TNFa,HMGN2P46,4.386429691449538,2.2247403189994827e-10
TNFa,GORAB,2.8202350602226334,2.422405211029955e-10
TNFa,STYK1,1.9253304492135461,2.5541652353067987e-10
TNFa,LHFP,2.225544615387379,2.555655529706898e-10
TNFa,PPP1R15A,5.684991297843594,2.600859470648926e-10
TNFa,RHBDF2,2.811587120576777,2.7091089956893227e-10
TNFa,RBMS1,2.3137498346350007,2.800133239204047e-10
TNFa,QPCT,3.6721233483629385,2.8179170555133745e-10
TNFa,C15orf52,2.981298379329737,2.892999494368847e-10
TNFa,RELA,1.582010832785517,3.1239436980816846e-10
TNFa,CCDC51,-2.3055729304093924,3.647493178523423e-10
TNFa,TRAF2,1.3741301728484105,3.7442765119801917e-10
TNFa,ZXDA,2.086131256003486,3.7860433097420625e-10
TNFa,IL18R1,2.9147786470390904,3.958314115955114e-10
TNFa,LOC101928554,1.5535965750533929,4.5949340188035413e-10
TNFa,RNF19B,5.245848302419223,4.6496222569873373e-10
TNFa,SNAPC4,1.2227089111964702,4.798703306679101e-10
TNFa,PALMD,-2.3600271198429046,5.063970731371848e-10
TNFa,MTERF2,-2.4237888732712536,5.318458275976965e-10
TNFa,RRAD,2.9331564385808875,5.390062567977327e-10
TNFa,SERPINB8,2.4891071974959886,5.607452505310258e-10
TNFa,RHOBTB2,-1.5516798435557002,6.065036696848048e-10
TNFa,PLAUR,4.867809588936851,6.4702365715773e-10
TNFa,CCL5,12.217601033376624,6.624994920464723e-10
TNFa,B3GNT5,2.70353395558892,6.865989996627156e-10
TNFa,SIX5,1.021655464786359,6.893737907357027e-10
TNFa,FADS3,3.254821666359935,6.966698602770054e-10
TNFa,NFE2L3,3.4548450132561173,7.0887619989304e-10
TNFa,PGLYRP4,1.3083164223877757,7.098981494612461e-10
TNFa,FKBP2,1.6011426678383807,7.721219336611462e-10
TNFa,CTSC,3.2044044641116414,8.131319500873893e-10
TNFa,SLC9A8,1.8566055891654287,8.17530067489219e-10
TNFa,LAMB3,4.669909657153206,9.936909616354662e-10
TNFa,ITM2A,-2.2246385615861293,1.0317078217173258e-09
TNFa,PPL,-3.9168715811136536,1.046700440732958e-09
TNFa,STX11,3.357351068247013,1.1373864058311409e-09
TNFa,PAK6,-1.9463297044884909,1.1749412374638887e-09
TNFa,HINT3,2.67719702873024,1.1873689323217355e-09
TNFa,LUC7L3,-1.4871219127586661,1.2568999321772361e-09
TNFa,CDKN2B,2.561812379264564,1.2885251786635271e-09
TNFa,HIVEP1,2.7785044832681063,1.3023772637735097e-09
TNFa,FILIP1L,3.0699871571571276,1.4273526898451657e-09
TNFa,LGALSL,2.7226522336731076,1.4865163568732979e-09
TNFa,RND3,4.735829508254395,1.5193207678953378e-09
TNFa,C2CD4A,3.4416136778077995,1.580417625360558e-09
TNFa,WNT5A,3.400611185208161,1.6335785143253002e-09
TNFa,TP53AIP1,-1.2343693528776742,1.6899862800975317e-09
TNFa,TAGLN2,3.1886740119900043,1.7575151640121381e-09
TNFa,ADAMTSL4,-1.5403633501594265,1.8047039888936798e-09
TNFa,PTAFR,2.3802503353337263,1.8498807929029139e-09
TNFa,GBP2,6.582261379962921,1.8551067447441068e-09
TNFa,ITGAV,3.2258263955088538,1.9630457968584756e-09
TNFa,MSC-AS1,3.1628095473478415,1.971197138617815e-09
TNFa,TNFRSF10B,2.4980578898917045,1.9790742751271033e-09
TNFa,CX3CL1,3.216463222313336,2.125947100712727e-09
TNFa,PIM3,4.995166025120505,2.359507185048126e-09
TNFa,STARD5,2.7815925806179216,2.5792041837692916e-09
TNFa,AVPI1,-2.9783805907336554,2.640780924224037e-09
TNFa,LACTB,2.9236356547782494,2.6786150582720382e-09
TNFa,CEBPA,-3.048877393159319,2.7795851027487237e-09
TNFa,WWC1,1.7674745772468512,2.7847876299923708e-09
TNFa,CLIP2,2.6720283505044105,2.8165325488004446e-09
TNFa,PI3,3.3637732230396966,2.867501163728496e-09
TNFa,REL,3.3774085689826445,3.0254465744373e-09
TNFa,TEX2,-2.3294197184163856,3.3360800277632935e-09
TNFa,HLA-B,5.545536732000658,3.4620532667277293e-09
TNFa,HBEGF,3.961395692345802,3.725523565280518e-09
TNFa,CXCL11,11.93604397913312,3.777166003411246e-09
TNFa,TCEB3-AS1,-1.5690810610450387,3.831415101689716e-09
TNFa,JADE1,-2.561320615620448,3.909880682460733e-09
TNFa,NCOA7,2.453349384801689,3.982935317306901e-09
TNFa,ZC3H12C,3.0869021074823424,4.090759944274441e-09
TNFa,SLCO3A1,2.400038874294586,4.36955112617756e-09
TNFa,DUBR,2.4035735570174537,4.500413903021098e-09
TNFa,MAFF,6.740354008955728,4.551946541237374e-09
TNFa,MEOX1,1.8074853100845463,4.864400589768401e-09
TNFa,CAPNS2,-1.5878821128299017,4.879231272983476e-09
TNFa,RAB24,2.4419380216506137,5.065053102349949e-09
TNFa,KLF6,3.7820330303705725,5.079921867114593e-09
TNFa,POU5F1B,0.9921149412873067,5.3473023646945495e-09
TNFa,NRCAM,2.1083292348642786,5.394832893061264e-09
TNFa,SBNO2,1.5778188014897814,5.481512946774364e-09
TNFa,CDKN2C,-3.2315708677386286,6.859667142811241e-09
TNFa,FAT2,-1.86397214757338,7.275041989255466e-09
TNFa,PPP2R5A,-1.2572016704799849,7.320851020321736e-09
TNFa,IFIH1,4.550369659919837,7.470467991928177e-09
TNFa,ZBTB46,1.038396715322753,7.566231267097674e-09
TNFa,HRH1,2.319164330877265,8.065082254605133e-09
TNFa,PANK1,-3.5942919558264075,8.388086018316966e-09
TNFa,ROBO1,4.102254012603061,8.724514057942478e-09
TNFa,TAPBPL,2.578712630925326,8.779050553340783e-09
TNFa,SIX6,0.7965253341168734,9.009812935933962e-09
TNFa,PMAIP1,7.3756538285101305,9.582218545327618e-09
TNFa,PPP1R18,2.803376009636389,9.752483924228948e-09
TNFa,CTNNBIP1,-1.676078016200438,9.956039801067089e-09
TNFa,ANO9,2.349018685722096,1.0501811330163553e-08
TNFa,EMP3,4.072819574382678,1.0649738948335555e-08
TNFa,RAB32,2.077290428515399,1.0665991063296401e-08
TNFa,MICB,3.2399512697626,1.0853589467118274e-08
TNFa,VPS37C,0.9790301143762516,1.1412261816193533e-08
TNFa,GBP1,6.620735321524137,1.1434827353628404e-08
TNFa,AFG3L2,-1.0729735578502044,1.2528515943249056e-08
TNFa,SLC27A3,-2.293666023777012,1.3171523502256058e-08
TNFa,FBXO17,-1.6635903037813102,1.3537573404640495e-08
TNFa,ASS1,5.9897149371092,1.3831770874584412e-08
TNFa,L3MBTL3,-2.1257899990914697,1.4103349329387056e-08
TNFa,MT1M,4.091127825301688,1.4157904295843192e-08
TNFa,EVA1B,0.9797566244701681,1.7105906223384006e-08
TNFa,SERPINB2,8.394441707360194,1.7183219603278927e-08
TNFa,PTCD3,-1.4471200579906076,1.7429210655196182e-08
TNFa,DBT,-1.4091291182233283,1.7952596837756413e-08
TNFa,B4GAT1,-1.4595033779900195,1.7977161609198074e-08
TNFa,VEGFC,3.863499572634958,1.8225288462766096e-08
TNFa,STEAP4,3.1704541445717314,2.0867939183128446e-08
TNFa,PEX19,-1.3085009298644237,2.123708984583148e-08
TNFa,MESDC1,2.370591599731324,2.1411046030659615e-08
TNFa,IFNAR1,1.4762511898858246,2.3240496124832057e-08
TNFa,POU5F1P3,0.8985170887215999,2.3630408925293827e-08
TNFa,SLC39A14,2.0978764397994194,2.5072851190102524e-08
TNFa,ALDH3A2,-2.166915707270611,2.5919794894825286e-08
TNFa,ASIC1,-1.3239428709678562,2.6533932457086973e-08
TNFa,GNA15,1.8537293098760677,2.751019298804133e-08
TNFa,NFATC3,-1.2746312908931403,2.871349824361342e-08
TNFa,HLA-C,3.989026861348427,2.9659570141754138e-08
TNFa,GNAI1,-2.118948155439242,3.09809470750563e-08
TNFa,NUP153,1.6185296540163456,3.160217385612237e-08
TNFa,DIS3L,-2.5825299881392443,3.2693081586196334e-08
TNFa,LOC152225,1.8938935522329752,3.534394462579811e-08
TNFa,GSTA4,-2.523037107738528,3.741327980606154e-08
TNFa,DNER,4.5212021234127455,3.786187361263391e-08
TNFa,MAPKAPK5-AS1,-1.4706470306527786,3.870735499751407e-08
TNFa,RAB3IP,1.2194023083848813,3.901301082988387e-08
TNFa,ADPRH,1.180403313488769,4.053682218010482e-08
TNFa,PECR,-1.4296830186119633,4.0798864721708656e-08
TNFa,INTS8,-1.606423624723062,4.1014799053386646e-08
TNFa,SCP2,-2.197530081338548,4.1142973452356954e-08
TNFa,SOX12,-1.3849057921752828,4.133510270655252e-08
TNFa,HCAR3,8.048823849992313,4.194721061867789e-08
TNFa,PDCD1LG2,2.675051018345539,4.306398950694975e-08
TNFa,TFPI2,7.955422362112356,4.462674498760897e-08
TNFa,CDYL,1.3683588139176113,4.5851857895432936e-08
TNFa,FGD6,1.6811856309682083,4.739757555448797e-08
TNFa,ZBTB18,-1.7746501287449863,4.846760150189621e-08
TNFa,TSLP,3.2329080389345144,4.885977957244403e-08
TNFa,PGM3,1.9053446606889737,4.8903097187069303e-08
TNFa,NFIA,-1.6784545749735735,4.9151047429656436e-08
TNFa,ABHD10,-2.1813072335478356,4.9586624979133306e-08
TNFa,PDZK1IP1,3.5110649687484567,5.0290761349232475e-08
TNFa,ARHGEF26,-1.7799351821491372,5.2616921639536985e-08
TNFa,UPK1B,-1.2068038061243467,5.292089618805134e-08
TNFa,NDUFB5,-1.568212958527145,5.4254818354296875e-08
TNFa,HCP5,2.2201860564576994,5.445664963067755e-08
TNFa,SGPP2,5.231949148330422,5.6837749669914585e-08
TNFa,CCDC24,1.2278717924744251,6.091568875083679e-08
TNFa,BAG4,-1.5278281450760833,6.131368368279887e-08
TNFa,CDV3,1.9093816942030164,6.405655619445659e-08
TNFa,ORMDL1,-1.5218083842060124,6.635708249956476e-08
TNFa,S100A9,3.056892122853977,6.731354634076925e-08
TNFa,TNIP3,5.0851047271814505,6.742303293934052e-08
TNFa,KDM6B,3.101823556575538,6.852758191484036e-08
TNFa,MSANTD3,2.652394876633905,6.921145427674401e-08
TNFa,FMNL3,2.6428662356589174,7.069135943052511e-08
TNFa,HADH,-1.9832372908449845,7.079812749948546e-08
TNFa,FOXQ1,-4.008119681124078,7.21484856178264e-08
TNFa,ALOX5AP,2.851473517882453,7.279275494016361e-08
TNFa,TOMM20,-1.5922169850387162,7.318496738663198e-08
TNFa,ZNF589,-1.1046696588771994,7.50563190728876e-08
TNFa,MYO1B,1.811624334093555,7.546674210440426e-08
TNFa,PITPNA-AS1,-2.0315767586590736,7.607618845911366e-08
TNFa,DNAJB9,2.6063508277538903,7.923888881558165e-08
TNFa,PML,1.9477399109054438,8.09040509567158e-08
TNFa,MARK1,1.120111614271356,8.379890388396566e-08
TNFa,FAN1,-0.8867694442455226,8.435905346245675e-08
TNFa,DUSP3,1.7774978079124657,8.494157388679067e-08
TNFa,ILK,1.8494045918816517,8.512492457146836e-08
TNFa,SSX2IP,-1.8078230768707675,8.573753785702924e-08
TNFa,ZHX1,-2.25441841830095,8.763520275102488e-08
TNFa,ELF3,3.368693424149961,8.789239583294231e-08
TNFa,LAMC2,3.580706933434185,8.962390200821366e-08
TNFa,PTPN4,-1.2756422820502291,9.04265709146718e-08
TNFa,HIVEP2,2.668953400255011,9.145147208953823e-08
TNFa,ABCA5,2.086588879904078,9.209351706752229e-08
TNFa,TXNDC16,-2.6366788367855323,9.32587829836876e-08
TNFa,PPP3CC,0.9669434084524262,9.420167253382212e-08
TNFa,ZNF267,2.7901840569578233,9.707388524477479e-08
TNFa,PLEKHF1,1.8748301535013188,1.0047648737888428e-07
TNFa,KIAA1958,-1.5351297136616984,1.049377791052888e-07
TNFa,CXCL10,20.467661989955083,1.0708248168723938e-07
TNFa,IL20,1.7226360325000547,1.0776332768655506e-07
TNFa,IL15RA,3.928866761778413,1.0846577973542007e-07
TNFa,PDP2,-2.3844225487941517,1.0902913390132778e-07
TNFa,SPIDR,1.1409811041388898,1.1414657819778654e-07
TNFa,GPD1L,-3.4389913116134316,1.1507150412263977e-07
TNFa,HDGF,1.952922765626276,1.1734387313968035e-07
TNFa,ZNF398,-1.6106732947799387,1.2430729885525075e-07
TNFa,FBXO9,-1.2286657601327065,1.2889052262739204e-07
TNFa,ABR,1.6886548889651527,1.2973703404749566e-07
TNFa,G0S2,7.513483861578902,1.3474792621457352e-07
TNFa,PSMB10,3.9691910139036524,1.349912339130089e-07
TNFa,ITSN2,1.0217947596425363,1.3576222868065725e-07
TNFa,TRAF4,1.6206832352079776,1.373410807637382e-07
TNFa,TTC28,-1.2793358295529327,1.3848734499623374e-07
TNFa,NDUFC1,-1.1491198521667307,1.385036169978446e-07
TNFa,PIK3C2B,-2.488793215462485,1.4246348674952205e-07
TNFa,APLF,1.2164601590982904,1.4448047861097476e-07
TNFa,CIDEA,-1.2585788593283338,1.4630035250601397e-07
TNFa,CSTB,1.6712550025649602,1.6756429174678083e-07
TNFa,SELENOK,1.7458334066879575,1.815560072749255e-07
TNFa,LBP,3.907104704964078,1.8582335293354901e-07
TNFa,CXCL16,3.1504366718960592,1.8633773244981655e-07
TNFa,LINC01465,1.8143856082127614,1.8952948937056104e-07
TNFa,RWDD3,-1.5771962056313074,1.963591994920954e-07
TNFa,FLT3LG,1.5237526061759172,1.9914439764604369e-07
TNFa,CDC42EP2,1.9933723324195982,2.0135616929369684e-07
TNFa,PGLYRP2,0.9603663189109795,2.0640943599657883e-07
TNFa,UBR5,-1.6253918442505912,2.0696391971576642e-07
TNFa,GRAMD3,2.6005697876939817,2.2066600529411013e-07
TNFa,DDX58,5.512453750901379,2.2099035225671234e-07
TNFa,ADH7,-1.0408989020377302,2.2670710300014555e-07
TNFa,PLEKHH1,-2.00632241874634,2.2692955981166082e-07
TNFa,BTBD3,-2.030000073730021,2.4937399783819306e-07
TNFa,SLC11A2,1.7833629258621133,2.548065173742484e-07
TNFa,PCDH12,0.7657441793365037,2.6567299744429503e-07
TNFa,MTSS1,1.3628802063245595,2.675837014126791e-07
TNFa,ETV6,1.7360994197335837,2.7023879580275513e-07
TNFa,FEZ1,1.9010617448342608,2.803514108363776e-07
TNFa,SDCBPP2,1.8667015074811015,2.834895803017459e-07
TNFa,CYTH1,1.2981157346098842,2.854797214571039e-07
TNFa,ERN1,2.0165486310034053,2.879846095920215e-07
TNFa,KLHL5,1.6639695349503978,3.003540580327786e-07
TNFa,XPA,-1.609250392701629,3.0341622126922085e-07
TNFa,ANKMY2,-1.9795457164110295,3.0901115613221776e-07
TNFa,ROBO4,1.5420218129638161,3.1313168211736844e-07
TNFa,THYN1,-1.9643002138322068,3.132117953747941e-07
TNFa,GSTO1,2.1706370240706874,3.198158809780089e-07
TNFa,POMGNT2,-1.492932615445618,3.213281435876886e-07
TNFa,LOC100126784,0.9308906540676024,3.4590299549472384e-07
TNFa,ERAP2,2.078774664265684,3.4677360836272305e-07
TNFa,PIEZO1,1.1103502590421528,3.4899430864458674e-07
TNFa,FGF9,-1.561606730048166,3.5443676823730683e-07
TNFa,CD34,0.8044714064423981,3.55844494177735e-07
TNFa,NUDT6,-1.7942428676273523,3.657659040931652e-07
TNFa,RNF8,-0.7113653411330364,3.661858922788358e-07
TNFa,LGALS16,-7.172131066631237,3.6762789828059646e-07
TNFa,HLTF,-2.4157928490730542,3.723786675905072e-07
TNFa,NUAK2,10.307013129934136,3.734173957028937e-07
TNFa,ENTPD7,1.9408838800214196,3.8037650114144686e-07
TNFa,CCDC102A,1.4418558851539915,3.8438561916616945e-07
TNFa,TRIM16,4.093933358368235,3.90978566525399e-07
TNFa,FAM84A,-1.2510170559365537,3.944586587237681e-07
TNFa,TAF13,2.138974688601394,3.9839878939614944e-07
TNFa,LYN,2.7382377110552465,4.132747837312154e-07
TNFa,IL4I1,3.942924169175856,4.158230739513354e-07
Trail,FRMPD1,-2.2346142429872535,9.378504783965282e-07
Trail,WT1-AS,2.225105360384251,2.0316748081384e-06
Trail,LOC100291323,-3.2310897997953747,3.451329439111175e-05
Trail,WNT8A,-1.8469616099390898,3.7954690629227326e-05
Trail,GPR18,3.2408048258403106,6.109071645036811e-05
Trail,TEC,2.0513216388446684,6.328979971400229e-05
Trail,TAS2R5,-2.176068075314979,6.829751749988986e-05
Trail,LINC00163,1.8582316675045778,7.234734153234905e-05
Trail,LINC01226,2.0080946381392626,0.000194831633636151
Trail,LOC102724587,-3.492188951784076,0.0002126119551227065
Trail,LOC105378419,1.7777723693764989,0.00041967908808661976
Trail,NPY,1.6067262732076601,0.0005765554356184731
Trail,KLHL14,-1.762760000960198,0.0006491074052886171
Trail,LOC101928580,1.4634596858724556,0.0010947106972638051
Trail,RAG2,1.5714490591915007,0.0011928583061130503
Trail,SMG1P5,-4.048783120528791,0.0014405443638128654
Trail,SCNN1D,-1.4200458064659192,0.0014467607472590357
Trail,ZIM3,1.498060659268145,0.0015472532575338228
Trail,C17orf99,2.213003215232074,0.0015868576779332802
Trail,RHEBL1,4.128711528789865,0.0017382146608098897
Trail,GNL3L,-2.059139733833549,0.0022368497144409716
Trail,GRID1-AS1,1.6301762501321049,0.002245888670875746
Trail,TLDC2,1.7471644560687452,0.0024034906986293934
Trail,CCDC155,1.6994590812716333,0.00253635099647631
Trail,TMEM259,-1.4901164662989912,0.002845263296606496
Trail,CALML6,1.6775881055019897,0.002910776189360121
Trail,LOC105375483,1.4762155295448467,0.002941504228099285
Trail,C10orf128,2.0389521808061852,0.0035648873803160197
Trail,CST7,2.084534800857333,0.0037202774106711856
Trail,DMRTC2,-1.4874649932723798,0.003984940916532059
Trail,NPW,-2.20001978697375,0.004088403010918711
Trail,LOC101926892,-1.3807377642579235,0.004422509091779327
Trail,ADAM6,1.3564413579436292,0.0044947378530437445
Trail,ADAMTS17,-1.5773492573585985,0.004641096271223155
Trail,BMS1P5,-2.104570971169573,0.004699096373517816
Trail,LINC01013,1.6419750937114803,0.004751644557444151
Trail,MS4A1,1.479370071782234,0.004831233622977691
Trail,FLCN,1.5934394482371779,0.0050462494699892784
Trail,AGAP6,-1.8548930173359528,0.0057298719332313335
Trail,LOC100131655,1.6698046294383586,0.006189402007469831
Trail,C7orf77,-1.43061942551172,0.006276600381806059
Trail,HVCN1,2.1822532622856,0.006401744071073775
Trail,WFDC10A,1.5981959590783616,0.0064637332773264475
Trail,LIM2,1.123151435766687,0.0065789952754070884
Trail,LOC441454,-1.463201758194976,0.007589838299070081
Trail,LOC285043,1.2535346110856718,0.007733720359034952
Trail,TESPA1,0.9666588741374413,0.007923584978154711
Trail,LOC101928271,1.2034407156719331,0.008134668361963242
Trail,CD1A,1.6916094831884643,0.008192554272824788
Trail,ZNRF4,1.0338854192621099,0.008361285394919609
Trail,WDR97,-1.3506488351485857,0.008566875410692624
Trail,HTR1F,-1.436708264256362,0.008699799944531472
Trail,TRIM72,1.5866385550003113,0.0089445396135316
Trail,LOC100190986,-4.081676886869297,0.009076712720688144
Trail,PDAP1,-1.3704966032123196,0.00910543784367737
Trail,RAB37,2.947927917738633,0.009352864851627628
Trail,PP13439,-1.7483585330522968,0.009358838432266633
Trail,GVQW2,-1.632533040853792,0.009377780597971942
Trail,LOC101929609,-1.7198281767259322,0.009468473178881043
Trail,LSM12,-1.9787703156243888,0.009807164944370866
Trail,ERICH3-AS1,1.2441759656070432,0.009945858923522403
Trail,DNAJB8,-1.3663966648633838,0.010063223498107864
Trail,BHMT,1.2766723826364819,0.010441817282718136
Trail,BRS3,0.8574735612780043,0.010461765148358728
Trail,KRT35,1.0822472706489599,0.011533491195720589
Trail,IGLL3P,1.206779713256935,0.011597576611503258
Trail,KCNA5,1.4800500658955051,0.011755836007611592
Trail,ATP5E,1.4563903905956763,0.011973348912021809
Trail,KCNAB3,-0.9517336695348741,0.012021930267368025
Trail,TLR10,-1.518578263933709,0.012468905157204663
Trail,LINC00642,0.926329558833891,0.012668114700963042
Trail,MYOC,1.001947096180015,0.012836860185667072
Trail,RRP12,-1.140568662757773,0.01308391494398418
Trail,SPINK2,1.3331660939551442,0.013281185337663941
Trail,LOC101928446,1.3653484566665701,0.013367971022365375
Trail,RNF175,2.80090306130311,0.01346759776487053
Trail,TMEM74,1.23206479186322,0.013701262584133973
Trail,CBFA2T3,2.0847503708249637,0.014124315467601333
Trail,LOC101927641,1.2862473937908077,0.014281513624644783
Trail,OR5K1,-1.2612460538902648,0.014476205275845542
Trail,UAP1L1,2.7973723557199803,0.014503497247309389
Trail,LOC253573,-1.1973932001842047,0.014581637457748734
Trail,LOC101927363,-1.6054335475800083,0.01472732000074008
Trail,CXorf56,-1.3793938976580724,0.014966450419512183
Trail,HAR1A,1.5633471710250062,0.01509429817953458
Trail,TAS2R9,1.11704778475682,0.015196227093793584
Trail,GLIPR1L1,1.1622241729387786,0.01522933275890546
Trail,NFAM1,1.1389091200150856,0.015449500781486046
Trail,LOC146513,-1.3462942114141054,0.015614808029990235
Trail,LOC285097,-1.556010725381353,0.015820717367562555
Trail,LINC01095,1.2526847448027125,0.015869671296997262
Trail,BACH2,1.939233902245995,0.01615289337177476
Trail,NDST3,0.9665637982501121,0.016206892050563703
Trail,VHL,-1.1923081070046433,0.01656486415043126
Trail,SLC7A9,1.2157107689110207,0.016851286260355
Trail,IFNLR1,1.714247303156265,0.017488046357227525
Trail,RGSL1,0.8317474214346863,0.017513901432764736
Trail,DDX19A,-1.456258613225155,0.0175244501209552
Trail,ZNF32-AS3,0.8958934871950228,0.01770776978921197
Trail,CTD-2297D10.2,-1.2688720152384787,0.01800752789454342
Trail,GH1,0.7103620260458975,0.01806563882220845
Trail,DDX42,-1.398836095701123,0.018243226685936115
Trail,AGAP4,-2.574493363329712,0.01830670419452693
Trail,USP3-AS1,-1.8941243526805605,0.018322779782369823
Trail,LOC101927098,1.6466409154862498,0.01832607368275546
Trail,LOC101929413,1.0329710660657352,0.018549753894271468
Trail,OVOL3,0.8709491112709934,0.018795054345223095
Trail,LCA5L,1.259311043074329,0.018916110595229827
Trail,LOC401463,1.339328065258813,0.01945362365733492
Trail,LINC01225,1.1362198271797097,0.019549375150128275
Trail,NLRP9,1.2592040112566834,0.019606810443170124
Trail,LOC101929680,1.172289654077867,0.019992461213891973
Trail,MED18,-1.8389796442172466,0.02029633261760494
Trail,LOC102546299,-0.8753800101415314,0.02065022650683808
Trail,LOC101926944,-1.3672312661962693,0.02076317740262036
Trail,CD79A,0.9737686731645739,0.02079421429390467
Trail,MCCC2,-1.5768266135876654,0.02084406327576115
Trail,AFMID,-2.3130551431257875,0.02126710604157924
Trail,CCDC151,1.339219565318123,0.02145567084509475
Trail,LOC100132319,-1.2579896968330329,0.0216899665279576
Trail,XAB2,1.3952715996439196,0.021712050362959808
Trail,OR1D2,1.0070387474722884,0.022048017890943197
Trail,ASZ1,1.1785345167064927,0.022327385559881764
Trail,RBBP5,-1.6934393976864148,0.022440659057188804
Trail,MED12L,1.3554099904795696,0.02285406634947888
Trail,PRO2958,0.894349629939776,0.023178569356142605
Trail,QPCTL,-1.0947281396271689,0.023433612271660836
Trail,D21S2090E,1.120850208530806,0.023459057312634587
Trail,LOC101929631,1.1621035302116318,0.02353499516768786
Trail,HTR3C,1.0882583303983988,0.023940400541581135
Trail,DKFZP434L187,-0.9550324630019494,0.024006244035087762
Trail,MGC24103,2.2436756415547428,0.024194524135188886
Trail,RFPL3,1.0796540441100462,0.024313098206395493
Trail,TTTY5,1.1547963286968361,0.0244874854278349
Trail,MS4A5,0.9477577680782963,0.024683787107393756
Trail,THCAT158,1.0588909528789991,0.02536583726884291
Trail,LINC00240,-1.6258680621430022,0.025529710879262698
Trail,LOC100130642,-1.2035877610916579,0.025789204804540687
Trail,EPB42,0.9258457795433074,0.02582814522888056
Trail,LOC101929584,1.0606747096496298,0.026095982763435194
Trail,LOC101929715,1.034346891173453,0.02614459666024116
Trail,CLVS1,-1.2863268876552973,0.026289438982840967
Trail,TTC16,1.0100425178189505,0.026610608439092024
Trail,LINC01304,0.9082514967825301,0.026749297397078067
Trail,VIPR2,0.6960471915006315,0.02687100367324503
Trail,FMNL1,1.2568113488975738,0.027138397674791245
Trail,ZNF99,-0.9927691995409521,0.027213632065615778
Trail,TXNL1,-1.1387778548620822,0.027418367877325326
Trail,C1orf111,1.2152591977316571,0.027473121967130528
Trail,GRIK1-AS2,1.2903454971747683,0.028054821285933042
Trail,VPREB3,1.9346643133862607,0.02825976167457227
Trail,LOC101927410,1.0625255257688504,0.028378882944610207
Trail,PRO0471,-1.3126647251405728,0.028422894195360447
Trail,LINC00837,0.86351961506704,0.028867939367432188
Trail,FAAP24,-1.373246413704388,0.02896236209769026
Trail,ADAMTSL5,1.2043014133372125,0.02904633406190343
Trail,WDR11-AS1,0.9625870441311267,0.029265746169063085
Trail,NAP1L4,-0.9598660971932734,0.029374204025502594
Trail,CADM2-AS1,1.0689458945363144,0.02963668690148038
Trail,LILRA2,1.048734964207806,0.02981480461446258
Trail,MEG9,1.1749272625826874,0.03001594612212639
Trail,STARD13,2.096952977590259,0.030127652889041224
Trail,NPHP3-AS1,0.994229334729486,0.030169651406390153
Trail,HNRNPH1,-1.3486257801713168,0.030656229369809267
Trail,KLLN,1.4314603199857352,0.030694525009755076
Trail,LOC105375839,-1.3330680648222057,0.031203565237198097
Trail,LINC00514,1.0385991467928872,0.03143058276050003
Trail,GPX2,1.8338248105960615,0.031708331715864894
Trail,NPSA,1.112649173608887,0.03194438780188308
Trail,SELL,2.472171952554717,0.03199578792713043
Trail,LOC101928231,1.2701620754678418,0.03228121302725615
Trail,LINC01169,-1.2499142937375898,0.032479415077415884
Trail,PTPRT,1.005126755294577,0.032494290558680416
Trail,LINC00561,1.1271117509977422,0.0327925846089734
Trail,PLGLB2,-1.5640379686306232,0.032923899679042926
Trail,ASB12,1.4335695741881187,0.03294345831705147
Trail,U2AF1,-1.6795360268183683,0.03295564117994522
Trail,KIF12,1.1896419543531664,0.03331296668921515
Trail,IGHV5-78,0.867662066199601,0.03337585344291991
Trail,RPL34,1.2967358082718994,0.03367680229285094
Trail,ERVH48-1,1.1108857041343343,0.03387167644249621
Trail,SLC30A8,0.839191185998463,0.03388120281574951
Trail,GCSAM,1.5891704521889507,0.03394939062008301
Trail,TARSL2,-1.6381129328596755,0.033965719097845855
Trail,CRYGA,0.877588410904933,0.034072286828372586
Trail,LOC105374768,-0.9607001894415712,0.034352312023818075
Trail,LOC101928098,1.132188464985103,0.034439895743951836
Trail,SMIM3,3.711949652133036,0.03445803663351651
Trail,GATC,-1.3629669767272057,0.03456028380275538
Trail,GCSAML,-1.2740135320243677,0.03480378089189056
Trail,LINC01057,1.3098577703473853,0.03490428207990675
Trail,UCMA,1.1853146014807006,0.034934201061876224
Trail,GADL1,-1.1831632142943074,0.03497102886568183
Trail,LOC340085,-1.1765028883562931,0.035006344200964164
Trail,GUCY2C,0.9348532585559886,0.035041484138284354
Trail,LOC101927502,-1.0665403479234394,0.035046664898061616
Trail,CCDC105,1.2647456736288178,0.03512982165869681
Trail,AFG3L2,-1.1046452461451448,0.03521472776204167
Trail,DMBX1,1.2047469350015407,0.03545119451461397
Trail,BANK1,1.679127313363633,0.03549259603124669
Trail,RENBP,1.3101793376791102,0.035703016326777456
Trail,LOC101928386,-1.2086807022281523,0.035757672388166725
Trail,NDUFB1,1.3656521141878766,0.03579669201602883
Trail,PSG11,0.8739068388140764,0.03586245986711488
Trail,ATXN3L,0.9090481965666557,0.035921877318125406
Trail,COG2,-1.3105264740973113,0.03603840540205774
Trail,MSS51,-1.4935978452007466,0.03675487320110752
Trail,CANX,-1.4309612657359778,0.03677087583921864
Trail,C21orf62,0.7395603834926822,0.036803235104824895
Trail,ENHO,1.3324319883125624,0.03685059680574292
Trail,GNG7,0.8001448339237992,0.03690762055629276
Trail,KLK1,0.9973084625824593,0.03717736361617253
Trail,LINC00858,1.1631148221740928,0.037327865867864594
Trail,NTN3,-0.8672031441519938,0.03746069447966771
Trail,SLC38A1,-2.5271983211824556,0.0375097518953194
Trail,IFNA7,0.8304935240367614,0.0377769432875364
Trail,ANAPC5,-1.4773762137597404,0.03786277473408271
Trail,SFSWAP,-0.9898403742285083,0.03788834478938496
Trail,SYDE2,-2.0042492055939274,0.038097314902719295
Trail,C20orf181,0.9072622301662497,0.03830172925821424
Trail,LINC00606,0.7492665909739356,0.03834941858426574
Trail,CYFIP1,-1.4812001118125107,0.038627471053627446
Trail,REXO2,-1.4607377083109716,0.03884650043132297
Trail,CD72,1.6842374420264659,0.03896822152615827
Trail,UBE2G2,-1.816055659796523,0.03901377707063038
Trail,SYS1,1.4703706133109833,0.039080019492052
Trail,RIMBP2,0.6951311875597268,0.039234341403954064
Trail,PSD2,1.204310859600983,0.03955102794793602
Trail,LOC100506282,-1.2980243342622533,0.039643570877209655
Trail,LINC01102,1.101747017410402,0.0397058035245842
Trail,MFN2,-1.1113762052306986,0.03980499169271951
Trail,RGPD4-AS1,1.0659775989704314,0.040041791690027015
Trail,LOC101930081,0.9573382503829124,0.040182484553528644
Trail,KRT25,0.9685675629474486,0.04037375500739664
Trail,SLC5A8,1.1340037460821595,0.04039288231968564
Trail,RIBC1,0.870012258768013,0.040423208609693846
Trail,CCL17,0.9317068103207299,0.04050174493350621
Trail,OR51E1,1.7418302938537855,0.0406075922937821
Trail,CSNK2A1,-1.186110963266991,0.04068993678122311
Trail,TMEM258,1.468431951122495,0.04070714033869475
Trail,SSBP3-AS1,-1.3424089162632316,0.04073212434519192
Trail,EGFEM1P,-1.1714364033741782,0.040875271889315924
Trail,PRAMEF10,0.8843765439491973,0.04094920751885956
Trail,LOC102546226,1.14040581342233,0.04110403138476845
Trail,C6orf25,-0.8658571945666026,0.041393502650456535
Trail,LOC153910,0.8843607728668443,0.041713230179940594
Trail,RGL4,1.3206549025966765,0.04180403535903426
Trail,CELF6,1.2027603790805075,0.04211506261899572
Trail,GSC2,-0.8568512422794621,0.04224451495618743
Trail,CMTM6,-1.3156310635619006,0.042266083584771394
Trail,PAX4,0.5754408501428024,0.0424528739978009
Trail,PIP5K1A,-1.4465132172979425,0.042536535085327204
Trail,ZNF276,-0.8747509839928872,0.042551786713419346
Trail,UBE2D3,-0.8811791207870797,0.04258110975119955
Trail,KARS,-1.8196608925683586,0.04273547973687001
Trail,CD5L,0.7745522441732154,0.04277657705658415
Trail,LGALS4,0.929940704379513,0.043290822861405565
Trail,PAX1,0.6620342098266861,0.04334404282318774
Trail,GNAT3,0.7977070494103113,0.04343296568173816
Trail,CCDC153,1.3145462131374148,0.04344579825394491
Trail,SET,-1.543724086744005,0.04372631703776791
Trail,TEX22,-1.1500683082756886,0.04373196501511222
Trail,TAS2R13,0.8915989741294222,0.04373219948981009
Trail,LOC101928139,-1.1644582079384003,0.044077678198788134
Trail,LOC100505915,-1.5032808646620544,0.04415458473597539
Trail,KRTAP4-3,1.0606464665370783,0.04436515935867255
Trail,LINC00313,0.9181544038989051,0.04438997869091506
Trail,CABS1,-0.9264119490374084,0.045251120974875915
Trail,PIH1D3,1.170781586709114,0.04552203279268611
Trail,LOC101927282,1.0006378201328834,0.04554985048399281
Trail,RUFY1,-0.9295978671881956,0.04594691370153976
Trail,COL6A5,0.7353466028062879,0.046059893437235655
Trail,CCDC38,1.0572313282852033,0.04615600486057077
Trail,LECT1,0.8429083010519117,0.04641447292087193
Trail,LOC101929125,-1.3249299970854629,0.04642936969241032
Trail,LOC105376072,1.1507063833332074,0.04643013374392557
Trail,IMPG1,-0.7137843095106624,0.04670544719588102
Trail,CTXN3,0.7786797965885672,0.04695615085611454
Trail,OR1E1,0.8126139818739578,0.04710581779364869
Trail,CHRNA6,1.1589911169235358,0.0472975218567369
Trail,LINC00544,-0.9074585451647859,0.047534400562087145
Trail,NKAIN3,1.0182547145813459,0.04785804317267227
Trail,ATCAY,0.9887494747981324,0.04835597530156771
Trail,LOC101929019,0.9853750011865069,0.048545412859464336
Trail,AMELY,0.6805103801630225,0.04859312098302489
Trail,ITPK1-AS1,-1.2241673664866852,0.048620540219414206
Trail,HORMAD2,0.8867495126291673,0.04899572000702075
Trail,SLC12A5,1.0926472139572556,0.04904611120737305
Trail,TBC1D27,1.1402347650604987,0.049103052275243156
Trail,SFTPD,1.1314159436417572,0.049141963816979474
Trail,TULP1,0.8462328383091479,0.049240472279956746
Trail,NR1I2,0.7630636077590117,0.04931476699942794
Trail,SLC10A4,-1.7750918125711308,0.049849737870316047
Trail,NDUFS1,-1.2843626811402242,0.049930351028107944
Trail,ONECUT3,1.0498004066392976,0.05013435902934261
Trail,RHOQ,1.9686055869887344,0.05019551091872508
Trail,RIMKLB,1.4542165195722574,0.05059119572914906
Trail,LHFPL5,1.0295865744910793,0.05064369180156889
Trail,MYRFL,1.3765465573834068,0.05081705896453748
Trail,CLSTN2-AS1,0.8334144488823332,0.05090590220246447
Trail,CAPG,1.9327172920568618,0.051095506812834465
Trail,IFNW1,0.7866163841465751,0.05114864741727271
Trail,PLCH1-AS1,1.0154813563305982,0.05132883962805292
Trail,LOC102724434,1.0782096033453692,0.051490730786424674
Trail,GPR83,-1.2091423535668735,0.05188888083382748
Trail,LYPD4,0.7501221437744089,0.051904326152414484
Trail,LUC7L,-1.1574044500356304,0.05197193812667683
Trail,LINC00659,1.0177067819157801,0.05227002257011287
Trail,SLC18A3,0.8281395754784041,0.052321177373027945
Trail,GAS8-AS1,0.8080020232667108,0.05235754184214644
Trail,LOC100287590,-1.436825213430116,0.052579206913208325
Trail,WFDC6,0.8945080742077626,0.05265674988256559
Trail,XAGE-4,1.6830214377394093,0.05275733942532262
Trail,BRI3,2.3524513301402985,0.052898535005451004
Trail,MIR4296,-1.449048453310018,0.05300452256721218
Trail,LOC101927060,0.9539468600433193,0.05336020627452592
Trail,TMED2,-1.8616459403341878,0.05338334911239354
Trail,HSD3B2,0.7876241123075892,0.053393811936976496
Trail,SMG6,0.7838626701978014,0.0534866175711313
Trail,INSL3,0.7159907358849043,0.05415819678826617
Trail,CPA2,1.044099719993623,0.054608533462312994
Trail,FNBP4,-1.127666061983667,0.054654483417217556
Trail,HOXD4,0.9191266835750724,0.05470750700831438
Trail,FAM129C,0.9646531367502553,0.05492217125898837
Trail,CCDC81,1.2818751290342827,0.055057770134982024
Trail,OR6W1P,0.9283248498650413,0.05513562112549457
Trail,PTPN23,1.020003021788986,0.05517610571624498
Trail,CAPRIN1,-1.0357922872635148,0.05523785964868098
Trail,BEND2,-0.8558149180025744,0.05529700391333172
Trail,LOC158863,-1.5504447457796466,0.055338896060936116
Trail,LOC100129935,1.151975585694447,0.055370691817803436
Trail,TRPM2-AS,1.1018925760946103,0.05568391886784066
Trail,ERVH-4,1.0365999886010384,0.05576927323102759
Trail,SCN7A,0.6961067907829287,0.05578610738283864
Trail,ASB15,0.8646751882557575,0.05589618270504173
Trail,ZNF835,0.8150407149284464,0.055951242214911726
Trail,SF3A2,1.4190030432535596,0.056033505788964634
Trail,DDI1,0.9605984604767055,0.05638759653598386
Trail,CRMP1,0.7901006228842657,0.05647241898111521
Trail,TUBA8,0.8318356245132885,0.0565138616300326
Trail,LOC101928052,-0.9149600122298239,0.05657646598120986
Trail,LINC00459,-1.0147881037594841,0.05667547261104176
Trail,BTBD17,0.9767252278111248,0.056751308714650964
Trail,DTNB,-0.709977919793808,0.05689339802019744
Trail,LOC100505912,-1.4714215457226107,0.056901395234049176
Trail,CYP2C9,0.5794239265797081,0.057025402867829984
Trail,AQP5,0.9087862987025583,0.05703837329649059
Trail,PTGER1,0.6963541950511846,0.05730256405539006
Trail,ZNF207,-1.1591165542913735,0.05731082473005972
Trail,LINC01428,1.0167561065712627,0.057356177241370924
Trail,ANP32A-IT1,-1.276061325615199,0.057390131708452995
Trail,SCOC-AS1,0.8858094440107246,0.05744586158131282
Trail,TMEM196,0.7984843214403039,0.05778632285240032
Trail,ISX,1.0267971075979057,0.057872463345725246
Trail,LOC339568,0.9368582060183928,0.05792200714213293
Trail,LRRC37BP1,0.9789224376068306,0.05873630341265217
Trail,ZNRF1,1.4285155240225962,0.05887685975914977
Trail,LOC105377938,0.9688123233182478,0.0595972063044462
Trail,LINC01362,-0.9680333864859091,0.059618116154088636
Trail,GDI2,-1.2690776747181127,0.059709911078566
Trail,LOC101928730,0.8664487150621527,0.06001564319606839
Trail,FHL5,0.5983429060154134,0.060160939292473015
Trail,CHAD,0.7184910681451648,0.060296511715004476
Trail,IRF2BP1,0.8226280886943617,0.06035734831662131
Trail,QRICH2,1.1640953078289815,0.06043141677877231
Trail,LOC101929312,-1.0665046880821794,0.06044594494440057
Trail,FAM24A,0.767773923661851,0.06056450995762725
Trail,RAD52,-0.7736380252492707,0.06069517575486864
Trail,NEUROD4,0.8282382886624996,0.06105016158672544
Trail,MPG,1.3283343994372663,0.06117864321746275
Trail,DNMT3L,0.7505940174282107,0.06130410565876804
Trail,NADK2-AS1,0.966113949137072,0.06154193967606223
Trail,C1orf158,0.867473028452254,0.06163704536218836
Trail,SPATA1,-0.7752634141248048,0.062447602949648684
Trail,LOC100132005,1.2916568265737502,0.06279765007535748
Trail,ALDH5A1,1.6247296867792838,0.06289134914518552
Trail,CA5A,0.887532105384476,0.06289826535046236
Trail,TMPRSS11B,-1.0752100653749597,0.0630170905354153
Trail,STX16,-1.3795356939896875,0.06331767241635725
Trail,SEPT12,1.0319576885434771,0.06373137970991075
Trail,PLA2G2F,0.8638795471341743,0.06391578935179135
Trail,CRYGD,0.7597729904688443,0.06392575089487267
Trail,LOC388882,1.0776871351332369,0.06399477245138889
Trail,COX6C,1.330532065631042,0.06413846111148123
Trail,DFNA5,2.3481455882608215,0.064242128919388
Trail,OR6A2,0.8575189031946652,0.06431321830746806
Trail,CARS-AS1,-1.0713542036946955,0.06478023502655293
Trail,SPATA16,0.8211597277960548,0.06538785648123051
Trail,LOC100506374,1.2062475567081972,0.06544870924759226
Trail,LOC100506639,-1.0678036499606594,0.06553111776805684
Trail,RIMS3,1.1062442372656982,0.0656933538895284
Trail,ASB2,1.853092052594659,0.06577493689014866
Trail,LOC100134368,1.0469960679855856,0.06586749299578808
Trail,KIZ-AS1,-0.677938853153227,0.06588645581082704
Trail,VPS26A,0.864009933730861,0.06605962849156127
Trail,LOC100128198,-0.8439590787414669,0.0660635317913071
Trail,TIPARP-AS1,0.9848449581713897,0.06617908311452338
Trail,SMYD1,0.8085172581803204,0.06621850785860438
Trail,CCDC184,0.9809557625670086,0.06656121143169808
Trail,ACRC,-2.6434429789061653,0.06677947505573555
Trail,GLRA2,0.7467290941927459,0.06679921443384092
Trail,ID2-AS1,1.1091606739843642,0.06686377726959787
Trail,DERL1,-0.9638759453940772,0.0669151492107949
Trail,OR6B1,1.1159825055849981,0.06737588094754843
Trail,ELK2AP,0.782594816816947,0.06758841056947366
Trail,RFX6,1.1804933895668508,0.06793619981122768
Trail,LHPP,1.5451653159274181,0.0680233251715476
Trail,PTGS1,2.2785614451653853,0.06849987036922739
Trail,MINK1,0.8188670574176804,0.06867871282411715
Trail,RAB35,-1.1175187025652702,0.06901430819699823
Trail,LOC101929050,0.9448812630559478,0.06910643571415162
Trail,NCL,-1.6043006050167115,0.06911885659569059
Trail,SPRN,0.9938979863690421,0.06913715989622186
Trail,MAP7,1.3983045087265877,0.06916486506966217
Trail,LOC101927824,1.1719249321813106,0.06930627712333676
Trail,HRH3,0.5719561851503039,0.06940477427867298
Trail,RBFADN,0.6146481328942426,0.06951872552162663
Trail,LOC142937,-1.15614590312755,0.06953916666976144
Trail,ATP11A-AS1,0.6047032008054966,0.06955934746593445
Trail,IFNA8,-0.626600280145905,0.06960677098899974
Trail,THEG5,-0.8173844660850778,0.06964140147911015
Trail,OSBP,-0.8627488194585343,0.06968603759277872
Trail,GLYATL1,-0.8634737526337871,0.06981222566357863
Trail,SLC3A1,0.5901335212474633,0.06988478273515117
Trail,LOC100996325,-0.7487032846022702,0.06990707246557029
Trail,RBFOX2,-0.9281422858464959,0.0700563301279158
Trail,GTF2IP12,-1.302457601173377,0.07017191329757005
Trail,LOC646522,0.9123678637887258,0.07029951252674149
Trail,ZFP14,-1.4880740035612534,0.07034067858026964
Trail,LOC105371352,-1.084264177133363,0.07067336568377225
Trail,ASMT,0.5599215025297207,0.07081879254154519
Trail,ATP8B5P,0.6544692345735205,0.07097810950148441
Trail,MYCNOS,0.6218977500938095,0.07104334798350014
Trail,LOC100507221,-0.7457416728152929,0.07108149676944607
Trail,KRTAP5-8,0.7770155906143765,0.0711776757147973
Trail,PLA2G4F,1.0644938743398316,0.07135463057729763
Trail,WBP2,1.571104127242477,0.07137346100905512
Trail,EXOC3L2,0.9959686550937977,0.071654026761112
Trail,LOC105370737,-0.9232813750603298,0.07188977260770395
Trail,PLPPR1,0.8658389758896643,0.07225895048251736
Trail,LOC101928409,1.070343575001279,0.07227573339892526
Trail,USF2,0.9818012783790029,0.0726413378104893
Trail,TRBV27,-1.061079449236101,0.07275602517793835
Trail,FSD2,0.8984532065974143,0.07281349388524568
Trail,LOC100130268,1.0408293824981396,0.07322178333324487
Trail,SNHG4,-1.985427175033889,0.07333239662428544
Trail,NPAS4,0.8079653797610802,0.07341268634044461
Trail,HIGD1B,0.7726257938238127,0.07355825550188383
Trail,BPNT1,-0.8980341822952417,0.07370323638245692
Trail,LOC101929607,0.6675872025714404,0.07388211902862522
Trail,KIF5A,0.7562004587929603,0.07400743864674593
Trail,AKAP7,0.7153259025230287,0.0741505324241698
Trail,VN1R2,0.9518617414475448,0.07422519046174209
Trail,CPSF1,-0.8902118447877752,0.07425827836978904
Trail,LINC01490,-0.999641505490668,0.07461795060596578
Trail,ANKMY1,-0.5143003531761562,0.07462706281506962
Trail,MMP20,0.7060232613154568,0.07474128326451811
Trail,LOC100127972,-1.5494516774013363,0.07507987260115072
Trail,EFCAB10,-1.3301962741683433,0.07523786819498446
Trail,MYL2,0.8660263959381599,0.07542025549012162
Trail,SNORA37,1.1467445280264668,0.07544662439216872
Trail,PRKRA,-1.3236015167925221,0.07554583732833754
Trail,KCNH7,-0.7325578767573584,0.07558094888162555
Trail,DNAH17-AS1,0.9392157911735822,0.07565847585859456
Trail,KCNK17,1.0559844742997053,0.07567095386884913
Trail,CECR2,0.8919447804488931,0.07570106534839999
Trail,MISP,1.3105259838562204,0.0757172701955939
Trail,CELF5,0.8082705501043179,0.07580897881571418
Trail,ADAMTS20,0.5811860732943047,0.07618399226078082
Trail,UMOD,0.7151725833961725,0.07619014346927556
Trail,SCN10A,0.7349670876082554,0.07620911947443819
Trail,AKT1S1,-1.5274285154391394,0.07641259641337873
Trail,TEKT5,-0.8028433800031105,0.07641284397514046
Trail,ARHGEF26-AS1,-0.9971294266076042,0.07649225857955953
Trail,LOC100507330,0.84478582745915,0.0768167698083017
Trail,LINC00939,-0.7613442067619598,0.0768715982526655
Trail,LINC01521,-1.6255913544528107,0.07702087620018766
Trail,LINC01579,0.9064304732749398,0.07716798474645183
Trail,INSL5,-0.7021395979658881,0.07721856513692912
Trail,ARMC4,0.6221269007553507,0.07729304819895745
Trail,LOC100505716,-0.9997740373239907,0.07756726269227956
Trail,GALNTL6,0.8751567908713522,0.07776486030792198
Trail,PPBPP2,-0.6618441768873252,0.07797112347536501
Trail,LOC283482,0.9663731255678513,0.07804929854939495
Trail,NOS2,0.7884800018412901,0.07820777193874773
Trail,LOC101928324,0.8855416559047162,0.07823339392688923
Trail,BRINP2,1.0549048601814206,0.07825651157562298
Trail,CLEC14A,1.0934455649653756,0.07854946615183758
Trail,USP2-AS1,0.8589923873554056,0.07861184814145745
Trail,CTNNB1,-1.4269533218468495,0.07875507680063414
Trail,OPRM1,0.5241540084546064,0.0789188502351888
Trail,EIF3B,-1.3694766101711264,0.07898548571102876
Trail,ANKRD33,0.8658863755740401,0.07937517816842816
Trail,LOC100128108,1.4827361919597726,0.07950469888899549
Trail,LINC01142,1.0004307893586688,0.07954252638754582
Trail,LOC101928476,1.164256006469267,0.07961252037226658
Trail,FAM90A1,0.9371423659261603,0.07976027638666147
Trail,LOC101928309,-0.8623320585116132,0.07985028753016414
Trail,TGFB1I1,2.4040457561425455,0.07988755437710517
Trail,RPL23AP32,1.058779172467635,0.07995462052365819
VEGF,LOC100133106,26.754920567847655,9.372249598054996e-27
VEGF,KIAA1211,-4.8711900304965905,6.71853642819792e-25
VEGF,LOC441179,-5.589827044012873,2.5280646882965157e-22
VEGF,C12orf77,-4.837968095945506,1.4773829582192815e-20
VEGF,VWA8,-3.6068043404084924,1.4495264783510658e-18
VEGF,NLGN1,-5.61807493255322,2.6587072033134223e-18
VEGF,MIR29A,31.142521952775528,6.7965964040065616e-18
VEGF,PP12708,-3.0035987290880874,1.548566514433211e-17
VEGF,MIR199A1,10.244797332604477,1.5960864813788754e-17
VEGF,NRG3,-5.823747328850695,1.0848074064123793e-16
VEGF,KCNK10,2.883306363931166,1.8129867744560686e-16
VEGF,HTR1F,-2.2364597930220778,3.5995334959879984e-16
VEGF,DLEU7-AS1,-4.021084328634413,6.879271946379581e-16
VEGF,EPHA3,-4.434085608580629,2.2355838022588646e-15
VEGF,ZNF257,-4.556145548139363,2.3777080912211994e-15
VEGF,SNORA70E,-8.300003611268052,3.0573649749791397e-15
VEGF,JCHAIN,-3.347995012762441,5.560823757261079e-15
VEGF,PHACTR3,-9.249968612082682,1.011070142172699e-14
VEGF,HACD4,-3.762313919779542,1.1282634808679238e-14
VEGF,VPREB3,-3.3923379350007634,1.8915218669059606e-14
VEGF,NCKAP5,-8.071059398131732,3.32455086300093e-14
VEGF,CYTL1,3.4783279013951853,6.839027533814338e-14
VEGF,NID2,-4.917471725170819,7.483498153358544e-14
VEGF,SCML4,-1.878268205527691,9.302387388747145e-14
VEGF,XKR4,-3.632515763615389,1.5630763399480362e-13
VEGF,CPA6,-2.5637682550218517,2.38313613099601e-13
VEGF,PKHD1L1,-2.1052040386225586,5.61260386364014e-13
VEGF,VTRNA1-2,12.314904337734957,5.700666079030365e-13
VEGF,ART4,-2.064522495593021,6.361502459689535e-13
VEGF,VASH2,-3.04376019627761,6.958274887766004e-13
VEGF,SPINK2,-1.891189378201046,7.325558113509614e-13
VEGF,MIR31,18.754341759074524,8.004039605357409e-13
VEGF,EPN2,10.766190218432925,8.360524244550617e-13
VEGF,ANKRD36BP2,-1.5458676935105937,9.24698345687254e-13
VEGF,UBE2Q2P1,-9.715835343563512,1.2593337000762765e-12
VEGF,MYO3A,-1.9521780420749844,1.3735145974779008e-12
VEGF,VPREB1,-3.1796901692438966,1.561078318117296e-12
VEGF,UNC5D,-2.5394275494386593,1.6543320954122692e-12
VEGF,MIR323B,-9.343856107370167,1.8436345298690412e-12
VEGF,MIR222,29.417697849774793,2.04318338959016e-12
VEGF,IGLL1,-3.384890550843615,2.2368084929544948e-12
VEGF,MIR503HG,-13.938574448573464,3.177457912014537e-12
VEGF,TMCC3,7.271993918756322,3.484161723937361e-12
VEGF,LOC100288160,-6.354278463218625,4.055990516972614e-12
VEGF,LINC01355,3.867232246388971,4.477707080528035e-12
VEGF,SMAD1,-3.8011115644634708,4.877765354270952e-12
VEGF,RORB,-2.774477402073862,5.942831573891949e-12
VEGF,CCDC81,-2.3013636649140867,8.871468561814117e-12
VEGF,LRMP,-3.312305070115477,9.768300137380407e-12
VEGF,CD72,-2.717726388533283,1.1488437103631098e-11
VEGF,SRGAP2,-4.340003643824051,1.2071243066158536e-11
VEGF,PIEZO2,-1.8910970036781882,1.3078376619667237e-11
VEGF,BEND4,-2.470928435437117,1.354811377206286e-11
VEGF,MIR34AHG,9.042703150945336,1.473350878185723e-11
VEGF,GP5,-1.5919264340509562,1.5372952345114853e-11
VEGF,LOC105373860,-3.066527106679756,1.7244913310126396e-11
VEGF,CDC37L1,3.3029194866435816,2.3938303261986853e-11
VEGF,CCM2,4.274565169024873,2.4894534079885986e-11
VEGF,ALDH1A1,-6.402508328154738,2.5258540818833684e-11
VEGF,SPAG6,-1.5709152686418195,3.022345279618187e-11
VEGF,ZNF597,3.020880055459865,3.037204600348437e-11
VEGF,NUDT19,-9.11136805816042,3.4921932370363144e-11
VEGF,LOC101928045,-3.921830834265409,3.611720819104602e-11
VEGF,SNORD114-2,-13.385992855828304,3.70349938046134e-11
VEGF,CRYM,3.4610332609011807,4.3151311993767603e-11
VEGF,ANKS1B,-2.57751849088035,4.4444504999133024e-11
VEGF,ZNF669,-2.1874532085885523,4.72312053345635e-11
VEGF,P2RY14,2.8300020949268188,4.945732593458565e-11
VEGF,ZNF347,3.0310536501075847,5.930410566218676e-11
VEGF,IMMP2L,-2.01199922020731,9.776995841876076e-11
VEGF,C1QTNF4,-1.859168026274888,9.840916940587531e-11
VEGF,CD93,3.080460251428571,1.0057868209122674e-10
VEGF,PTCH1,-2.784163823230688,1.1897202105721924e-10
VEGF,MIR100,12.192236274657523,1.3850630951545838e-10
VEGF,ADGRD1,-3.686645232646942,1.4345444003308318e-10
VEGF,POT1-AS1,-7.699582950896687,1.5669852865968635e-10
VEGF,LINC01558,-1.206426456524229,1.6465530794583527e-10
VEGF,LOC440300,-4.101687491694324,1.7566830009786175e-10
VEGF,IKZF3,-1.6069478763992708,1.8720558975249173e-10
VEGF,LOC100996579,-3.444280544885697,2.0076495867454795e-10
VEGF,AHRR,18.5042225173004,2.1051085237278164e-10
VEGF,RNU105B,-6.357470910082167,2.520253489002982e-10
VEGF,MIRLET7A2,14.700582807545896,2.555747516583016e-10
VEGF,RGL1,9.312973586573623,2.6488863091772985e-10
VEGF,HMHB1,-1.709453283798115,2.831487399920067e-10
VEGF,SENP5,1.8655494571140576,2.860694644656742e-10
VEGF,ZNF200,3.504692053097271,3.088276300041993e-10
VEGF,LOC100291666,2.3759754336732084,3.129880415263956e-10
VEGF,MZB1,-1.7013074123621696,3.239017897368891e-10
VEGF,NKD2,3.8953837260047064,3.5124904944304007e-10
VEGF,CNR1,-1.4561375900150673,3.8030180446625876e-10
VEGF,DCHS2,-1.7317454315883085,4.076288648472172e-10
VEGF,TTC28,-2.073896421754878,4.279384400050554e-10
VEGF,XK,-4.115595055397848,5.426996522703071e-10
VEGF,WNT16,-2.03801122829194,5.969558478744859e-10
VEGF,ZNF415,-2.783465058459749,6.07273084227442e-10
VEGF,SMCO3,-2.1019845722626846,6.28283030269135e-10
VEGF,BCAR3,5.832010393160435,7.346295834877163e-10
VEGF,LMO2,3.651742989258342,7.518913679781191e-10
VEGF,CAMK4,-2.5470576373038605,8.073542258901242e-10
VEGF,ARL9,-2.323345400183588,8.096785011392051e-10
VEGF,IGLL3P,-1.529856543717115,8.47980916771712e-10
VEGF,FAT1,-5.105384181917695,9.922852422526506e-10
VEGF,MIR29B1,8.04489259595167,9.951805535792767e-10
VEGF,PLAA,2.3023833908939983,1.015053848298715e-09
VEGF,MIR485,-4.824250424865421,1.0209663442452322e-09
VEGF,RUBCNL,3.1367475160911016,1.0369003424824903e-09
VEGF,CPVL,-4.0383857404609005,1.236119807232517e-09
VEGF,MYEF2,-2.3686464295413723,1.3529305557464533e-09
VEGF,CSMD1,-1.3544722047731637,1.6363435596067332e-09
VEGF,MIR125B1,6.603996636459447,1.756052768028565e-09
VEGF,TMSB15B,-2.2212495971070054,1.8288588538906298e-09
VEGF,DGKE,1.5475614473782888,1.8443569446415119e-09
VEGF,LIPC,-2.3050569576885223,2.001574292215273e-09
VEGF,ALKBH1,1.7559420284689473,2.2359120336149957e-09
VEGF,HOXD10,-1.8270196328254273,2.301613653693591e-09
VEGF,CCDC141,-1.5880119781607391,2.5334736038662602e-09
VEGF,SAP30BP,1.7531166229969712,2.541799249923214e-09
VEGF,NPTX1,2.3786718041515704,2.620069645549251e-09
VEGF,IL21R,2.5436936116743767,3.038952679723392e-09
VEGF,KIF26A,-2.1074504888575207,3.101793956696252e-09
VEGF,ANXA5,-5.268782703424574,3.1261645454411943e-09
VEGF,TRPC6,-2.1253456820911896,3.193323277473768e-09
VEGF,SLC38A4,-2.2295562647496485,3.837951952111013e-09
VEGF,SLFN13,-3.5315526394775434,5.475838953220464e-09
VEGF,ZNF202,2.3065370796653744,5.654221484405511e-09
VEGF,ASTE1,2.65124034624065,6.2366222253793275e-09
VEGF,GRIP1,-1.6175279401412324,6.376122542996651e-09
VEGF,SST,-1.2248248638572286,6.603797167106566e-09
VEGF,CAPSL,-2.4983608220933804,6.81889660494827e-09
VEGF,SLC25A43,-4.358305529742228,6.864100931382634e-09
VEGF,GPR68,2.157206936951082,7.303619533875661e-09
VEGF,TBX1,-1.0038627707801815,7.725527775763137e-09
VEGF,BAALC,2.1417826678711163,7.845391462433554e-09
VEGF,MFSD8,3.2056728811498134,8.236279921335124e-09
VEGF,HECW1,-1.3534727080429079,8.510517528025792e-09
VEGF,MYOM2,-2.0130472396556995,8.715729639578642e-09
VEGF,SAMSN1,3.2837036518455553,8.741586231037299e-09
VEGF,CA13,11.477360580490524,9.90901031595138e-09
VEGF,MIR410,-6.010002953787057,1.0081234202516028e-08
VEGF,EID3,-4.176603321379275,1.0999630285302229e-08
VEGF,STK33,-1.6686195165625906,1.1005055043972037e-08
VEGF,NCBP3,2.9597583607033617,1.2030902050412943e-08
VEGF,APBA1,-1.429642755766096,1.2397809687538005e-08
VEGF,MIR377,-6.883050666885021,1.2684318193238355e-08
VEGF,SCAI,-2.2817320861838284,1.4561037568658834e-08
VEGF,TBX18,-1.60412548084331,1.605390278405452e-08
VEGF,MAD2L1BP,2.0612022094214932,1.68260298585891e-08
VEGF,LPCAT1,4.387478110108195,1.70179379310989e-08
VEGF,CRISPLD1,-6.038980678697918,1.7628575026798814e-08
VEGF,PLA2G1B,-1.1923512493131068,1.9055356237051602e-08
VEGF,AASS,-2.769576739968151,2.0580484756121e-08
VEGF,HDAC9,-2.357638205067965,2.087251876673665e-08
VEGF,LCN10,1.4773844265526108,2.149157785380918e-08
VEGF,KIF1BP,3.3423825249032126,2.1532955066095484e-08
VEGF,C1orf101,-1.4013496235412504,2.155286827252323e-08
VEGF,ZNF572,3.078130161654326,2.2386274178701486e-08
VEGF,TMEM150C,-3.379103341438852,2.3608954292084603e-08
VEGF,PPP2CB,1.552667569944071,2.551620524173558e-08
VEGF,TKTL1,1.4961606888039156,2.576175096030342e-08
VEGF,DPY19L2,-2.03049583076283,2.808543034075421e-08
VEGF,LINS1,1.9999471825808401,2.81280721503391e-08
VEGF,MLIP,-3.5651855307659943,2.872394440531071e-08
VEGF,LDLRAP1,-2.568911973255464,2.9450961349963743e-08
VEGF,SFMBT1,1.7224713679275856,3.4602697185309946e-08
VEGF,MSANTD2,2.7324348905794578,3.5048937628801865e-08
VEGF,LOC101929538,-1.7367237925553107,3.7438817223236605e-08
VEGF,LOC100506851,-1.3544686890232898,3.745692748765435e-08
VEGF,CYSLTR1,2.349910301269324,4.1818240161440345e-08
VEGF,SNORD28,21.990150404626295,4.1849195382602836e-08
VEGF,ZNF112,-3.2823463305253204,4.42815995009814e-08
VEGF,CD84,-1.3235949324582446,4.647381307495059e-08
VEGF,RLN2,-2.434177764881799,4.720011044351392e-08
VEGF,TRAF3,2.783025296606448,5.3305495044208286e-08
VEGF,ERMN,2.8464663609104184,5.372774089243676e-08
VEGF,FGF9,-2.2852611110673866,5.625921272797942e-08
VEGF,SRFBP1,4.099236082942239,5.7578803857873204e-08
VEGF,IRX1,2.3156576833574753,5.934539309565989e-08
VEGF,ACP5,3.962252200325659,6.160599726407614e-08
VEGF,SLC23A3,1.6945194891986026,6.599350039063918e-08
VEGF,FHOD3,-3.355123880763887,6.609679718023976e-08
VEGF,C3orf67,-2.9859700998454386,6.776193522190403e-08
VEGF,E2F6,3.068574848647215,6.859583650266083e-08
VEGF,PARP15,1.5785572959081122,6.981690295683004e-08
VEGF,ZNF234,1.83207874759015,6.981724972177596e-08
VEGF,ZNF594,2.1916642239222925,7.31396761930251e-08
VEGF,PCDH9,-2.912129970212306,7.561205162556077e-08
VEGF,LOC613266,-2.1267721052649278,8.191408308355559e-08
VEGF,APBB3,-10.315126998840572,8.455116725760342e-08
VEGF,FBXO25,-3.434758178464238,8.45690766427326e-08
VEGF,DOK5,2.2096361504097133,9.174290465490013e-08
VEGF,PGM5,-1.269360094722662,9.537626427412526e-08
VEGF,SNX22,-1.222242537430679,9.692800963005417e-08
VEGF,ZAP70,-1.1149826302904107,9.748357335247541e-08
VEGF,MIR382,-7.428415429572834,1.0348857391517269e-07
VEGF,BCHE,-3.2475023599399315,1.0387277491935038e-07
VEGF,SNX10,-4.0428053992266015,1.0561554654616698e-07
VEGF,C10orf128,1.7581018184232748,1.0822646378775315e-07
VEGF,SUZ12P1,1.7125206718569939,1.0932727063403808e-07
VEGF,LRRC2,2.509184331953432,1.1019764441446778e-07
VEGF,ADD2,-1.2038860231612079,1.1532091059676116e-07
VEGF,PPP1R16B,1.6646078164108218,1.215787068095568e-07
VEGF,TRIL,-1.735179964005489,1.2167002847337662e-07
VEGF,KCNK17,-1.433283447541523,1.2387994344661395e-07
VEGF,CECR6,1.941731595675251,1.3126256034261254e-07
VEGF,PPP1R14A,-2.7898554385482988,1.3184753539047643e-07
VEGF,ITPRIPL2,2.9676379580214407,1.3385763522957394e-07
VEGF,ZSCAN22,1.540110273701565,1.453619959953731e-07
VEGF,NCF4,1.810950458868203,1.5342398818819825e-07
VEGF,LINC00999,-6.701470393960032,1.5396488489119695e-07
VEGF,INPP5A,3.1314916445482175,1.5582019018044295e-07
VEGF,IGHM,-1.112180955947758,1.5768330410013244e-07
VEGF,RUNX1T1,-1.2737168550656286,1.5924906897770454e-07
VEGF,MIR154,-6.711349351066289,1.5987531800027813e-07
VEGF,PRSS12,-2.960101605298247,1.6293485703269058e-07
VEGF,LINC00960,-2.0409626661980766,1.7299529330415487e-07
VEGF,FLJ11710,-1.1388024288484018,1.7336381486562786e-07
VEGF,FBN2,-2.6794723626919708,1.7493769657917898e-07
VEGF,ST8SIA5,1.4921645727708597,1.7725269459382053e-07
VEGF,CADPS,1.480688812250466,1.7881390306088758e-07
VEGF,HNRNPLL,-2.1918952102067024,1.792309302325526e-07
VEGF,KIF26B,-1.2513277071431883,2.0108671728974566e-07
VEGF,YAE1D1,4.000173310526911,2.0221812401471348e-07
VEGF,UG0898H09,-1.6317256201318535,2.0320895300385044e-07
VEGF,TNFSF11,2.333380965644021,2.056803078317407e-07
VEGF,LOC101928314,-0.9237471836937365,2.0991885546476612e-07
VEGF,ZEB1-AS1,-4.182727405417086,2.1153073558133638e-07
VEGF,ACSL4,2.9495243684175576,2.1748170359670607e-07
VEGF,RPSAP52,15.691303756202274,2.2272377100430467e-07
VEGF,PDCD10,2.070216187560993,2.2448709642637253e-07
VEGF,TP53RK,3.0221290361620725,2.2579413952284812e-07
VEGF,CCBE1,-2.581046368660031,2.3047141753625638e-07
VEGF,SLC35E2,-15.732765110896331,2.4150046338287416e-07
VEGF,LOC400464,-6.121155560150767,2.4420374396750433e-07
VEGF,GNA12,2.298270277444382,2.4943763790319504e-07
VEGF,KCNK12,1.5170298581107933,2.5073104468778673e-07
VEGF,LINC00487,-1.6765275607451366,2.5763151939239576e-07
VEGF,JAKMIP1,-1.5582657361449175,2.6571482665151297e-07
VEGF,FAM19A5,-2.339463503239599,2.748910110308158e-07
VEGF,MICAL2,2.9347246212340674,2.7579080914273175e-07
VEGF,ZSWIM3,2.5669746538977867,2.801529739368947e-07
VEGF,CLEC11A,-2.188713401173658,2.8534179694279615e-07
VEGF,FLT3,-2.527576686118161,2.884891970392766e-07
VEGF,AOX1,-3.016902142795454,3.2403720706080803e-07
VEGF,SNX29,-1.8899502261951877,3.2890390573942526e-07
VEGF,LOC100505912,-1.8607966464029464,3.3361567868608264e-07
VEGF,RNF219,2.080334476774517,3.3556430103456896e-07
VEGF,PPM1E,-1.78943699898476,3.5182051033847334e-07
VEGF,CLEC5A,2.694535803651572,3.654641163564504e-07
VEGF,SNORA75,14.602264270575576,3.6663816401759527e-07
VEGF,ATG10,-1.4552270838957921,3.8824233815497415e-07
VEGF,PRR34-AS1,-4.597387556880768,3.989987768038256e-07
VEGF,CDY1,-1.1832398286094052,3.998717194317307e-07
VEGF,MIR221,24.44869527919697,4.1342693918656285e-07
VEGF,CDK12,1.268076546123351,4.198466849014907e-07
VEGF,PEX2,-1.96718778406958,4.4287286272946684e-07
VEGF,PARVB,1.7811737927076192,4.4609285902524e-07
VEGF,ZNF547,1.8000782594630838,4.4681169352843433e-07
VEGF,ZNF786,2.9212760076538773,4.6208402078628696e-07
VEGF,AP1G1,1.7145405404846261,4.6823363076576505e-07
VEGF,MIR134,-5.702356912818654,4.706925717663147e-07
VEGF,RPS27,-2.0100694928096288,4.805827512893781e-07
VEGF,REN,2.8948547461937113,4.984538018925422e-07
VEGF,GOSR2,1.1730629201605385,5.138768623584662e-07
VEGF,LOC441454,-1.300285374114926,5.430523385987008e-07
VEGF,SNORD113-3,-10.30456186129568,5.444096733998097e-07
VEGF,ZNF322,2.51122377043659,5.767847038068103e-07
VEGF,NLGN4Y,-1.3835011714502539,5.9840708250354e-07
VEGF,C17orf67,2.2153621040731872,6.103886533254282e-07
VEGF,DIO2-AS1,-1.4600534035649508,6.364455566528202e-07
VEGF,ARHGAP28,-2.054208336632342,6.513726321983992e-07
VEGF,GPAT3,8.759922102967165,6.63435431729674e-07
VEGF,HAR1A,-1.5125904553829483,6.741869195245497e-07
VEGF,ANKRD26P3,-1.6665108706327487,7.02941498472356e-07
VEGF,NDUFA12,3.0580236529621017,7.116905272238606e-07
VEGF,CWC22,2.8344512626680514,7.180830428330568e-07
VEGF,IL18RAP,1.7433535093626926,7.208131394283687e-07
VEGF,SNORD56B,7.261860915133282,7.436499173886551e-07
VEGF,RRP7BP,9.746083711944845,7.498140343317908e-07
VEGF,RGMB,3.1398186876596816,7.607972491935468e-07
VEGF,AGO2,4.300307980429856,8.072136253738635e-07
VEGF,LOC100996624,-1.2880263760810002,8.370296588235585e-07
VEGF,FAM117B,-2.9388655101983816,8.455551684626282e-07
VEGF,DNAJC24,1.601551948721652,8.458639761939452e-07
VEGF,MED18,1.989957070383453,8.540035787217232e-07
VEGF,LINC00954,1.6240064037076931,8.627496999557025e-07
VEGF,PP13439,-1.5643419452559146,9.163618132089508e-07
VEGF,ZNF526,1.7996574234587934,9.640586640954392e-07
VEGF,PDXDC1,-1.0926478953801737,9.78805405520203e-07
VEGF,ACY3,-1.1952502813993615,9.789929972179504e-07
VEGF,ICA1L,-1.2125614983243687,9.825179679202672e-07
VEGF,NPSA,-1.2010307768041404,9.842508177149513e-07
VEGF,PLXNA4,-1.2078246605540186,9.869169290292573e-07
VEGF,ARMC4,-0.8777985010921545,9.963663732326245e-07
VEGF,ZNF267,3.5249736800439773,9.997595764460864e-07
VEGF,ZNF830,1.7223230981243212,1.0116302641725917e-06
VEGF,MYB,2.5297628470200153,1.035954587324789e-06
VEGF,KPNA1,1.7632477790927308,1.0366334309776373e-06
VEGF,GZMB,3.783014669325992,1.0376925416618146e-06
VEGF,EBF3,-2.2127886972729462,1.041037506590236e-06
VEGF,AGPAT4-IT1,1.8401156734378556,1.050729456644397e-06
VEGF,LINC01364,-1.0752164521578405,1.0646981512176416e-06
VEGF,CTTNBP2NL,3.3394687773757576,1.0747052346959386e-06
VEGF,ZNF135,-1.0004460333163758,1.0961146687028745e-06
VEGF,C1QTNF3,-1.243834802173622,1.1055465299614239e-06
VEGF,PCNX2,-1.2000901407308135,1.111953050414776e-06
VEGF,GGTA1P,-1.5320592541815876,1.123617780903214e-06
VEGF,TLR10,-1.3551614390122244,1.126469897246512e-06
VEGF,CHST6,-3.4014374448255706,1.1285044281643388e-06
VEGF,BCDIN3D,3.3784546703155875,1.1377541477079818e-06
VEGF,THBD,4.707586085179339,1.1750271029935627e-06
VEGF,SNORD51,12.591263977238427,1.1861394355353445e-06
VEGF,SNORD42A,8.889103084487106,1.20679214297744e-06
VEGF,FAM30A,-1.1826013065795131,1.2092724644911818e-06
VEGF,BRE,-1.85382633897077,1.2301107516606567e-06
VEGF,FCRL5,-1.2567039849581731,1.233577200195924e-06
VEGF,CCR6,1.6347645532329276,1.2421218479849508e-06
VEGF,SORBS2,-1.7418029321160782,1.2658633909103415e-06
VEGF,SNORA24,8.825388465624883,1.352833794309779e-06
VEGF,CRIP1,-2.90111883354558,1.3922715263045956e-06
VEGF,ZNF2,2.1633140821342374,1.4186198548089492e-06
VEGF,RAB14,1.5126674158803455,1.4326837547255434e-06
VEGF,HAS2,4.3001924943675425,1.473319383790552e-06
VEGF,MFHAS1,3.0301338209171664,1.479199188439945e-06
VEGF,TARS,2.515613093742851,1.4851087713150343e-06
VEGF,ADAMTS18,-1.1144894981646198,1.4972011285768528e-06
VEGF,RETN,-1.213511693008138,1.5037594305193569e-06
VEGF,MIR218-1,10.074740866281443,1.507952763854976e-06
VEGF,VGF,2.9521966366716383,1.5166144190539648e-06
VEGF,FLJ16734,-1.6706446028543982,1.5454024813265344e-06
VEGF,FAM162B,-1.2483081775122207,1.5535225593398601e-06
VEGF,CARD10,1.521651731628684,1.5709317382306039e-06
VEGF,KALRN,-0.7034051532439175,1.5843725419621228e-06
VEGF,SIT1,-1.4032957689068537,1.5919119217109375e-06
VEGF,CRYGS,2.041610869635997,1.6240291387888702e-06
VEGF,SLC25A27,-1.802985601227233,1.6282091898951293e-06
VEGF,IKBKB,1.732008796779371,1.6333321908241467e-06
VEGF,RASGEF1B,-4.15782857054899,1.6448067607549919e-06
VEGF,SLC22A4,3.244470203933746,1.6620793280746212e-06
VEGF,RALA,2.8493878293280592,1.6876730090621487e-06
VEGF,WDR89,2.378980393238969,1.7972045036563506e-06
VEGF,RYBP,2.7243970343603645,1.8163296869940995e-06
VEGF,H2BFXP,-1.470116495437388,1.8761131775677691e-06
VEGF,ULK2,-1.9246705428736048,1.9054960690713247e-06
VEGF,MFAP1,1.9793824156345368,1.9456334416056723e-06
VEGF,ESX1,-1.078382946080733,2.0159745983911406e-06
VEGF,LRRC8C,2.69091533952207,2.052229453128825e-06
VEGF,ANKDD1B,-4.098756259083907,2.0710439976788016e-06
VEGF,LOC100130458,1.8629093082321182,2.0837022339615997e-06
VEGF,WASF1,-2.227704742162056,2.1211160440163686e-06
VEGF,TNFRSF11A,2.809862594922022,2.132676718379792e-06
VEGF,DIEXF,2.484512487687273,2.1407079800044277e-06
VEGF,RNF139,-1.9246188980273002,2.1658332930159717e-06
VEGF,ASB1,1.3663556756731283,2.2288656955140856e-06
VEGF,C14orf37,-1.5596632690534293,2.2589666295327908e-06
VEGF,CACNB2,-1.1995601241556078,2.2890779822605844e-06
VEGF,CISH,2.7854935706237702,2.3122761574502434e-06
VEGF,LOC100130548,-1.0553443627971948,2.333849546515376e-06
VEGF,LOC285957,3.368931318634129,2.3716175215223015e-06
VEGF,ZNF225,2.0305359207203453,2.375797458673082e-06
VEGF,RPP38,1.7722100625799095,2.4538301133687206e-06
VEGF,AR,-1.4494877105894053,2.5645268242783618e-06
VEGF,ZNF584,1.9602706440711393,2.5843961263618647e-06
VEGF,RSPH4A,-1.32866867851059,2.5908386829690143e-06
VEGF,TVP23B,2.4429050562992494,2.661049851328156e-06
VEGF,BLZF1,1.8990735911621233,2.6742877751636766e-06
VEGF,PLEKHG1,3.6350556375008227,2.731242709734587e-06
VEGF,ATXN7L1,-1.4290548507957335,2.862332081345201e-06
VEGF,CCDC26,-2.4115374617737686,2.8934350249476754e-06
VEGF,ZPBP,-0.9019134071483697,2.921391619192866e-06
VEGF,CGRRF1,1.7955946257004625,2.9339245052195758e-06
VEGF,LINC00226,-1.0645664449871928,2.9465909890548696e-06
VEGF,PGM5P2,-2.478320169425721,2.956046763013497e-06
VEGF,TMEM39A,1.5566409963064554,3.085098930612591e-06
VEGF,LCN6,1.1144871700790582,3.1645097384934483e-06
VEGF,AK5,-2.6400748445454942,3.169610386166545e-06
VEGF,KAT6B,-1.6983791370357164,3.2041150687173018e-06
VEGF,SVEP1,-1.0343527300960982,3.2132107762506816e-06
VEGF,RGS2,-7.796174557739881,3.2210795763511773e-06
VEGF,NAPSB,-1.893130509669743,3.2458074865192458e-06
VEGF,TMEM9,-2.2295822631901037,3.2986782238571115e-06
VEGF,TRO,-0.9899483233868586,3.329703815338522e-06
VEGF,ITGA8,-1.2857773640661116,3.3603471698364765e-06
VEGF,SOCS2,2.9548547908792955,3.3966339622720568e-06
VEGF,ENTPD1,1.740182193249965,3.5912756743990464e-06
VEGF,LOC101930452,-1.3658514104492059,3.5952621040221714e-06
VEGF,FOXF1,2.1008448220381264,3.618653223273248e-06
VEGF,LRRC8B,1.743480331511556,3.6450417469634723e-06
VEGF,TBP,1.81091536909003,3.651082462254933e-06
VEGF,PDE1A,-1.2904017859024208,3.729849015612446e-06
VEGF,KLHDC4,1.076521432243535,3.7308146288584036e-06
VEGF,IL4R,3.669680312934322,3.779250810722688e-06
VEGF,RNU4-1,-9.767806026811854,3.816049143100872e-06
VEGF,MFAP3,1.8338434688293201,3.933932507213349e-06
VEGF,ANAPC10,1.891504619647023,3.986467770862911e-06
VEGF,GPR63,-1.5008548920219886,4.0152687347105e-06
VEGF,HAND2-AS1,-1.0462558292166901,4.034118218221834e-06
VEGF,FAM122A,1.833785820907615,4.039988043701924e-06
VEGF,FGF5,2.7244712684536814,4.212250971904387e-06
VEGF,CASP3,2.495928031254764,4.235187960988743e-06
VEGF,TRBV27,1.2876267163874358,4.256535448258758e-06
VEGF,EFHC2,-1.1603732316029844,4.2867034888366355e-06
VEGF,STAM-AS1,1.4207632325293131,4.337370937793488e-06
VEGF,SEC62,2.1139755331119523,4.3513461931124025e-06
VEGF,ROBO1,-4.5233653410677315,4.391744124967189e-06
VEGF,ZNF140,2.449675108784199,4.437395653825894e-06
VEGF,ZBTB9,2.453706975320028,4.496589791374476e-06
VEGF,ITGA1,-2.0550390961573335,4.537629925969724e-06
VEGF,LYSMD3,4.076069320760777,4.545433125839381e-06
VEGF,C12orf56,-2.5550453268212525,4.652536911781986e-06
VEGF,CAPN2,2.141106156480838,4.7419928687358536e-06
VEGF,RASSF10,-2.887463175755608,4.746470424405254e-06
VEGF,COL8A2,-1.628146749090746,5.026489492179088e-06
VEGF,PRKCZ,-2.99459839782328,5.129462188354901e-06
VEGF,CCDC93,1.6256596190980976,5.167118835817185e-06
VEGF,ZNF711,-2.0426009184071146,5.388916942246966e-06
VEGF,TFIP11,1.1172894880465611,5.524024541669008e-06
VEGF,DPT,-0.986721592236307,5.596689285862548e-06
VEGF,ACTR3C,-1.8238422721157574,5.6211795443920145e-06
VEGF,NPPC,-1.3140028194753586,5.673049926456821e-06
VEGF,PITPNA,1.67511095154311,5.709270482307722e-06
VEGF,CHD7,1.5335637167063971,5.73429418516034e-06
VEGF,TTC9C,2.1419868223779117,5.765846811401176e-06
VEGF,C2orf42,2.1500837736568768,5.8477115911070744e-06
VEGF,WDR49,-1.289254380838413,5.889860203635515e-06
VEGF,ZBTB16,-2.3739357650724275,5.892267880694556e-06
VEGF,TTBK2,-1.4779723966301939,5.892345675036076e-06
VEGF,LOC100506405,1.3414150273864998,5.896036246509477e-06
VEGF,EPB41L5,-1.4185759796878907,6.042988507332674e-06
VEGF,FOXL1,1.3494066428302591,6.057525391489035e-06
VEGF,DOCK4,2.796379124941414,6.068723616615291e-06
VEGF,LOC101928813,1.575955045804044,6.093123734318376e-06
VEGF,RIMS1,-1.0953397806615317,6.124421123281113e-06
VEGF,ZFP82,1.9998743630104874,6.139177746700893e-06
VEGF,TCF12,-1.3944843333841686,6.1574992349175504e-06
VEGF,LOC100996455,-1.541334316908966,6.157510532384252e-06
VEGF,PELO,1.1550618263788694,6.1758534584538885e-06
VEGF,GZMH,1.509712412076446,6.403106809903029e-06
VEGF,ADRB1,-1.4493694689291463,6.478044534505012e-06
VEGF,RFX8,8.187452287798909,6.680710687779311e-06
VEGF,TNFRSF18,3.028034605899227,6.778089103004252e-06
VEGF,KIAA1429,1.5743875055901284,6.96144869055995e-06
VEGF,ACVR2A,2.591369816164218,7.131929634023324e-06
VEGF,ARSG,4.223616995029684,7.143860803050798e-06
VEGF,CDKN1C,-2.813729080580325,7.209358263445143e-06
VEGF,LCMT2,1.3837396641546962,7.330827658177338e-06
VEGF,SNORD52,12.71087851201517,7.504747468455412e-06
VEGF,ACTBL2,10.850643719860308,7.562527071308261e-06
VEGF,CASP8AP2,2.296941036792225,7.572221210969373e-06
VEGF,LMO3,-1.398459892841054,7.6764598147076e-06
VEGF,LOC728175,-1.0397552085185442,7.73303449101799e-06
VEGF,LOC401220,-1.2277470000219752,7.835513637696454e-06
VEGF,RNF103,-2.015686588712076,8.023071060188288e-06
VEGF,PDCD4,-3.2196539733276657,8.169758795359475e-06
VEGF,ALOX5AP,3.2358470502385184,8.198697907127182e-06
VEGF,MAF,-2.6247472173563704,8.295846658011758e-06
VEGF,MREG,-2.978842993566609,8.32119402549513e-06
VEGF,PCCA,-1.0602906743539664,8.343268102275672e-06
VEGF,RIC8A,5.170187476738248,8.383737171245051e-06
VEGF,RAB11FIP1,-2.7185947733912066,8.399975701514361e-06
VEGF,GTF2E1,2.2929969241343073,8.45163129453381e-06
VEGF,LOC388022,12.522361775195654,8.488711793224919e-06
VEGF,LINC00935,-0.9832469177113858,8.534932533497777e-06
VEGF,DDHD1,2.004747547478985,8.564351381838336e-06
VEGF,FADD,2.721196529101402,8.672235922663229e-06
VEGF,PTRH2,2.409336123648402,8.771062992885328e-06
VEGF,ZNF394,-1.805632599315577,8.804135907486544e-06
VEGF,ARHGEF18,-2.2218444947619673,9.085791583013768e-06
VEGF,RNF25,1.652855685658495,9.30248683031815e-06
VEGF,TGDS,2.1008881727328013,9.544838478322776e-06
VEGF,C8orf82,-3.054042898281171,9.624615468114942e-06
VEGF,SPATA5L1,1.4580161144582062,9.843825035178197e-06
VEGF,GNLY,-1.069915434010928,9.8587453597804e-06
VEGF,CD1E,-1.189737455561761,9.889408577345704e-06
VEGF,KIN,1.2603084869678547,9.954143598541595e-06
VEGF,BST1,-1.658253005278574,1.0104776082478728e-05
VEGF,PDE9A,1.5182830599605879,1.0114214086428828e-05
VEGF,SNORD4B,13.85982776674814,1.0116449191604312e-05
VEGF,TPBG,3.334537154367695,1.0142582106334806e-05
VEGF,CD1D,-2.628510498512572,1.0548060941564088e-05
VEGF,FMNL2,-2.2454988905483284,1.0569787278222775e-05
VEGF,TBC1D5,-1.8296294709255025,1.0611184734516405e-05
VEGF,MAGEF1,-2.0171020813884932,1.0794816330074634e-05
VEGF,TRIM72,-1.2258175770845725,1.1010786163253498e-05
VEGF,RUNX1,9.78846482562818,1.1160813964027363e-05
VEGF,ZNF827,-2.5831111163584177,1.184235618908741e-05
VEGF,HCCS,2.1501454193302623,1.1977971380748154e-05
VEGF,FAM24B,-2.338735962998835,1.2132787027729302e-05
VEGF,EP300-AS1,-3.6307098939349,1.2191170409515794e-05
VEGF,TBX5,-0.6923954386217502,1.2220733692365588e-05
VEGF,ZNF516,2.69422446899816,1.241543317368875e-05
VEGF,ZNF513,2.009220004648483,1.2625141656119738e-05
VEGF,MTERF3,2.6597098529455336,1.2681380100493678e-05
VEGF,ITGAL,1.7161291620211145,1.2739848205515886e-05
VEGF,ASXL1,-1.3112179875616474,1.2808834995754123e-05
VEGF,HSP90AA2P,10.060606840752172,1.2845936079513507e-05
VEGF,EYA4,-1.4418339540669252,1.294155616424678e-05
VEGF,LOC100272217,1.5795734813139597,1.2976807095703374e-05
VEGF,PUS3,1.8234963450489685,1.3013096088699852e-05
VEGF,NELL2,-1.844776672750555,1.3054405361370808e-05
WNT,BMP4,5.93683107305,2.5117168915e-10
WNT,SIGLEC6,2.0207361471,2.34785797904e-09
WNT,NPY2R,1.38723387106,8.66691702251e-09
WNT,CSF3R,1.93231537539,3.02194158545e-07
WNT,KRT23,4.12161155069,5.46398873532e-07
WNT,FGF20,-2.0880306196,5.99759318512e-07
WNT,FGF3,-1.75149878034,6.95045464352e-07
WNT,MSX1,4.13090389196,1.20655935318e-06
WNT,RNF43,3.62818214446,1.4031369546e-06
WNT,CYP24A1,4.69230392105,4.71457364124e-06
WNT,BMP7,2.09307161751,1.06805103588e-05
WNT,NTF3,2.27388978335,1.56616390991e-05
WNT,FGD2,1.63117929701,2.12330440955e-05
WNT,ALOX12,-2.38809168835,2.26079183195e-05
WNT,ANKRD1,5.75344104425,3.89586688146e-05
WNT,FOXJ2,1.31222701553,6.05737606683e-05
WNT,KIF26B,1.36180050783,6.88326375137e-05
WNT,RUBCNL,2.90072733261,8.16874483651e-05
WNT,KLK10,2.00418100752,8.67928478255e-05
WNT,SYT12,-1.25326075663,0.000103359276663
WNT,CACNA1E,1.07499664802,0.000103819365547
WNT,LY86,1.59625220102,0.000188794580507
WNT,SLC7A8,-2.4843729916,0.000255840859267
WNT,ANO2,1.36220022375,0.000271853308515
WNT,GPR22,-1.02298721746,0.000306318830639
WNT,TCTN2,-1.51731000002,0.000363802600662
WNT,PLA2R1,-1.1473081003,0.00043154454415
WNT,SBSPON,1.4732102099,0.000492143876491
WNT,GFRA2,1.36711872351,0.000615454476643
WNT,MSX2,1.56657068981,0.000624635395585
WNT,CPLX2,-1.04050048512,0.000629542350627
WNT,SNTB1,1.76849258398,0.000634353018584
WNT,RBMS2,2.11730003842,0.000652883662358
WNT,C2CD3,1.45436019911,0.000671018806142
WNT,IRS1,3.18782977995,0.000677146160567
WNT,SNCAIP,1.43635014664,0.000684510890974
WNT,SFRP5,-1.07940364175,0.0006936654665
WNT,ZNF613,1.33650285529,0.000749468654752
WNT,ARL4C,3.27342846498,0.000767026874809
WNT,CAMK1D,1.84366782207,0.00085834320087
WNT,RAP2B,2.32707816213,0.000923448819569
WNT,SYK,-1.72470371194,0.000961543134275
WNT,ZNF385D,-1.28117922528,0.00104211930459
WNT,HOXB3,1.15163784334,0.00110033603615
WNT,B3GNT2,2.16641085465,0.0011133369452
WNT,TDRKH,-1.71027369375,0.00111520058608
WNT,KLHL4,1.54051285835,0.00114797669738
WNT,C4BPB,1.60281111775,0.00138877955408
WNT,PRDM5,0.987983717211,0.0016632867864
WNT,IL12RB1,0.839411846655,0.00170918624308
WNT,TSHZ2,-1.23388644759,0.00175648006775
WNT,KLRA1P,1.38362129556,0.00188393460372
WNT,C2orf54,2.50620955677,0.00189873143397
WNT,FOXF1,-1.92842044692,0.00198206109101
WNT,ZNF701,1.03723151382,0.00198342140623
WNT,UPK1B,1.62050396442,0.00199485545678
WNT,OLFM4,-1.42315030737,0.00233193330248
WNT,AVPR1A,-0.583503378752,0.002616819342
WNT,RASGRP2,-1.28386241053,0.0027686071582
WNT,DLX5,1.64452023135,0.0027959639827
WNT,CLDN4,-1.89939345585,0.00281909102652
WNT,GNG11,2.09852650379,0.00288828454631
WNT,BNC1,1.58225139336,0.00290312755367
WNT,ZNF230,1.38534278144,0.00324531887819
WNT,LPAR2,1.26399445256,0.00331915742373
WNT,TRMT2B,1.80002842507,0.00341862787052
WNT,ASB4,-0.728762798846,0.00350588560801
WNT,ZNF43,2.2320690359,0.00357670958258
WNT,KCNJ10,-1.43276659141,0.00366710244234
WNT,ITGB7,1.36135777708,0.0038032648039
WNT,HIRA,1.72585140096,0.00412580248755
WNT,DESI2,1.10426832494,0.00439472464868
WNT,EYA4,1.39326162198,0.0044040834368
WNT,APBB1,-1.01528790297,0.0046106646729
WNT,MSI1,1.00152333996,0.00478340779841
WNT,KCNJ5,-0.970656340025,0.00494852099435
WNT,ANGPT1,-1.92617170318,0.00498163096702
WNT,ZFP30,1.53566031892,0.00498560551434
WNT,T,-0.954038286972,0.00549736080612
WNT,MSH3,0.863448783565,0.00556448056192
WNT,CD244,0.75606236887,0.00588321045121
WNT,GNAO1,-0.915037841756,0.00633185783819
WNT,IGF1,1.35948123623,0.00677818966146
WNT,TPH1,1.0144342317,0.00692100552716
WNT,TLE4,-1.73347206901,0.00713974314072
WNT,LGALS14,0.981538986418,0.00719725792556
WNT,NCAM1,-0.877086430495,0.00743489897373
WNT,PIEZO2,-1.05133509247,0.007650404056
WNT,OCLM,1.25047137373,0.00796377252923
WNT,IL1RL1,2.08077074582,0.00804057919216
WNT,SEC31B,1.44708283337,0.0081756890797
WNT,WFDC2,-1.31768738028,0.00818971424443
WNT,HOXB5,1.13995823557,0.00829007336729
WNT,FASLG,-1.44349654904,0.00874322319687
WNT,AIRE,0.756269896603,0.00882285526742
WNT,SEL1L3,-1.62188109405,0.00898612368622
WNT,ZNF45,2.19565822721,0.00923027291226
WNT,CD48,1.57824848108,0.00939056115579
WNT,ZNF552,1.10289013974,0.00941593102656
WNT,RNASEH2B,1.05685087869,0.00954080307465
WNT,IGFBP1,1.48422826766,0.00959796972265
WNT,ANKMY1,0.58688972167,0.00984532791376
WNT,CP,-1.9644410489,0.0101949190957
WNT,SLC2A9,0.981192148782,0.0102086629226
WNT,CD37,0.983030055041,0.0102282294876
WNT,RNASE2,0.967893920485,0.0102453599333
WNT,LPAR1,2.01286029824,0.010761690679
WNT,HUNK,-0.818259121568,0.0113446415067
WNT,FOXO4,-1.43937669276,0.0113816769559
WNT,IL36A,-0.80629439472,0.0114144749865
WNT,RNASE3,0.891848953133,0.0116101548252
WNT,PTGER2,2.55539227579,0.0117109148423
WNT,BCORL1,-0.734435319083,0.0117496030567
WNT,TLL1,1.04142646256,0.0120008211464
WNT,MMACHC,1.55429416452,0.0120726221024
WNT,TOM1L2,1.0583859988,0.0121894738397
WNT,CDX2,-0.893798859653,0.0122528024691
WNT,IL17RC,-0.878163457797,0.0123150006043
WNT,TRAF6,1.0183646202,0.0123985106778
WNT,MAPK9,1.31905919156,0.0124586120202
WNT,OLFML3,1.9628656184,0.0125182604171
WNT,CD4,0.705275462864,0.0126315431161
WNT,SCARA3,1.68080702092,0.0128063192855
WNT,S1PR1,1.64590803612,0.0128783186852
WNT,HOXA2,1.21118581127,0.0135729957832
WNT,PTGFR,-1.70637184875,0.0145086681843
WNT,FYB,1.65357465374,0.0145484188693
WNT,TIAL1,0.794941622627,0.0148786459986
WNT,MYOM1,1.04388276335,0.0148904110478
WNT,SLC45A2,-0.775987683492,0.0155720289478
WNT,SLC17A1,-0.628971826557,0.0157796417375
WNT,AXL,2.1436922898,0.0158781245208
WNT,ZNF10,0.932748218183,0.0159560513024
WNT,RIMBP2,-0.640157069563,0.0163359599964
WNT,PLPPR3,-0.919774792107,0.016383160837
WNT,SH3BP4,1.59507179731,0.0163974811867
WNT,CD84,0.972337550052,0.0167117279967
WNT,TAS2R10,1.09514445406,0.0167223582118
WNT,PAPPA,1.32522967283,0.0167257658218
WNT,CLTC,-0.831055272291,0.0169237911918
WNT,VPS26A,-0.8181474381,0.0171089198356
WNT,HTR2A,-0.774015143515,0.0173476036177
WNT,TMPRSS3,1.68811107254,0.0175111332174
WNT,SYT2,-0.886455995781,0.0175233058788
WNT,LRP2,-0.837882591908,0.0177777832462
WNT,PAX6,1.58228504868,0.0181003386739
WNT,CH25H,2.80326804516,0.0181100515402
WNT,RNF128,-2.4880887093,0.0183286706505
WNT,ROR1,1.65768084211,0.0189793536819
WNT,GK2,0.740268843154,0.019008931741
WNT,AVP,0.681123917365,0.01901048717
WNT,KISS1,0.969871585857,0.0190660309224
WNT,ITGB3,-1.97088543089,0.0192238929316
WNT,UBE2Z,-1.18190265328,0.0193452842624
WNT,TMEM62,1.20580372694,0.0194026448301
WNT,CRNN,0.85962484514,0.0195700103823
WNT,DSG1,-0.835336366826,0.019583630575
WNT,ST7L,0.708148540071,0.0196560813701
WNT,POFUT1,0.898538126817,0.0197796084205
WNT,KIF1A,0.637274488382,0.019786017205
WNT,STX18,1.11638409861,0.0199244141961
WNT,MAP4K1,0.89076784399,0.0199861575233
WNT,ERG,-0.629862048988,0.0200190097951
WNT,DNASE2,1.50619091775,0.0200551574921
WNT,SLC4A5,0.629763427598,0.0201406475026
WNT,DAPP1,1.71900455274,0.0203463482396
WNT,BDH1,1.26117175413,0.0204649302368
WNT,OVGP1,1.14148781089,0.0206373251084
WNT,RAB9BP1,-0.688561398396,0.0210146698693
WNT,SLC8A1,1.00365007376,0.0217807417948
WNT,CEP112,0.771116313763,0.0221876395822
WNT,SLC5A1,-0.78489325065,0.0222318187463
WNT,CHRNB4,-0.703986381166,0.02307403542
WNT,SEMA6D,-1.29535580241,0.0232279788655
WNT,EPB41L4A,-1.37522577926,0.0232898587317
WNT,NTRK2,-0.672821072244,0.0233209119523
WNT,CPS1,1.64655134485,0.0235130845523
WNT,SMG9,0.789238489406,0.0236580589391
WNT,RPS6KA5,-1.68306810451,0.0238141071964
WNT,MARCH8,-1.45375756444,0.0240092722894
WNT,TNS4,1.29567733971,0.0240526132667
WNT,EPS8L1,-1.03570644839,0.024147651353
WNT,NDP,1.76266240009,0.024217858272
WNT,PKP2,1.61797993503,0.0242611670263
WNT,SGPL1,1.47423814072,0.024746852799
WNT,VNN3,-0.69937890912,0.0249052731057
WNT,WT1-AS,-0.83101427043,0.0249844771265
WNT,CTF1,-1.00966676971,0.0250658046452
WNT,NCF2,2.14918651349,0.0252230781892
WNT,NPY5R,-0.89625715631,0.0253382980143
WNT,GLT8D2,-1.34771092712,0.0260913021981
WNT,EXOSC10,0.88038041589,0.0261491017389
WNT,CNGA1,-0.936614175281,0.0264693662657
WNT,RHOH,-0.893464254305,0.0267446090547
WNT,EXTL3,-0.852054909176,0.0270771176017
WNT,DMPK,-1.00250499802,0.0274344807203
WNT,PFDN4,0.808642344024,0.0280391283819
WNT,PTPN2,0.942575112756,0.0286111352376
WNT,RNF186,0.751390558596,0.0289413924788
WNT,ECE1,-1.61774938176,0.0290110467771
WNT,ING3,1.18937075595,0.0294322752538
WNT,VAV1,1.02980920484,0.0294658847668
WNT,B3GALT5,-0.857373993842,0.0295226663309
WNT,IGFLR1,1.56663157636,0.0295405938507
WNT,FHL1,-1.64302920564,0.0305617103984
WNT,HIST1H4L,1.3975372266,0.030902138301
WNT,LAT2,-0.895714793695,0.0314234612551
WNT,CACNG2,-0.593523857298,0.0315958538403
WNT,FNDC4,-0.826714890194,0.0317354626713
WNT,OPN1SW,-0.657255312321,0.0321406792988
WNT,ICE2,1.17252347783,0.0321809165665
WNT,FAM134C,-1.48040697916,0.0325483623114
WNT,CNTFR,0.677384299542,0.0332459779234
WNT,WDTC1,-0.857976455526,0.0334585892953
WNT,TNIK,-1.81114087692,0.0336416231618
WNT,MTUS2,0.647808553281,0.0338099191154
WNT,EDN1,3.01859591483,0.0340135147416
WNT,POU2F3,-0.816326132131,0.0342373128757
WNT,PTAFR,-1.27222423928,0.0345054623574
WNT,FGF4,0.52945930768,0.034676374331
WNT,TACR1,-0.735229420079,0.0347850543114
WNT,SLC15A1,-0.607173964746,0.0358339635891
WNT,CLDN10,1.20167006069,0.0360632772607
WNT,TEAD3,-1.12245850612,0.0370336904888
WNT,C19orf57,0.611110201437,0.0371450637729
WNT,ERVMER34-1,1.42723696071,0.0376590848108
WNT,PC,-1.45275868819,0.0378968129749
WNT,SPTSSA,1.82095024259,0.0379517123642
WNT,HBP1,-1.74457133069,0.0383067201717
WNT,ID2B,0.860574686847,0.0389893938426
WNT,GGA3,0.645986505584,0.0390773280881
WNT,SLC9A5,-0.475820971099,0.0395121264438
WNT,HOXB1,0.599719099085,0.039638069043
WNT,NT5M,0.907386925925,0.0396759788398
WNT,CD53,-0.591256506702,0.0398497995921
WNT,DHCR7,-2.23799636832,0.0399320195126
WNT,OTUD7B,-0.813817508215,0.0407562915713
WNT,TF,-0.953058663178,0.0416731966922
WNT,MAGI1,-0.62145704269,0.0422360250362
WNT,CAPN1,-1.09122517955,0.0422911708579
WNT,ABCA7,1.1381346323,0.0425461273003
WNT,PDE1B,0.64805982563,0.0425742632924
WNT,BCAP31,-1.08255913842,0.0426018251948
WNT,NCKAP1L,0.775533468972,0.0427381635141
WNT,LRRTM2,-0.970260425783,0.042951026757
WNT,GMEB1,-0.86390508043,0.0430801418096
WNT,SLC2A5,-0.942966590808,0.0433340220761
WNT,RHOBTB3,1.88752037522,0.0437034786606
WNT,PI15,-1.04380910277,0.043772128227
WNT,L2HGDH,0.783860921717,0.0438857167886
WNT,PLXNA1,-1.10426266687,0.0443572900304
WNT,SIRT4,-1.00517698581,0.0445009948495
WNT,CRYGD,-0.625208489135,0.0445482416815
WNT,ATP6V1B1,-1.02870173314,0.0450024351028
WNT,UCP2,2.71217989704,0.0452664983554
WNT,ENO3,0.91208996462,0.0452851964383
WNT,DBN1,-1.16807477133,0.0453838654716
WNT,CSNK2A2,1.19670868874,0.0454065558605
WNT,TNNT3,0.612745331179,0.045486475245
WNT,CD82,-2.25793257734,0.0458346438604
WNT,NCF4,0.942072606978,0.0459199999103
WNT,PIM2,-1.6417734264,0.0467164944754
WNT,MUTYH,1.11135225413,0.046987238914
WNT,MPP5,1.4990988865,0.0470852094775
WNT,PYGO1,0.832971395251,0.0472987815723
WNT,F2RL3,-0.609942112394,0.0473682205785
WNT,ZBTB7A,-0.538680340353,0.0477200406559
WNT,GDAP1L1,0.640632875271,0.0478055117518
WNT,CD22,-0.715617817294,0.0480068296664
WNT,NEUROD4,0.648404543714,0.0481122921709
WNT,ECI1,1.14866600655,0.0481485073895
WNT,ABHD6,1.13559554425,0.0486514393859
WNT,BBX,-1.43179302644,0.048752869477
WNT,THRB,-1.20400147861,0.0491537168846
WNT,TAS2R4,0.865072668989,0.0491937240047
WNT,PRSS21,0.780472002355,0.0495467108618
WNT,PYY,-0.532082732604,0.0496440656684
WNT,CTNNA3,-0.563611937822,0.0502364271543
WNT,EDA,-0.374800807771,0.050696954086
WNT,THG1L,1.27782683746,0.0508265079533
WNT,RLBP1,-1.00280098443,0.0514283837331
WNT,PNLIPRP1,0.458006795803,0.0514729868759
WNT,CUBN,0.920681584742,0.0516812433318
WNT,GMPS,1.26369177601,0.0519174801692
WNT,HCN2,-0.645382854643,0.052222668577
WNT,CRYBA2,0.81373930369,0.0526085736329
WNT,PIP5K1C,-0.982587281975,0.0528131806842
WNT,LSM8,0.978757853346,0.0530137013555
WNT,TYROBP,0.768330687491,0.0530445950163
WNT,TMCC2,-0.735128071278,0.0534852236444
WNT,TCP11L1,0.908390161563,0.0535313757443
WNT,GSN,-1.076031764,0.0540193290998
WNT,CKMT2,-0.645283915097,0.0541758195297
WNT,ZNF222,1.23204607345,0.0541783349944
WNT,PECAM1,0.973696445211,0.0542559420395
WNT,SNCG,-0.669106862794,0.0544633913294
WNT,DGKE,0.725247233281,0.0546209327495
WNT,MMP24,0.69446752152,0.0547465810546
WNT,RREB1,-0.521369464198,0.0550490814345
WNT,NEK3,-1.08568105798,0.0550587217301
WNT,RTF1,-0.711300209933,0.0559810806395
WNT,ESRP1,1.61307029048,0.0559860686965
WNT,TRAF3IP3,0.934787077549,0.0562266944136
WNT,MYCNOS,-0.53605181367,0.0565935677979
WNT,TLN1,-0.723930529946,0.0566980922504
WNT,KIF13B,-1.16778788811,0.0567919220219
WNT,TSC22D4,-0.817387528559,0.0569434222471
WNT,C1orf27,1.00062183376,0.0569467283161
WNT,CTNNB1,-1.19583311129,0.0569656107789
WNT,CST8,0.566105775184,0.0570234075249
WNT,SSR3,1.67107854516,0.0570449477534
WNT,SERPINB5,1.31781658703,0.0572149980817
WNT,LINC00474,-0.566216179353,0.057665957652
WNT,P2RX1,0.7467152555,0.0577567565327
WNT,SLC38A3,-0.958970319706,0.0579564577034
WNT,GEMIN7,0.732327505555,0.0580250806571
WNT,FAM105A,1.77563542607,0.0585581925634
WNT,ZNF226,0.931214522714,0.0594553460468
WNT,OSBP,-0.71637052325,0.0595007938045
WNT,LIME1,-0.768789677834,0.0595965660171
WNT,RAB3B,1.57243159549,0.0598524465987
WNT,ELF3,-2.51085440949,0.0600684123596
WNT,NSUN3,0.63230427107,0.0601193995754
WNT,TSPAN8,1.53478281949,0.060170605806
WNT,EPB41L2,-1.08934684497,0.0604144652948
WNT,ZDHHC18,0.69706815265,0.0610784748323
WNT,CRISP3,-1.30590724985,0.0611581855334
WNT,PPFIBP1,1.02443863248,0.0613902970635
WNT,VGLL1,0.879010238903,0.0615697504332
WNT,TIAM1,-1.36589517272,0.0616515390718
WNT,TRPV2,-0.854584900022,0.062024413419
WNT,ADGRL3,1.1025631237,0.062155786242
WNT,LZTFL1,-0.98157731023,0.0622413172241
WNT,PLXNB3,-1.1039637836,0.0628096615973
WNT,PIP4K2C,-1.00851007594,0.0629164522209
WNT,PLIN3,-1.29727929698,0.0630988599025
WNT,VPS51,1.27085527985,0.0631139031948
WNT,NAP1L1,1.13245565984,0.0633464637828
WNT,USP20,-0.842918982266,0.0633826504149
WNT,PABPC3,1.03060345641,0.0634536316915
WNT,DHRS7,-0.913715424896,0.0636149134525
WNT,ESYT1,-1.12890538332,0.0638632760425
WNT,S100P,2.71559428256,0.0639233436945
WNT,BCL2L11,-1.41820498356,0.0642718753199
WNT,PCP4,1.56368906403,0.064607539519
WNT,MALT1,2.01370396301,0.0647862013095
WNT,RPL15,0.812088801829,0.0653206690898
WNT,GATM,-0.810887345097,0.0654037097204
WNT,KCNAB1,0.465978163859,0.0654269986728
WNT,EDA2R,0.765316008556,0.065517183342
WNT,FAN1,0.651521883132,0.0657048399599
WNT,ATP6V0A4,-1.36684867802,0.0659491708307
WNT,ARSA,-0.703363954664,0.0661894237034
WNT,BAHD1,-0.804818543279,0.0662620040487
WNT,NBEA,-1.61067975587,0.0666925423774
WNT,FSHB,-0.54423936098,0.0670422947918
WNT,BTF3,0.523740044862,0.06731496611
WNT,RPL11,0.90539941737,0.0673371231843
WNT,SLC6A2,0.365106627072,0.0674480668488
WNT,BICDL1,-0.806552420395,0.0677040543175
WNT,ZFAND1,1.41276953073,0.0680210619686
WNT,NR2F6,-0.693880458936,0.0680693584426
WNT,KCNK15,-0.799623112692,0.0683252139487
WNT,CECR1,1.00644612141,0.0683842224647
WNT,ATP5F1,0.744961268774,0.0683850374115
WNT,ETV5,-2.50476246571,0.0684970096673
WNT,PNLIPRP2,-0.638851099046,0.0684995823477
WNT,FAM110B,1.16509188969,0.0685620775966
WNT,HOXB2,1.20985722724,0.0686830432575
WNT,OVOL1,0.968510645898,0.0687778897264
WNT,GPR18,-1.08019613642,0.068814756509
WNT,UCP1,0.544787554024,0.0695155360479
WNT,PSTPIP2,1.89408729752,0.0695696007317
WNT,WFDC8,-0.556649337328,0.0696807965426
WNT,B3GALT4,-0.900999512512,0.0699432222603
WNT,ABO,0.58855949351,0.0700530923117
WNT,ERN2,0.504623422774,0.0700536896539
WNT,CRYZ,-1.59138928045,0.0701312181975
WNT,FTSJ1,1.17237424038,0.070296984314
WNT,UNC45A,-0.508440916029,0.0706587477862
WNT,ZNF442,0.794829981281,0.0707720233892
WNT,EFCC1,0.537061854347,0.070974334197
WNT,SMAD2,0.759965336154,0.0710330803374
WNT,DPH5,1.24402786147,0.0713492986917
WNT,ETS2,-1.84105533105,0.0714122516389
WNT,MYO19,0.97734769081,0.0715005687168
WNT,ZNF426,1.07318768264,0.0717092489518
WNT,GLCE,-1.84746772997,0.0717743135266
WNT,ANKRD26,0.828339962132,0.0718036194503
WNT,DGKG,-0.725355992424,0.0718427983307
WNT,VSX1,0.420486437981,0.0723206175856
WNT,FBXO3,-0.851239985055,0.0723713376807
WNT,CMKLR1,0.661274322815,0.0723979560999
WNT,HAND1,-0.595727761404,0.0727117300868
WNT,COL11A2,-0.700343398644,0.0728404740566
WNT,PIK3CD,-1.08283120389,0.0729044344563
WNT,SLC2A2,-0.593535752595,0.073218334899
WNT,YARS2,0.815732224084,0.0734437205993
WNT,PAN2,1.34911187444,0.0736250725118
WNT,ACTR1B,0.767541377944,0.0737970975794
WNT,MTIF2,1.2581740438,0.0738951142289
WNT,CHMP7,-0.768241887957,0.0739002904566
WNT,FCAR,0.44745351367,0.0739844861185
WNT,AKAP10,-0.848465157162,0.0740122396178
WNT,BTBD3,-1.4437911896,0.0740983640358
WNT,CDH2,1.15562178249,0.0742475418992
WNT,PTCD2,1.07306254845,0.0743292394071
WNT,AGTPBP1,1.05070713749,0.0757473188435
WNT,NUDT13,0.765802641571,0.0757546611687
WNT,AHSP,-0.492542043741,0.0762574058769
WNT,RGN,-0.708346511052,0.0763097656978
WNT,DUS4L,1.10459452587,0.0764928371365
WNT,SRSF4,-0.782044079052,0.0767960942187
WNT,FCRL2,-0.398858834948,0.0768697209212
WNT,PRKCG,-0.48537044195,0.0769006983872
WNT,KCNA10,0.573172940171,0.0775608490015
WNT,MFSD9,-0.714415580896,0.0776441883779
WNT,BAHCC1,-0.626740317041,0.0780791513301
WNT,DENND1C,0.764730409654,0.0783501559714
WNT,PLEKHS1,-1.2355838531,0.0783986206046
WNT,CHI3L1,-1.59090493071,0.0784309659116
WNT,GPHN,1.01512886864,0.0784354188669
WNT,GMFG,-1.02107037215,0.0787030714421
WNT,NR2F2,1.47084188047,0.0787814329272
WNT,POPDC2,0.705405482456,0.0789550770178
WNT,MMP20,0.581258019798,0.0790985420797
WNT,FGL2,1.03054110312,0.0793225811952
WNT,DRD2,0.450634487989,0.0801605606086
WNT,ZNF804A,1.52128998088,0.080404655222
WNT,ABCD1,-0.851047188842,0.080564144608
WNT,OAT,-1.4289232058,0.0807483607173
WNT,IL12A,-1.32293611174,0.0807651435725
WNT,TGFBR1,-1.29361066515,0.0809737467051
WNT,PLEKHG6,0.778785017658,0.0810658257
WNT,HYI,1.02287227979,0.081191589095
WNT,EFNB1,-0.729107031319,0.0814179517619
WNT,SUN2,-1.09662484708,0.081441426234
WNT,OR10H3,-0.590648918921,0.0815933896528
WNT,MAGEA11,-0.766237742264,0.082220472976
WNT,MVK,-0.75475783428,0.0823667240027
WNT,LBH,2.29689004778,0.0825607020095
WNT,FAM63A,-1.29214200574,0.0828746809336
WNT,KLHL41,-0.705479542755,0.0830511586057
WNT,CCR1,-1.30837714917,0.0832145368219
WNT,RIN3,0.585105334139,0.0835409011365
WNT,ELF5,0.882643044646,0.0837652881275
WNT,ATP7B,-1.05576922983,0.0840025507029
WNT,MUC13,-0.918559543876,0.0840537629068
WNT,MUM1,-0.80943911507,0.0842452625707
WNT,AKAP5,0.839438344225,0.0843472242488
WNT,SLC17A4,-0.436560375739,0.0849237600068
WNT,PDGFC,1.74785885626,0.0851845283502
WNT,FKBP10,0.860526810258,0.0859145497303
WNT,LRPPRC,0.912680948233,0.0861569231339
WNT,PDE8A,0.830303743012,0.0863542486025
WNT,ANAPC10,0.964420602515,0.0864385844824
WNT,PIP4K2B,-0.522432834496,0.0864539157706
WNT,SLC6A16,-0.731677950265,0.0865086981224
WNT,PDCL,-0.710925781195,0.0866527955591
WNT,GTPBP3,0.706571406541,0.0866763921017
WNT,RAB11B,-0.633911539384,0.08682799745
WNT,KIAA0513,-0.987048461411,0.0872614254749
WNT,C8A,0.515345712091,0.0872887245808
WNT,HERPUD1,-1.61445063186,0.0874256004843
WNT,SLC26A4,-0.928944866447,0.087442983754
WNT,MUS81,0.807639368488,0.0877433582341
WNT,SNTB2,-0.82962210018,0.0877959440184
WNT,KCND3,0.504099181286,0.087876894426
WNT,TAS2R3,0.661313280538,0.0878879714808
WNT,CHPF,-0.961941259767,0.0878948976653
WNT,HEXB,0.975558627332,0.087914589727
WNT,FGF9,-1.07096100425,0.0882679734611
WNT,BMP5,0.838989840012,0.0885120680428
WNT,XK,1.56698642995,0.0889417741236
WNT,HAO1,0.52689102683,0.0891372079495
WNT,GNAT2,0.579644005982,0.0892874262497
WNT,NECTIN1,-0.540818054906,0.0897482792663
WNT,TCF7,0.711206308266,0.0899207914528
WNT,PPP1R14D,0.772647117814,0.0899532081991
WNT,PSORS1C2,0.529767776362,0.0902895664599
WNT,THAP10,1.3906613913,0.0903136404102
WNT,CDK5RAP3,1.13311607924,0.090681602862
WNT,ELAC1,0.89270309467,0.0912425827769
WNT,PRKD2,-0.939307929882,0.0912683193329
WNT,BAIAP3,-0.473838632907,0.0913131184188
WNT,HOXD12,0.621771631014,0.0913337045505
WNT,FAM32A,-0.952428476382,0.0918180832549
WNT,CFAP70,0.542679037722,0.0918365510758
WNT,PCDHB6,-0.781886093913,0.0924625295681
WNT,ISYNA1,-1.00961813874,0.0928520052808
WNT,INSIG1,-2.92778961873,0.0932645288278
WNT,CCNB1IP1,1.55880298147,0.0932789279961
WNT,IRF2BP1,0.563917519326,0.0932837183192
WNT,MTHFD2L,0.821367820981,0.0933019582642
WNT,KBTBD4,-0.957901630532,0.0937035892884
WNT,DLG1,0.868675543413,0.0941086426081
WNT,FZD9,0.634061290817,0.0944111602232
WNT,AP5S1,0.815701289291,0.0947071505419
WNT,NR3C2,-1.05531044756,0.0949347753019
WNT,HSPA4L,-1.71202050874,0.0952173492887
p53,GLS2,6.452464884676295,7.444302119114394e-37
p53,MDM2,8.193488269182302,2.11943038773031e-35
p53,ZNF79,4.020263344398706,4.598743461223099e-34
p53,FDXR,11.994495921690353,5.589482112157636e-32
p53,LCE1B,11.81373659688734,7.809540411041469e-30
p53,FAS,12.03060138237465,5.084622819683363e-29
p53,CABYR,6.125471912191974,7.222742369849846e-29
p53,SESN1,12.529228897463508,1.1006063162621056e-27
p53,PIDD1,5.9606407237831895,8.951616615973906e-27
p53,TP53I3,18.261147329238344,7.054366682767536e-26
p53,ABCA12,9.597182118769553,1.4456440839259408e-25
p53,SMIM10L2A,6.372565195229573,1.9700412400591054e-25
p53,WDR63,13.098405880124508,3.529796272317069e-25
p53,LOC727916,13.95235788835845,8.1708934012021265e-25
p53,CDKN1A,15.956970310754725,1.1433541637266969e-24
p53,SPATA18,7.848997964782883,9.931028589379374e-24
p53,CES2,7.280384841566823,3.510565638252734e-23
p53,UNC5B-AS1,9.43176896169473,1.805623562083192e-22
p53,CDIP1,5.049443582282436,2.1191086822643055e-22
p53,RETSAT,7.1367279861364885,2.1643910187521175e-22
p53,PRKAB1,4.520029459285258,4.368610794567393e-22
p53,CYP4F2,4.139434854074782,4.461810686551058e-22
p53,KLHDC7A,4.5662746090957205,5.802258547614345e-22
p53,GPR87,10.836121759977534,5.815992995409197e-22
p53,POLH,5.176012643300875,9.80645884129403e-22
p53,XPC,6.587026008593313,2.0325793992613876e-21
p53,PPM1D,6.249520581062231,2.274331303140215e-21
p53,ANKRA2,10.889630974186883,2.3274710913417092e-21
p53,PADI4,4.107730147663894,2.525955743394791e-20
p53,NECTIN4,9.30887621816103,3.571951752913305e-20
p53,SLC52A1,4.155589845831009,4.333476251537492e-20
p53,PHLDA3,6.790437343039215,2.3013971354221595e-19
p53,DDB2,8.185583260145169,9.811928600856914e-19
p53,RRM2B,10.632927679406718,1.2367909697861247e-18
p53,EDA2R,3.1791323026964338,1.2761386677329318e-18
p53,ZNF337,3.3017630301456933,1.7112964298839239e-18
p53,MUC19,7.040110233355504,7.882477631858185e-18
p53,TNFRSF10B,6.009459388470295,1.4686211598265458e-17
p53,FBXW7,4.283285582331321,1.854197184646915e-17
p53,CLCA2,10.519255935623086,1.9611077963640677e-17
p53,ZMAT3,7.956698264614689,2.008236642898918e-17
p53,STAG1,-3.8651133486903544,2.8698027860194254e-17
p53,TMEM63B,4.807352226655814,3.615937927494014e-17
p53,SCN3B,4.85900175146136,3.6707496067045675e-17
p53,DRAXIN,6.014405244852632,4.03344353225948e-17
p53,SERPINB5,4.796405609625523,4.1128405846498066e-17
p53,RPS27L,6.25116452788065,1.1694257980802928e-16
p53,FAM13C,4.314974533860352,2.0119053036798872e-16
p53,DGKA,5.381505634253098,2.0309716836866343e-16
p53,TIGAR,10.151495414110276,3.125945355536782e-16
p53,MIR34A,11.19059314610471,3.5609472349546375e-16
p53,NRF1,-2.3510351484879664,3.677428704297723e-16
p53,ACER2,11.596064389645838,4.565216021900482e-16
p53,TP53INP1,8.65838226312228,4.973172228309132e-16
p53,STX6,3.465799996306623,6.751523609101231e-16
p53,BLOC1S2,7.412623260713744,7.305200523474058e-16
p53,CMBL,5.050855729202823,7.524814910614975e-16
p53,SRGAP3,2.5185476046162667,7.683250355713695e-16
p53,TMEM27,6.82934107641466,7.984341865558745e-16
p53,GRIN2C,1.839359805817828,9.251509592853384e-16
p53,CYFIP2,7.060904559614862,1.0711143957489865e-15
p53,TRIAP1,6.422788982189964,1.1169330549810198e-15
p53,ISCU,5.5123499539822856,1.5635718212513168e-15
p53,ARHGAP11A,-7.976226363284924,2.1768799171797903e-15
p53,CCDC90B,3.3881094626363772,3.085718589942541e-15
p53,LOC400710,4.245149037088769,3.1444724913856215e-15
p53,NADSYN1,3.836912580332245,3.311624237752211e-15
p53,ZNF561,10.123218197683357,5.6136896090783975e-15
p53,ZSCAN4,3.1834625061636643,5.872070637093615e-15
p53,INPP1,7.488075835821861,5.903849617619438e-15
p53,C17orf82,3.2782830579474624,5.9962774545603695e-15
p53,TEX37,3.038482577506853,8.80592913727539e-15
p53,PGAP1,5.574287106918351,8.95202176248495e-15
p53,NBEAP1,6.712308533482899,1.0637206507919596e-14
p53,CSTA,9.006077703707733,1.1419112922293592e-14
p53,DQX1,4.387116105937616,2.3399504991014926e-14
p53,PGF,4.454846512360694,2.7332038825944816e-14
p53,GRHL3,8.21231017387999,3.2644589014772715e-14
p53,C2orf66,11.503174325222073,3.496683755947353e-14
p53,FBXO22,3.6925260016270243,3.8585519096939874e-14
p53,ANKRD20A12P,3.6917744097009813,4.144128972121403e-14
p53,KANK3,2.9054397971751946,4.554789172636946e-14
p53,RINL,4.514689686626452,4.929636267522997e-14
p53,AK1,4.352992415044511,5.5135978471199295e-14
p53,ZNF83,-5.857518761394605,5.63136129860962e-14
p53,CYSRT1,5.076430758731781,5.902853842332645e-14
p53,GDF15,9.773981683840189,6.074626247332534e-14
p53,GRIP2,2.527611464512725,7.259838668833464e-14
p53,EFNB1,2.8656789911934504,9.567793016343545e-14
p53,AKR1B10,10.322077340036804,1.0531819700144747e-13
p53,CEL,4.049534672263433,1.2753774602132733e-13
p53,PLTP,6.885032885088286,1.4122245471989632e-13
p53,HSD3BP4,6.318719213986716,2.3713804073456454e-13
p53,SLC44A5,5.043420920412067,2.4261704865491415e-13
p53,EI24,4.09203042424567,2.473976855981682e-13
p53,CSMD3,4.812601463006893,3.0518065965282343e-13
p53,RGAG4,4.585514534840213,4.189441639804405e-13
p53,PDE6C,3.0141354028269594,4.593418278377203e-13
p53,CARNS1,4.538733844691278,4.730570458228757e-13
p53,LCE1C,30.220747276406065,6.048833086799862e-13
p53,CCDC150,-3.174527111270652,7.396252013866982e-13
p53,LCE1A,6.154822839299324,8.475457514198004e-13
p53,TREM2,4.101936615114059,9.739648030807855e-13
p53,GDF9,3.3557413439827735,1.0874333229436074e-12
p53,NHLH2,2.201637917221153,1.6515823556930304e-12
p53,SLC25A45,4.919806774322647,2.1374885276028583e-12
p53,TYMSOS,4.147952580587856,2.3625145214594343e-12
p53,LINC01021,8.217906669356246,2.465602650861848e-12
p53,TMEM68,5.098736106854539,2.7359502480643134e-12
p53,CYGB,3.201946832488457,2.8233586226310563e-12
p53,PHLDB3,2.5737740899539103,2.872863961448236e-12
p53,BTG2,10.225223099447305,2.9314634943767225e-12
p53,CLP1,2.8838410067713474,4.269944154629156e-12
p53,ULBP2,4.654541772030057,4.89685207954298e-12
p53,MON2,2.309476279928021,5.045518464279409e-12
p53,APAF1,3.5573357094442355,5.72744168458617e-12
p53,C12orf45,6.131803679287929,6.774283888141577e-12
p53,MR1,5.319742745674621,7.517285876998654e-12
p53,BTBD10,4.623417985761804,7.534122592499049e-12
p53,LINC00475,2.3430123442107376,8.199082518407373e-12
p53,NLRX1,3.2754804570421165,8.224221971502433e-12
p53,INPP5D,3.1245075834147733,8.48413591339903e-12
p53,TCERG1L,2.3741200164725793,8.858662431752372e-12
p53,APOBEC3C,4.29626538959128,9.598755875693493e-12
p53,CDKAL1,-2.1538300173857925,9.650452072408587e-12
p53,SNX32,2.291810776181876,1.0617304017710508e-11
p53,BLCAP,4.625993263333322,1.1740720927617295e-11
p53,SKA3,-7.6440598694835655,1.2843166213529634e-11
p53,IKBIP,7.3303129354369165,1.3997851110340364e-11
p53,TRIM3,1.5737280797459317,1.5849426945596972e-11
p53,CENPF,-5.513819548358304,2.1140034685308928e-11
p53,CEP128,-4.1553294012497,2.4022697906388766e-11
p53,C14orf28,5.419559856828609,2.7429211701689458e-11
p53,HEPACAM,4.41631276392725,4.361243887679859e-11
p53,RASAL1,1.8951772043783919,5.096674694788344e-11
p53,H2AFX,-3.356422884775557,5.561876213700003e-11
p53,ATP6AP2,2.461728538848199,5.791802856024812e-11
p53,ZNF385A,3.71368074231343,5.903270006375123e-11
p53,TRIML2,3.814693447318749,6.452498296034871e-11
p53,HOXC13,3.102267520139579,6.960742690084711e-11
p53,EPPK1,4.712021680020393,7.13782155341891e-11
p53,GADD45A,10.535211502432992,7.644199786881766e-11
p53,CWF19L1,-2.5231002638671622,8.594570929435502e-11
p53,RALGDS,4.8460953135154785,8.769816944032821e-11
p53,PADI3,4.176587620558642,9.657351414706272e-11
p53,NSG1,4.380660362621767,1.0692422472407914e-10
p53,LCE1F,10.285831155307218,1.0737635510118947e-10
p53,G2E3,-5.624788068118586,1.172751592051137e-10
p53,SULF2,8.884271334303463,1.3315655159153675e-10
p53,CLSPN,-4.428156928287413,1.58319392909406e-10
p53,CEP85L,3.581337850461149,1.641712428826138e-10
p53,PPM1J,2.926883054655273,1.7453967690352563e-10
p53,TICRR,-5.083488353769892,1.7913174275287282e-10
p53,CCDC63,2.6458029079801877,1.9851240453614235e-10
p53,ZFPM1,1.8262892300272888,2.0520120835632415e-10
p53,DUSP14,5.136928275792513,2.162127946816711e-10
p53,TAB3,3.441018072413461,2.195419047595292e-10
p53,HS3ST4,2.066360806203,2.3709125440344366e-10
p53,ZBTB2,-4.6312652042379625,2.493318728565484e-10
p53,HES2,1.6416737939067492,2.649901797424712e-10
p53,TSPAN11,4.673894342509763,2.7050345671608723e-10
p53,MTFR2,-5.539940954560779,2.9961689985849885e-10
p53,RBFOX3,1.8061325270601443,3.0424925020340953e-10
p53,INCENP,-2.941565017055349,3.0733758547233827e-10
p53,PLCL2,2.640715671534282,3.552768633273477e-10
p53,RSRC1,-3.3608169734443516,3.572788695410233e-10
p53,HCAR2,12.296806402537344,3.779895978326023e-10
p53,PLK1,-6.995838713498263,3.909330613542226e-10
p53,PARD6G,2.387237425098004,3.9515068854471245e-10
p53,SUGCT,4.683483936813126,4.090229666432795e-10
p53,VWCE,3.538954829825122,4.1401460964395454e-10
p53,DNAJC18,4.076035742429886,4.318143297588923e-10
p53,SLC30A1,4.390125367743284,4.44993042114981e-10
p53,XG,2.737576525449609,4.4720199041055997e-10
p53,WFDC5,3.0882407222657133,5.130814217544199e-10
p53,FLYWCH1,2.127843855485669,5.1835550267519e-10
p53,DPYSL4,3.2966266717340122,5.488763015832385e-10
p53,WHSC1L1,-1.8449640556249232,5.769696858169065e-10
p53,NEURL2,6.459539423914289,5.850526258478062e-10
p53,HHAT,4.0515191819861265,6.240658044616136e-10
p53,OR7E19P,2.0928867646837803,6.449211079105048e-10
p53,BAX,4.344254704047854,6.480595614453195e-10
p53,TSGA10,2.4049580330428193,6.875311655361834e-10
p53,DSC3,5.011588859485959,8.941584277746522e-10
p53,PLCXD2,3.63443820248488,9.032848877440234e-10
p53,BUB1,-4.604056602711917,9.90533336989356e-10
p53,ALMS1,-2.5431700072705006,1.0574487937552708e-09
p53,CHRNA3,1.6593694817736702,1.082391218560638e-09
p53,C7orf57,3.299266336538647,1.1029569698876013e-09
p53,PLK3,4.635378259977745,1.20181337313972e-09
p53,AGBL5,2.742715358019779,1.2230658310171158e-09
p53,CEP170B,3.1623906140326885,1.3155557685390873e-09
p53,GNGT2,2.551762923874232,1.3862941962999139e-09
p53,CCNK,2.045753083108783,1.389677747890094e-09
p53,MLF2,3.289393197819393,1.4129596053773793e-09
p53,LRP10,4.3250568849773785,1.482072545745309e-09
p53,WDR76,-6.172771711412075,1.5911633275674439e-09
p53,ARVCF,1.7882156210140072,1.7564875404914113e-09
p53,CEP295,-2.249846490011355,1.834166483091697e-09
p53,REEP2,2.1530463143164185,1.98505103648421e-09
p53,ING5,-1.7861059736543514,2.1109175861488437e-09
p53,BBS7,3.246546548313917,2.3249189322611564e-09
p53,RALY-AS1,4.282206083486146,2.3445145996315345e-09
p53,SGO1,-4.878325363785967,2.3988193786940695e-09
p53,KLC3,2.1380884067701027,2.4346391937163286e-09
p53,RNASE7,4.776755438348176,2.7306018117601626e-09
p53,CDH10,5.802510182319072,2.7722938412329506e-09
p53,CFHR4,2.582037084093932,2.8839217993535586e-09
p53,ALOX5,2.7417889867265615,2.921262187222157e-09
p53,ZDHHC6,-2.859633770464405,2.963342551818163e-09
p53,CENPI,-4.515211897372382,3.0174531058501533e-09
p53,CERS5,2.000468058791601,3.2248982403083158e-09
p53,COQ8A,4.1050437812718386,3.26421902791684e-09
p53,LACC1,8.387451794400649,3.338190076406375e-09
p53,RALGAPB,2.3315157770923705,3.370646561235946e-09
p53,KLHL30,4.23743118542772,3.4129374612320147e-09
p53,TRIM59,-5.86204889609867,3.5067447001875447e-09
p53,PLA2G2A,-4.158610197475667,3.635468623680217e-09
p53,ABHD4,4.760643643360962,3.6425716198738826e-09
p53,KIF18A,-6.158223297311894,3.656062339187326e-09
p53,SLC12A4,1.8095905794055633,3.668779653399625e-09
p53,MED23,2.441862921540165,3.783529101672817e-09
p53,PHYH,4.563915748670488,3.810770976698857e-09
p53,SCN2A,3.710106436773237,3.870283917416787e-09
p53,ACTA2,3.974285191576326,3.9247687608478404e-09
p53,BBS4,3.2668508571628605,3.969024800337299e-09
p53,GPSM2,-4.603770466011865,3.995130464446262e-09
p53,TRAF4,3.0997966218812687,4.145271289236937e-09
p53,CSNK1G1,2.164049023521823,4.336846425584906e-09
p53,GSTA2,8.147193026125029,4.563670788291556e-09
p53,MIS18BP1,-4.062383206529943,4.731752386938311e-09
p53,ZDHHC15,-1.928093466318323,4.824172620903079e-09
p53,MSH6,-3.556769977337556,5.034492008414887e-09
p53,DLEU2,-3.2615414549959496,5.258003382684162e-09
p53,LYRM9,2.9621758845765056,5.372967011054724e-09
p53,TP53,4.91371400524448,5.426996523720726e-09
p53,ANXA4,6.27280171206051,5.471281373531746e-09
p53,RAI2,2.573321688798563,5.55182754391327e-09
p53,EGFLAM,2.716990366455603,5.675345683237971e-09
p53,C1QTNF1-AS1,4.70911657777391,5.734049721705407e-09
p53,ELP4,-3.0347124277541404,5.813749107637154e-09
p53,EML2-AS1,4.354951141653911,6.505775283002773e-09
p53,MTBP,-3.3786116378975106,6.5084841684412e-09
p53,STXBP3,2.824145486276115,6.62400746469625e-09
p53,CPT2,3.523478701805503,7.344732435728864e-09
p53,APLP1,3.1343532089535877,7.385546310126476e-09
p53,SMC4,-4.921485393975885,7.4424550196948925e-09
p53,TRIM35,3.846486397164772,8.049342454597753e-09
p53,PEX14,-1.4537873643279622,8.714739183323829e-09
p53,RPL23AP53,1.9109986353621917,8.750105488025369e-09
p53,WHSC1,-3.2659904642036155,8.868847099297549e-09
p53,LOC401068,4.513880631702046,9.07343250689439e-09
p53,DIAPH3,-3.6538797935776817,1.0579892003658201e-08
p53,RNF216,-1.456230067744307,1.0612061787488684e-08
p53,ZFYVE1,5.86594295836281,1.0985245789978797e-08
p53,TP53TG1,4.334439314841932,1.165187129983079e-08
p53,GEN1,-4.065640358636587,1.2310923256025192e-08
p53,OR52N4,9.91611847677872,1.3360761320183048e-08
p53,FANCC,-1.8637926540690022,1.3694398391707693e-08
p53,DENND2C,3.010709710165683,1.4592514047780003e-08
p53,CXCR2,3.5242924304252354,1.634006808138975e-08
p53,SPIN1,-2.7911521328527837,1.6561051471435716e-08
p53,SYTL1,5.14972158817789,1.7025299479933773e-08
p53,PAK5,1.2707990528756485,1.710091746896424e-08
p53,CST3,3.375018852553579,1.8263972860170754e-08
p53,SMC3,-3.3868914945316324,1.871998103767713e-08
p53,IGDCC4,5.006066254358441,1.8947124689932007e-08
p53,TAF3,2.7302668037347746,1.8960515694867678e-08
p53,KNL1,-3.6300643216405217,1.898728889997309e-08
p53,LOC284080,2.365527577593027,1.921912807477482e-08
p53,SESN2,8.09489835641706,2.0488137578071636e-08
p53,FANCD2,-4.071006100107169,2.0639877497129952e-08
p53,GPX8,-5.546212779937727,2.081128359150669e-08
p53,KLHL23,-4.655532438725732,2.1283735183559093e-08
p53,PLCD1,3.1389537837394186,2.1530923228938617e-08
p53,KPNB1,-2.939161900241516,2.2156778610098638e-08
p53,HIST1H2AB,-3.7790271812263017,2.3045481291069545e-08
p53,PRIM2,-3.1013254929800285,2.3094071844298656e-08
p53,ZNF440,1.5119669871590689,2.3321859623199875e-08
p53,FAM210B,6.677114676306396,2.4003522903854698e-08
p53,FRMD8,2.1206590400858674,2.489822255536056e-08
p53,RGMA,1.8405632799598277,2.5015817660401124e-08
p53,KIF22,-4.068269440368676,2.7671511579873787e-08
p53,CLEC17A,2.7679556063084894,2.8771430830193116e-08
p53,CCDC14,-2.184085396213878,3.172685336733644e-08
p53,UBE2D2,-1.727687870872367,3.4152730898207404e-08
p53,AMZ2,3.6623019051875567,3.564744131654303e-08
p53,KIAA1524,-6.04338725618639,3.7509030063677043e-08
p53,GAL3ST4,2.6102274811710986,3.752156755277325e-08
p53,DUSP11,2.9311874236063584,3.7632652497337584e-08
p53,CCS,2.545015315705153,3.8630142093450665e-08
p53,GAS2L3,-6.646552706320687,3.9036235448888365e-08
p53,STIL,-5.681272222464002,3.906173442527538e-08
p53,TMPO,-5.025895602985614,3.9122631830294984e-08
p53,BRCA1,-4.921529205341512,3.913176839040522e-08
p53,SLF1,-4.33348855193985,3.9137135445732555e-08
p53,GLTP,3.468165990847467,3.95987429026948e-08
p53,MRPL39,2.9269379862034,4.15175170981117e-08
p53,CCNF,-4.172121859942561,4.18894551371527e-08
p53,USP28,-2.8744220441566277,4.351305405363045e-08
p53,EML2,1.5225556397520432,4.379899416653066e-08
p53,PKP4,-2.693788141395338,4.417260968610775e-08
p53,SCLT1,-3.4739838824268108,4.4899203419931445e-08
p53,PDS5B,-1.9022194586586265,4.523608808622674e-08
p53,PTPRU,2.398300851352139,4.7003674842023367e-08
p53,TBL1XR1,-2.8862394571548315,4.703808728372093e-08
p53,MPHOSPH9,-3.4698779236307025,4.8244369698717035e-08
p53,PORCN,2.7457871525909203,4.9413906292424266e-08
p53,LOC101928173,4.659056926013327,4.942149968681236e-08
p53,TNFRSF14,3.836740199057359,5.425355639519625e-08
p53,HNRNPDL,-2.492432859624309,5.4892153881008456e-08
p53,NIN,-1.8179459605891375,5.5577744505763956e-08
p53,F5,2.397853726640038,5.7468425567703744e-08
p53,MKI67,-5.680339777754956,5.758565244314808e-08
p53,THOC2,-2.108178221401876,5.858359393112062e-08
p53,POLA1,-4.943873296980267,5.9118731354402594e-08
p53,TMEM52,2.596648009634482,6.576949627725925e-08
p53,MAST4,3.1152292699419664,6.769733498591429e-08
p53,CENPL,-4.836620266221541,6.785359414205477e-08
p53,ZGRF1,-2.8881545466486975,6.917192331854764e-08
p53,HS3ST6,1.9714651211021779,6.947507794534321e-08
p53,ZBBX,1.6710352114936389,7.085529694558618e-08
p53,CENPA,-4.573875640711293,7.234560338085547e-08
p53,TDRD3,-2.2774131122088,7.477797773972146e-08
p53,SLC35D1,3.493617498971785,7.614210303720542e-08
p53,ZNF767P,3.060502483301155,7.743653192139936e-08
p53,KEL,1.4639561781081722,7.788056781060152e-08
p53,LZIC,-2.5773322363823192,7.84745718951886e-08
p53,BTBD19,3.9256092482698355,7.855210266906877e-08
p53,MCPH1,-1.6050374937444762,8.551558921780941e-08
p53,RNF157-AS1,4.069135495769175,8.59420303911412e-08
p53,CEP57L1,-1.8045840218414653,8.60261660414597e-08
p53,BARD1,-4.280615264582528,8.711452377266568e-08
p53,CES3,1.4201769565508497,9.199218835283671e-08
p53,DIAPH2,-3.244356937193214,9.263324343859922e-08
p53,SMARCC1,-2.4356295081929678,9.487590398592625e-08
p53,GAS6-AS1,3.5249290780564264,9.63519567160777e-08
p53,BORA,-4.79838980377805,9.707893804198773e-08
p53,ABCA1,3.5501002771802663,9.735906872232155e-08
p53,AURKA,-5.304500744570321,9.820797559158769e-08
p53,PIF1,-2.7754710409981684,1.0203336372926514e-07
p53,KIFC1,-4.762547114260836,1.025595236913971e-07
p53,PDS5A,-2.1683100205102117,1.0606401323784797e-07
p53,SPATA25,2.668450370337429,1.0712621108512697e-07
p53,EPS8L2,2.6153504017621554,1.1319229587644323e-07
p53,MICALL1,3.638279141300272,1.1392654307691875e-07
p53,CASP2,-2.250469784485403,1.1414955259463446e-07
p53,RBM38,3.271092571114915,1.1526947359619476e-07
p53,BRMS1L,3.410623728963074,1.1655614837053432e-07
p53,BUD13,-2.8502115507795596,1.1729850149881515e-07
p53,TCHP,-2.976465370721885,1.2416452727651894e-07
p53,CDC25C,-3.3583208321388898,1.2532703475153897e-07
p53,SCN4B,3.447374308847081,1.274200940942191e-07
p53,TPX2,-6.894553768179229,1.276313148905674e-07
p53,NUP98,-2.8869587449384615,1.2771996105982819e-07
p53,ANP32B,-2.901766773858947,1.2913663270293548e-07
p53,SGK2,1.3838437055515287,1.3273084888244684e-07
p53,C9orf66,1.9029547277308063,1.3488247939718775e-07
p53,RPGRIP1L,-2.536765076366848,1.37052659839174e-07
p53,DHRS7,2.081404729961528,1.3832731500380998e-07
p53,RABGGTA,2.294622507180544,1.4063024838622459e-07
p53,SMCHD1,-2.643463803815905,1.4436575300354426e-07
p53,TNPO3,-1.9476396485036647,1.4644068562626279e-07
p53,ZMYND11,-1.9915917161905958,1.4696997629412175e-07
p53,CAPRIN1,-1.756275373284895,1.5100283918355547e-07
p53,SKA1,-5.299986794690881,1.5393696655795537e-07
p53,PLK4,-4.710095872610407,1.5682744362986405e-07
p53,MCM8,-5.114659040800606,1.632466153237685e-07
p53,HAP1,1.2470523929526274,1.6592139506420295e-07
p53,PAPOLA,-1.9645728437184733,1.6602206374203156e-07
p53,CCDC77,-4.16097116806346,1.6652112896047173e-07
p53,FAM98C,3.1781221840608205,1.7445296039722809e-07
p53,ESCO2,-5.083544342169712,1.788724321286747e-07
p53,C18orf54,-4.116822068652432,1.8040434737530812e-07
p53,LRP2BP,1.7846626558484133,1.807261826381635e-07
p53,PTCHD4,2.958549244552581,1.813979416816156e-07
p53,CTCF,-2.3502744571167304,1.862552662332596e-07
p53,DEPDC1,-6.298602051879224,1.9080039654197006e-07
p53,EWSR1,-1.9555395855699178,1.925520298500119e-07
p53,ADCYAP1R1,1.4647914572558522,1.9464372893674176e-07
p53,ANP32E,-4.206028337980161,2.0501005952837212e-07
p53,PROM2,1.5727382524721198,2.0793898358955493e-07
p53,PARP2,-3.926246124245258,2.0804010078248975e-07
p53,SPATS2,-2.1523873151638613,2.0839790527792033e-07
p53,POLD3,-3.454437647497735,2.1501279914200347e-07
p53,HIST1H2BM,-5.098320113660137,2.2223001602650112e-07
p53,RHAG,1.007440514101463,2.255431720817177e-07
p53,FITM2,2.7338370094844278,2.2864530190782013e-07
p53,SEPHS1,-2.919698027624164,2.300351073454264e-07
p53,SUSD6,6.558236820926542,2.3239901886339212e-07
p53,PRR11,-3.936420703251701,2.3704218729082945e-07
p53,KIF23,-5.787498920258885,2.4798840541995467e-07
p53,NATD1,4.257590417111127,2.5796309423986445e-07
p53,UBR5-AS1,5.812688921095566,2.5965969279934126e-07
p53,ZMYM1,-3.3371325424632947,2.670528137369554e-07
p53,SASS6,-4.846372068615228,2.6772743326848534e-07
p53,TNFRSF10C,2.1454200605343052,2.727393630371532e-07
p53,CENPO,-3.164207809656455,2.7830788899251707e-07
p53,CRYAB,6.234844761045138,2.818614076558061e-07
p53,BRIP1,-5.2118439540597015,2.836119035863703e-07
p53,FUT8,-3.546822596697875,2.851296728673652e-07
p53,CELP,1.6614519598590398,2.864814567965698e-07
p53,MAEL,2.5920860353960666,2.8710666667114995e-07
p53,GAST,1.6201666852238477,2.912160056723511e-07
p53,KIF17,1.5922147854645798,2.933867097608298e-07
p53,NLRP5,1.9202868898050167,2.977325239640168e-07
p53,TEAD3,2.5454034655467215,2.9866873943478227e-07
p53,HIST2H2AC,-11.96456581528958,3.0035945313738715e-07
p53,FAF1,-2.1455325522751196,3.031225256810155e-07
p53,FLG,3.4245606454705735,3.044231336432452e-07
p53,CEACAM1,4.040519195222473,3.1142482968510774e-07
p53,QSER1,-2.237465544247665,3.2321943049796977e-07
p53,FAM19A2,3.981884939015813,3.379185366531723e-07
p53,PARD3,-2.297332693249343,3.431247786787794e-07
p53,WDHD1,-5.254276676307423,3.5902316065119615e-07
p53,INTS7,-2.4020144652227633,3.600781984929546e-07
p53,FIGN,-3.823116488637886,3.70012546019426e-07
p53,CDCA3,-5.758464975150459,3.916770692507033e-07
p53,NCAPH,-6.090957069345281,4.0016731233836447e-07
p53,FAM43B,2.036734252951806,4.0165858673469183e-07
p53,RAD21,-3.1098151944650376,4.0274918832226543e-07
p53,CCNA2,-6.379628125057194,4.0349360477169103e-07
p53,NAPEPLD,-3.424659133925474,4.049299126058974e-07
p53,ALS2CL,2.2389786825636215,4.293845236271513e-07
p53,LCAT,1.8887065553981017,4.422625556491245e-07
p53,MIS18A,-4.040593056400329,4.448554903944991e-07
p53,ICE2,-2.3658405289398377,4.5138355292612653e-07
p53,CCNG1,4.337925970736875,4.5954799714941634e-07
p53,HIST1H2BF,-13.822996308627864,4.603491968832925e-07
p53,LPIN3,2.108957195872994,4.6798670932837993e-07
p53,CDC25B,-4.016464208951874,4.7239387279783905e-07
p53,CFAP74,1.1087008630593127,4.782696799260151e-07
p53,CDC27,-2.4757870620513738,4.844002794015076e-07
p53,SLC35E3,1.4426267385322384,4.933011552965339e-07
p53,TEP1,2.4032419637376963,4.960281523571195e-07
p53,CLN8,2.18808163099183,5.048179987687991e-07
p53,GRK6,-2.1218607626275316,5.142564534192876e-07
p53,NTPCR,3.2842436233352554,5.214105244215015e-07
p53,KIF11,-6.347346158619931,5.362455967539311e-07
p53,CENPJ,-2.954471698388547,5.417550415402837e-07
p53,SLC25A40,-2.8235579539364233,5.468833424317362e-07
p53,RFNG,2.4741131162332004,5.501085920674925e-07
p53,ARL6IP6,-3.0268640566143428,5.623069400193547e-07
p53,MELK,-6.387693230825931,5.660176548522904e-07
p53,KIF4A,-5.596394451140607,5.829897581502378e-07
p53,NCAPD2,-4.546446961633533,5.885519229511814e-07
p53,TGM4,1.0449783618742743,5.893325493805643e-07
p53,GSTCD,-1.8874743445074549,5.948351769957559e-07
p53,MRPL49,2.8598544087633053,5.960762168130946e-07
p53,ARHGAP11B,-11.555486634279232,5.974839038731371e-07
p53,GALR2,2.6284541961116052,6.115641091381238e-07
p53,GM2A,2.9621174069927165,6.260914282245106e-07
p53,AEN,4.788508066501354,6.282212827144945e-07
p53,NEXN-AS1,2.3068518449364253,6.376141553579162e-07
p53,CYP3A43,1.486909350968629,6.432748192098037e-07
p53,CHEK2,-3.572398603103373,6.793378900924268e-07
p53,SSX2IP,-2.8881520433644265,6.823055717290201e-07
p53,NFIB,-2.7953461054069253,7.066391221727587e-07
p53,FAM198B,6.170584265301926,7.084879610424384e-07
p53,LVCAT1,-2.6203944626539237,7.087926392208185e-07
p53,DKFZP434L187,1.32922745853689,7.154377038545586e-07
p53,IFT20,3.306777639880034,7.164865081395647e-07
p53,AADAC,2.2268819711682815,7.314363598600915e-07
p53,GEMIN2,-3.2623101824782905,7.336421933546399e-07
p53,SAE1,-2.551809363862664,7.429445863017329e-07
p53,DUOX1,1.665845898357104,7.657728442540575e-07
p53,CHAF1A,-3.512376497476225,7.67413795150339e-07
p53,ABCG4,1.2205241202394856,7.750779259398118e-07
p53,CCNB1,-6.462095651738946,7.751569180722451e-07
p53,ND4,-83.90893104769447,7.868995487506664e-07
p53,GTF2IRD1,-3.1993127061035853,7.917628118556665e-07
p53,NEIL3,-5.2573432472505015,8.168521172625336e-07
p53,HIST1H4C,-14.068201354866481,8.198352218362233e-07
p53,DCLRE1A,-2.7963396487633956,8.242610916495694e-07
p53,CASP10,1.6827006173169372,8.260268647897501e-07
p53,CEP85,-2.2527481213704856,8.261131530945975e-07
p53,SGO2,-5.9134886972188765,8.301197710604962e-07
p53,KIF14,-6.273002294012699,8.308023604011524e-07
p53,SERTAD1,5.9255143599940245,8.420735063214777e-07
p53,LRBA,-2.6978492133340546,8.569590807835254e-07
p53,PIP4K2A,-2.2862185470833185,8.618075889356831e-07
p53,FUCA1,3.0211235665264784,8.734402996184492e-07
p53,DCAF1,-1.7897953865696805,8.910535715669032e-07
p53,PATZ1,-1.635844345812739,9.093652555408593e-07
p53,SMTNL2,1.6943094820081288,9.313070440052398e-07
p53,RNGTT,-1.9188677961129224,9.370806401266908e-07
p53,CBX3,-2.449215269740947,9.528677144390372e-07
p53,SEMA3G,2.9861963762845427,9.534404410118742e-07
p53,PPP6R3,-1.6249301279364732,9.63936963102878e-07
p53,TRRAP,-2.121414366572741,9.697005367947846e-07
p53,LOC654841,2.4156524537480975,9.791951537618818e-07
p53,FANCM,-2.935316337853548,9.984357942148087e-07
p53,CD163L1,2.7195017408085653,1.0559727400867014e-06
p53,HNRNPA0,-2.526766527166078,1.0620488334934274e-06
p53,LOC101927253,2.9863644150159803,1.06493359204778e-06
p53,FANCF,-2.924118176231789,1.1049884791055295e-06
p53,MNS1,-4.276867115903964,1.1172510423637593e-06
p53,WRAP73,1.9144829336028748,1.123946360223375e-06
p53,MYOM1,1.4016796553891375,1.12471356013169e-06
p53,EXTL3-AS1,1.963449385689974,1.1322427477353958e-06
